election,election_date,locality,precinct,Early Voting,Election Day,Mailed Absentee,Provisional,Post-Election,TotalVoteTurnout,ActiveRegisteredVoters,InactiveRegisteredVoters,TotalRegisteredVoters
2025 November General,11/4/2025 0:00,ACCOMACK COUNTY,101 - CHINCOTEAGUE,275,1241,133,14,11,1674,2963,119,3082
2025 November General,11/4/2025 0:00,ACCOMACK COUNTY,201 - ATLANTIC,149,428,27,3,1,608,1004,41,1045
2025 November General,11/4/2025 0:00,ACCOMACK COUNTY,202 - GREENBACKVILLE,193,792,76,3,1,1065,1957,115,2072
2025 November General,11/4/2025 0:00,ACCOMACK COUNTY,301 - NEW CHURCH,338,632,141,9,5,1125,2764,129,2893
2025 November General,11/4/2025 0:00,ACCOMACK COUNTY,401 - BLOXOM,100,380,23,4,1,508,1140,46,1186
2025 November General,11/4/2025 0:00,ACCOMACK COUNTY,402 - PARKSLEY,165,420,28,1,2,616,1135,35,1170
2025 November General,11/4/2025 0:00,ACCOMACK COUNTY,403 - SAXIS,19,139,4,,4,166,336,15,351
2025 November General,11/4/2025 0:00,ACCOMACK COUNTY,501 - MAPPSVILLE,203,274,26,4,2,509,1193,48,1241
2025 November General,11/4/2025 0:00,ACCOMACK COUNTY,502 - RUE,232,174,51,3,,460,1068,45,1113
2025 November General,11/4/2025 0:00,ACCOMACK COUNTY,601 - ACCOMAC,513,554,63,7,2,1139,2211,72,2283
2025 November General,11/4/2025 0:00,ACCOMACK COUNTY,602 - TANGIER,,134,4,,2,140,302,7,309
2025 November General,11/4/2025 0:00,ACCOMACK COUNTY,701 - NANDUA,946,709,127,4,4,1790,2940,122,3062
2025 November General,11/4/2025 0:00,ACCOMACK COUNTY,801 - BOBTOWN,223,324,34,,2,583,973,32,1005
2025 November General,11/4/2025 0:00,ACCOMACK COUNTY,802 - MELFA,281,359,28,7,3,678,1344,49,1393
2025 November General,11/4/2025 0:00,ACCOMACK COUNTY,803 - WACHAPREAGUE,159,308,13,3,,483,790,18,808
2025 November General,11/4/2025 0:00,ACCOMACK COUNTY,901 - PAINTER,652,839,107,7,1,1606,2899,79,2978
2025 November General,11/4/2025 0:00,ALBEMARLE COUNTY,101 - WOODBROOK,625,1161,177,35,14,2012,3028,151,3179
2025 November General,11/4/2025 0:00,ALBEMARLE COUNTY,103 - BRANCHLANDS,190,351,124,10,12,687,1282,82,1364
2025 November General,11/4/2025 0:00,ALBEMARLE COUNTY,104 - AGNOR-HURT,340,924,159,31,5,1459,2548,172,2720
2025 November General,11/4/2025 0:00,ALBEMARLE COUNTY,105 - DUNLORA,924,1352,311,36,11,2634,3725,182,3907
2025 November General,11/4/2025 0:00,ALBEMARLE COUNTY,106 - NORTHSIDE,527,1199,187,18,11,1942,3015,138,3153
2025 November General,11/4/2025 0:00,ALBEMARLE COUNTY,201 - JACK JOUETT,956,1110,381,18,12,2477,3644,151,3795
2025 November General,11/4/2025 0:00,ALBEMARLE COUNTY,202 - UNIVERSITY,168,1118,66,568,4,1924,4358,315,4673
2025 November General,11/4/2025 0:00,ALBEMARLE COUNTY,203 - GEORGETOWN,430,1068,191,50,19,1758,3412,333,3745
2025 November General,11/4/2025 0:00,ALBEMARLE COUNTY,301 - IVY,946,1604,324,31,10,2915,4054,113,4167
2025 November General,11/4/2025 0:00,ALBEMARLE COUNTY,302 - RED HILL,726,1165,236,18,12,2157,3260,83,3343
2025 November General,11/4/2025 0:00,ALBEMARLE COUNTY,304 - EAST IVY,354,329,96,7,3,789,1079,31,1110
2025 November General,11/4/2025 0:00,ALBEMARLE COUNTY,305 - COUNTRY GREEN,1070,889,163,27,6,2155,3084,125,3209
2025 November General,11/4/2025 0:00,ALBEMARLE COUNTY,306 - PORTERS,257,705,69,10,3,1044,1704,47,1751
2025 November General,11/4/2025 0:00,ALBEMARLE COUNTY,307 - YELLOW MOUNTAIN,278,508,98,7,2,893,1306,40,1346
2025 November General,11/4/2025 0:00,ALBEMARLE COUNTY,401 - SCOTTSVILLE,302,806,106,18,4,1236,1890,51,1941
2025 November General,11/4/2025 0:00,ALBEMARLE COUNTY,402 - MONTICELLO,354,557,84,7,4,1006,1636,57,1693
2025 November General,11/4/2025 0:00,ALBEMARLE COUNTY,405 - MOUNTAIN VIEW,1174,1401,337,46,7,2965,4364,265,4629
2025 November General,11/4/2025 0:00,ALBEMARLE COUNTY,406 - STONE ROBINSON,1107,1123,257,14,8,2509,3528,100,3628
2025 November General,11/4/2025 0:00,ALBEMARLE COUNTY,407 - BISCUIT RUN,502,568,107,37,8,1222,2445,261,2706
2025 November General,11/4/2025 0:00,ALBEMARLE COUNTY,501 - KESWICK,284,646,78,10,8,1026,1565,60,1625
2025 November General,11/4/2025 0:00,ALBEMARLE COUNTY,502 - STONY POINT,322,726,114,11,10,1183,1665,35,1700
2025 November General,11/4/2025 0:00,ALBEMARLE COUNTY,503 - HOLLYMEAD,492,1409,227,36,18,2182,3220,154,3374
2025 November General,11/4/2025 0:00,ALBEMARLE COUNTY,504 - FREE BRIDGE,521,715,295,20,11,1562,2324,169,2493
2025 November General,11/4/2025 0:00,ALBEMARLE COUNTY,506 - BAKER-BUTLER,924,1962,367,43,20,3316,5173,192,5365
2025 November General,11/4/2025 0:00,ALBEMARLE COUNTY,507 - PANTOPS,626,742,182,18,13,1581,2161,66,2227
2025 November General,11/4/2025 0:00,ALBEMARLE COUNTY,601 - CROZET,822,1530,312,12,13,2689,3918,104,4022
2025 November General,11/4/2025 0:00,ALBEMARLE COUNTY,602 - FREE UNION,256,669,81,5,5,1016,1515,38,1553
2025 November General,11/4/2025 0:00,ALBEMARLE COUNTY,603 - EARLYSVILLE,579,1550,271,13,17,2430,3400,84,3484
2025 November General,11/4/2025 0:00,ALBEMARLE COUNTY,604 - BROWNSVILLE,800,1219,286,30,17,2352,3397,132,3529
2025 November General,11/4/2025 0:00,ALBEMARLE COUNTY,606 - MECHUMS RIVER,959,1594,325,20,18,2916,3962,131,4093
2025 November General,11/4/2025 0:00,ALEXANDRIA CITY,101 - OLD TOWN NORTH,1329,690,318,33,22,2392,3538,407,3945
2025 November General,11/4/2025 0:00,ALEXANDRIA CITY,102 - CITY HALL,1199,684,184,18,20,2105,2996,196,3192
2025 November General,11/4/2025 0:00,ALEXANDRIA CITY,103 - LYLES CROUCH SCHOOL,1042,1060,261,43,23,2429,3593,473,4066
2025 November General,11/4/2025 0:00,ALEXANDRIA CITY,104 - DURANT CENTER,901,906,245,52,13,2117,3061,350,3411
2025 November General,11/4/2025 0:00,ALEXANDRIA CITY,105 - LEE CENTER,765,757,276,24,21,1843,2699,454,3153
2025 November General,11/4/2025 0:00,ALEXANDRIA CITY,106 - CORA KELLY,595,1543,256,72,39,2505,4305,589,4894
2025 November General,11/4/2025 0:00,ALEXANDRIA CITY,107 - MT VERNON RECREATION CENTER,1011,1825,362,51,39,3288,4550,423,4973
2025 November General,11/4/2025 0:00,ALEXANDRIA CITY,108 - GEORGE WASHINGTON MIDDLE SCH,1011,1651,383,39,37,3121,4136,457,4593
2025 November General,11/4/2025 0:00,ALEXANDRIA CITY,109 - FIRE DEPARTMENT HEADQUARTERS,675,889,234,33,18,1849,2585,252,2837
2025 November General,11/4/2025 0:00,ALEXANDRIA CITY,110 - CHARLES HOUSTON CENTER,961,1374,272,66,39,2712,4314,740,5054
2025 November General,11/4/2025 0:00,ALEXANDRIA CITY,111 - POTOMAC YARD,355,696,135,29,20,1235,1943,356,2299
2025 November General,11/4/2025 0:00,ALEXANDRIA CITY,201 - NAOMI L. BROOKS SCHOOL,736,1060,183,16,20,2015,2589,119,2708
2025 November General,11/4/2025 0:00,ALEXANDRIA CITY,202 - TRINITY,706,1181,234,21,22,2164,2888,127,3015
2025 November General,11/4/2025 0:00,ALEXANDRIA CITY,203 - CHARLES BARRETT CENTER,575,1103,223,22,22,1945,2751,211,2962
2025 November General,11/4/2025 0:00,ALEXANDRIA CITY,204 - BLESSED SACRAMENT CHURCH,681,1241,247,24,29,2222,3000,166,3166
2025 November General,11/4/2025 0:00,ALEXANDRIA CITY,205 - DOUGLAS MACARTHUR SCHOOL,973,1158,319,49,26,2525,3859,460,4319
2025 November General,11/4/2025 0:00,ALEXANDRIA CITY,206 - ALEXANDRIA CITY HIGH SCHOOL,722,967,247,29,17,1982,3163,465,3628
2025 November General,11/4/2025 0:00,ALEXANDRIA CITY,207 - BETH EL HEBREW CONGREGATION,889,1254,334,30,29,2536,4025,244,4269
2025 November General,11/4/2025 0:00,ALEXANDRIA CITY,208 - NOVA ARTS CENTER,436,848,220,45,30,1579,2905,563,3468
2025 November General,11/4/2025 0:00,ALEXANDRIA CITY,209 - JAMES K POLK SCHOOL,664,1232,274,57,21,2248,3956,535,4491
2025 November General,11/4/2025 0:00,ALEXANDRIA CITY,210 - F.T. DAY SCHOOL,391,575,178,19,23,1186,2200,523,2723
2025 November General,11/4/2025 0:00,ALEXANDRIA CITY,211 - ALEX RENEW,786,988,288,56,33,2151,3522,671,4193
2025 November General,11/4/2025 0:00,ALEXANDRIA CITY,212 - THE VIEW ALEXANDRIA,254,478,314,24,21,1091,1784,261,2045
2025 November General,11/4/2025 0:00,ALEXANDRIA CITY,302 - PATRICK HENRY REC CENTER,465,884,180,46,17,1592,3195,534,3729
2025 November General,11/4/2025 0:00,ALEXANDRIA CITY,303 - CHARLES E BEATLEY LIBRARY,562,718,213,47,27,1567,3036,540,3576
2025 November General,11/4/2025 0:00,ALEXANDRIA CITY,304 - TUCKER SCHOOL,559,862,206,56,19,1702,3485,862,4347
2025 November General,11/4/2025 0:00,ALEXANDRIA CITY,305 - JOHN ADAMS SCHOOL,248,780,144,51,14,1237,2937,564,3501
2025 November General,11/4/2025 0:00,ALEXANDRIA CITY,306 - WILLIAM RAMSAY SCHOOL,373,734,227,30,13,1377,2769,260,3029
2025 November General,11/4/2025 0:00,ALEXANDRIA CITY,307 - TUCKER WEST,661,762,315,36,36,1810,3320,462,3782
2025 November General,11/4/2025 0:00,ALEXANDRIA CITY,308 - CAMERON STATION COMMUNITY CTR,940,1260,327,44,28,2599,3596,457,4053
2025 November General,11/4/2025 0:00,ALEXANDRIA CITY,309 - OLYMPUS CONDO,272,680,123,38,11,1124,2432,426,2858
2025 November General,11/4/2025 0:00,ALEXANDRIA CITY,310 - DEL PEPPER CENTER,199,578,104,23,20,924,2444,749,3193
2025 November General,11/4/2025 0:00,ALLEGHANY COUNTY,101 - ARRITT,128,404,33,3,,568,1155,26,1181
2025 November General,11/4/2025 0:00,ALLEGHANY COUNTY,103 - DAMERON,29,185,6,,,220,416,9,425
2025 November General,11/4/2025 0:00,ALLEGHANY COUNTY,201 - HUMPBACK BRIDGE,86,260,14,2,,362,623,20,643
2025 November General,11/4/2025 0:00,ALLEGHANY COUNTY,202 - DOLLY ANN,124,351,27,5,,507,924,20,944
2025 November General,11/4/2025 0:00,ALLEGHANY COUNTY,301 - CALLAGHAN,68,315,11,,,394,699,22,721
2025 November General,11/4/2025 0:00,ALLEGHANY COUNTY,302 - GRIFFITH,111,354,14,1,,480,808,27,835
2025 November General,11/4/2025 0:00,ALLEGHANY COUNTY,401 - LOW MOOR,89,308,24,3,,424,740,18,758
2025 November General,11/4/2025 0:00,ALLEGHANY COUNTY,402 - JACKSON HEIGHTS,112,404,33,2,,551,1022,27,1049
2025 November General,11/4/2025 0:00,ALLEGHANY COUNTY,501 - IRON GATE,22,174,3,,,199,386,7,393
2025 November General,11/4/2025 0:00,ALLEGHANY COUNTY,502 - PETERS SWITCH,95,581,13,8,,697,1247,22,1269
2025 November General,11/4/2025 0:00,ALLEGHANY COUNTY,601 - DISTRICT 1,136,533,59,4,,732,1350,58,1408
2025 November General,11/4/2025 0:00,ALLEGHANY COUNTY,701 - DISTRICT 2,142,479,68,3,,692,1547,65,1612
2025 November General,11/4/2025 0:00,AMELIA COUNTY,101 - NUMBER ONE,380,647,52,6,2,1087,1852,44,1896
2025 November General,11/4/2025 0:00,AMELIA COUNTY,201 - NUMBER TWO,561,713,48,9,2,1333,2032,39,2071
2025 November General,11/4/2025 0:00,AMELIA COUNTY,301 - NUMBER THREE,523,715,41,9,3,1291,2112,40,2152
2025 November General,11/4/2025 0:00,AMELIA COUNTY,401 - NUMBER FOUR,645,610,85,9,2,1351,2240,51,2291
2025 November General,11/4/2025 0:00,AMELIA COUNTY,501 - NUMBER FIVE,428,845,44,6,1,1324,2124,42,2166
2025 November General,11/4/2025 0:00,AMHERST COUNTY,101 - WRIGHT SHOP,194,553,88,4,4,843,1604,41,1645
2025 November General,11/4/2025 0:00,AMHERST COUNTY,102 - NEW GLASGOW,405,730,73,6,1,1215,2095,49,2144
2025 November General,11/4/2025 0:00,AMHERST COUNTY,103 - COOLWELL,107,382,24,3,2,518,977,19,996
2025 November General,11/4/2025 0:00,AMHERST COUNTY,201 - COURT HOUSE,720,1071,133,16,4,1944,3217,88,3305
2025 November General,11/4/2025 0:00,AMHERST COUNTY,202 - TEMPERANCE,199,530,48,1,1,779,1222,17,1239
2025 November General,11/4/2025 0:00,AMHERST COUNTY,301 - MONROE,187,501,46,4,1,739,1247,30,1277
2025 November General,11/4/2025 0:00,AMHERST COUNTY,302 - ELON,523,1343,109,9,6,1990,3024,65,3089
2025 November General,11/4/2025 0:00,AMHERST COUNTY,303 - PLEASANT VIEW,121,341,34,,1,497,785,14,799
2025 November General,11/4/2025 0:00,AMHERST COUNTY,401 - AMELON,516,1219,124,7,9,1875,3404,89,3493
2025 November General,11/4/2025 0:00,AMHERST COUNTY,402 - LONCO,142,394,44,5,1,586,1251,42,1293
2025 November General,11/4/2025 0:00,AMHERST COUNTY,501 - MADISON,560,1457,165,7,6,2195,4392,143,4535
2025 November General,11/4/2025 0:00,APPOMATTOX COUNTY,101 - VERA,194,343,15,4,1,557,842,29,871
2025 November General,11/4/2025 0:00,APPOMATTOX COUNTY,102 - PAMPLIN,297,621,41,5,1,965,1650,61,1711
2025 November General,11/4/2025 0:00,APPOMATTOX COUNTY,201 - CHAP,77,218,14,2,1,312,601,21,622
2025 November General,11/4/2025 0:00,APPOMATTOX COUNTY,202 - SPOUT SPRING,473,677,37,5,1,1193,1932,54,1986
2025 November General,11/4/2025 0:00,APPOMATTOX COUNTY,301 - US  460,249,486,26,5,,766,1209,30,1239
2025 November General,11/4/2025 0:00,APPOMATTOX COUNTY,302 - STONEWALL,293,567,34,4,1,899,1458,44,1502
2025 November General,11/4/2025 0:00,APPOMATTOX COUNTY,401 - COURTHOUSE,519,696,45,6,2,1268,2284,84,2368
2025 November General,11/4/2025 0:00,APPOMATTOX COUNTY,501 - OAKVILLE,538,849,54,3,,1444,2550,68,2618
2025 November General,11/4/2025 0:00,ARLINGTON COUNTY,101 - PRECINCT 101,322,932,85,28,25,1392,2848,198,3046
2025 November General,11/4/2025 0:00,ARLINGTON COUNTY,102 - PRECINCT 102,764,1076,182,39,51,2112,3411,243,3654
2025 November General,11/4/2025 0:00,ARLINGTON COUNTY,103 - PRECINCT 103,382,762,129,24,37,1334,1964,99,2063
2025 November General,11/4/2025 0:00,ARLINGTON COUNTY,104 - PRECINCT 104,704,1235,258,53,66,2316,3792,318,4110
2025 November General,11/4/2025 0:00,ARLINGTON COUNTY,105 - PRECINCT 105,510,1129,180,28,63,1910,2883,238,3121
2025 November General,11/4/2025 0:00,ARLINGTON COUNTY,106 - PRECINCT 106,438,995,184,39,48,1704,3064,398,3462
2025 November General,11/4/2025 0:00,ARLINGTON COUNTY,107 - PRECINCT 107,779,999,263,34,64,2139,3114,252,3366
2025 November General,11/4/2025 0:00,ARLINGTON COUNTY,108 - PRECINCT 108,507,1303,252,64,63,2189,4100,432,4532
2025 November General,11/4/2025 0:00,ARLINGTON COUNTY,109 - PRECINCT 109,885,1138,201,37,62,2323,4121,343,4464
2025 November General,11/4/2025 0:00,ARLINGTON COUNTY,110 - PRECINCT 110,1092,1064,269,53,76,2554,4794,544,5338
2025 November General,11/4/2025 0:00,ARLINGTON COUNTY,111 - PRECINCT 111,468,880,157,20,49,1574,2216,92,2308
2025 November General,11/4/2025 0:00,ARLINGTON COUNTY,112 - PRECINCT 112,442,1265,182,32,53,1974,2693,128,2821
2025 November General,11/4/2025 0:00,ARLINGTON COUNTY,113 - PRECINCT 113,288,850,128,26,54,1346,2218,120,2338
2025 November General,11/4/2025 0:00,ARLINGTON COUNTY,114 - PRECINCT 114,508,811,201,36,38,1594,2606,189,2795
2025 November General,11/4/2025 0:00,ARLINGTON COUNTY,115 - PRECINCT 115,310,646,92,23,37,1108,1770,209,1979
2025 November General,11/4/2025 0:00,ARLINGTON COUNTY,116 - PRECINCT 116,874,1132,217,49,85,2357,3914,299,4213
2025 November General,11/4/2025 0:00,ARLINGTON COUNTY,117 - PRECINCT 117,773,1159,320,26,93,2371,3285,184,3469
2025 November General,11/4/2025 0:00,ARLINGTON COUNTY,118 - PRECINCT 118,1626,1358,239,97,101,3421,6177,777,6954
2025 November General,11/4/2025 0:00,ARLINGTON COUNTY,119 - PRECINCT 119,1008,1257,278,76,68,2687,5288,560,5848
2025 November General,11/4/2025 0:00,ARLINGTON COUNTY,120 - PRECINCT 120,945,838,281,24,59,2147,3065,103,3168
2025 November General,11/4/2025 0:00,ARLINGTON COUNTY,121 - PRECINCT 121,254,626,103,23,36,1042,1776,107,1883
2025 November General,11/4/2025 0:00,ARLINGTON COUNTY,122 - PRECINCT 122,541,1267,179,26,69,2082,2952,188,3140
2025 November General,11/4/2025 0:00,ARLINGTON COUNTY,123 - PRECINCT 123,498,1215,225,24,59,2021,2972,140,3112
2025 November General,11/4/2025 0:00,ARLINGTON COUNTY,124 - PRECINCT 124,878,1400,302,42,69,2691,4134,238,4372
2025 November General,11/4/2025 0:00,ARLINGTON COUNTY,125 - PRECINCT 125,555,1047,233,27,51,1913,2942,206,3148
2025 November General,11/4/2025 0:00,ARLINGTON COUNTY,126 - PRECINCT 126,635,1053,182,36,49,1955,3658,316,3974
2025 November General,11/4/2025 0:00,ARLINGTON COUNTY,127 - PRECINCT 127,649,1214,198,34,57,2152,3440,216,3656
2025 November General,11/4/2025 0:00,ARLINGTON COUNTY,128 - PRECINCT 128,597,1264,227,42,79,2209,3968,247,4215
2025 November General,11/4/2025 0:00,ARLINGTON COUNTY,129 - PRECINCT 129,669,1149,278,16,81,2193,2963,89,3052
2025 November General,11/4/2025 0:00,ARLINGTON COUNTY,130 - PRECINCT 130,494,1004,180,36,44,1758,3331,209,3540
2025 November General,11/4/2025 0:00,ARLINGTON COUNTY,131 - PRECINCT 131,766,1078,244,16,59,2163,3018,117,3135
2025 November General,11/4/2025 0:00,ARLINGTON COUNTY,132 - PRECINCT 132,231,426,88,11,28,784,1396,99,1495
2025 November General,11/4/2025 0:00,ARLINGTON COUNTY,133 - PRECINCT 133,888,1004,259,17,63,2231,3124,109,3233
2025 November General,11/4/2025 0:00,ARLINGTON COUNTY,134 - PRECINCT 134,670,988,204,14,51,1927,2724,94,2818
2025 November General,11/4/2025 0:00,ARLINGTON COUNTY,135 - PRECINCT 135,1060,952,251,19,60,2342,3342,97,3439
2025 November General,11/4/2025 0:00,ARLINGTON COUNTY,136 - PRECINCT 136,791,1061,247,29,77,2205,3391,198,3589
2025 November General,11/4/2025 0:00,ARLINGTON COUNTY,137 - PRECINCT 137,615,1088,230,14,53,2000,2769,79,2848
2025 November General,11/4/2025 0:00,ARLINGTON COUNTY,138 - PRECINCT 138,409,832,126,35,50,1452,3091,386,3477
2025 November General,11/4/2025 0:00,ARLINGTON COUNTY,139 - PRECINCT 139,342,698,128,18,35,1221,1800,54,1854
2025 November General,11/4/2025 0:00,ARLINGTON COUNTY,140 - PRECINCT 140,915,1338,282,65,72,2672,4639,419,5058
2025 November General,11/4/2025 0:00,ARLINGTON COUNTY,141 - PRECINCT 141,1073,825,145,40,51,2134,3843,409,4252
2025 November General,11/4/2025 0:00,ARLINGTON COUNTY,142 - PRECINCT 142,438,819,160,27,41,1485,2729,284,3013
2025 November General,11/4/2025 0:00,ARLINGTON COUNTY,143 - PRECINCT 143,224,845,92,45,28,1234,2847,158,3005
2025 November General,11/4/2025 0:00,ARLINGTON COUNTY,144 - PRECINCT 144,462,679,118,40,35,1334,2461,358,2819
2025 November General,11/4/2025 0:00,ARLINGTON COUNTY,145 - PRECINCT 145,449,811,190,40,49,1539,2876,267,3143
2025 November General,11/4/2025 0:00,ARLINGTON COUNTY,146 - PRECINCT 146,667,1264,245,85,71,2332,4336,496,4832
2025 November General,11/4/2025 0:00,ARLINGTON COUNTY,147 - PRECINCT 147,373,830,126,15,46,1390,2502,151,2653
2025 November General,11/4/2025 0:00,ARLINGTON COUNTY,148 - PRECINCT 148,731,660,119,40,52,1602,2770,254,3024
2025 November General,11/4/2025 0:00,ARLINGTON COUNTY,149 - PRECINCT 149,397,817,141,36,40,1431,2644,278,2922
2025 November General,11/4/2025 0:00,ARLINGTON COUNTY,150 - PRECINCT 150,425,1095,182,71,47,1820,3862,491,4353
2025 November General,11/4/2025 0:00,ARLINGTON COUNTY,151 - PRECINCT 151,76,393,59,11,10,549,823,43,866
2025 November General,11/4/2025 0:00,ARLINGTON COUNTY,152 - PRECINCT 152,277,792,95,41,38,1243,2691,270,2961
2025 November General,11/4/2025 0:00,ARLINGTON COUNTY,153 - PRECINCT 153,268,1251,155,65,42,1781,3530,498,4028
2025 November General,11/4/2025 0:00,ARLINGTON COUNTY,154 - PRECINCT 154,277,504,53,37,27,898,1646,224,1870
2025 November General,11/4/2025 0:00,AUGUSTA COUNTY,101 - JOLIVUE,386,539,63,3,,991,1571,55,1626
2025 November General,11/4/2025 0:00,AUGUSTA COUNTY,102 - STUARTS DRAFT ELEMENTARY,133,322,33,2,2,492,1028,70,1098
2025 November General,11/4/2025 0:00,AUGUSTA COUNTY,103 - VERONA,581,615,59,4,,1259,2195,51,2246
2025 November General,11/4/2025 0:00,AUGUSTA COUNTY,104 - WILSON,474,703,84,18,3,1282,2554,148,2702
2025 November General,11/4/2025 0:00,AUGUSTA COUNTY,201 - CRIMORA,617,1137,93,8,5,1860,3634,94,3728
2025 November General,11/4/2025 0:00,AUGUSTA COUNTY,202 - NEW HOPE,303,695,39,2,2,1041,1524,26,1550
2025 November General,11/4/2025 0:00,AUGUSTA COUNTY,203 - WEYERS CAVE,506,1162,60,10,4,1742,2752,83,2835
2025 November General,11/4/2025 0:00,AUGUSTA COUNTY,301 - FORT DEFIANCE,558,694,78,4,1,1335,2026,37,2063
2025 November General,11/4/2025 0:00,AUGUSTA COUNTY,302 - NORTH RIVER,335,676,44,7,1,1063,1629,24,1653
2025 November General,11/4/2025 0:00,AUGUSTA COUNTY,303 - MOUNT SOLON,138,762,31,5,1,937,1493,29,1522
2025 November General,11/4/2025 0:00,AUGUSTA COUNTY,304 - ROLLA,894,695,87,6,3,1685,2802,79,2881
2025 November General,11/4/2025 0:00,AUGUSTA COUNTY,401 - BUFFALO GAP,372,700,45,2,,1119,1721,36,1757
2025 November General,11/4/2025 0:00,AUGUSTA COUNTY,402 - CHURCHVILLE ELEMENTARY,437,929,57,9,2,1434,2158,45,2203
2025 November General,11/4/2025 0:00,AUGUSTA COUNTY,403 - CRAIGSVILLE,104,563,10,3,2,682,1277,54,1331
2025 November General,11/4/2025 0:00,AUGUSTA COUNTY,404 - DEERFIELD,51,267,4,1,2,325,502,8,510
2025 November General,11/4/2025 0:00,AUGUSTA COUNTY,405 - CEDAR GREEN,568,718,74,3,5,1368,2122,46,2168
2025 November General,11/4/2025 0:00,AUGUSTA COUNTY,501 - GREENVILLE,407,1037,95,1,5,1545,2420,49,2469
2025 November General,11/4/2025 0:00,AUGUSTA COUNTY,502 - MIDDLEBROOK,118,470,31,1,2,622,939,21,960
2025 November General,11/4/2025 0:00,AUGUSTA COUNTY,503 - SPOTTSWOOD,174,636,38,6,2,856,1325,28,1353
2025 November General,11/4/2025 0:00,AUGUSTA COUNTY,504 - WHITE HILL,670,1188,111,11,9,1989,3502,104,3606
2025 November General,11/4/2025 0:00,AUGUSTA COUNTY,601 - SHERANDO,226,863,59,7,2,1157,1936,45,1981
2025 November General,11/4/2025 0:00,AUGUSTA COUNTY,602 - RIDGEVIEW,448,1111,98,11,5,1673,2841,61,2902
2025 November General,11/4/2025 0:00,AUGUSTA COUNTY,603 - LYNDHURST,229,672,56,9,7,973,1490,44,1534
2025 November General,11/4/2025 0:00,AUGUSTA COUNTY,604 - MOUNT VERNON,443,815,103,4,2,1367,2228,57,2285
2025 November General,11/4/2025 0:00,AUGUSTA COUNTY,801 - DOOMS,372,796,72,8,3,1251,2076,38,2114
2025 November General,11/4/2025 0:00,AUGUSTA COUNTY,802 - FISHERSVILLE,965,1244,204,11,12,2436,3810,128,3938
2025 November General,11/4/2025 0:00,AUGUSTA COUNTY,803 - LADD,253,441,32,7,2,735,1174,22,1196
2025 November General,11/4/2025 0:00,AUGUSTA COUNTY,804 - GOOSE CREEK,329,653,64,5,2,1053,1635,31,1666
2025 November General,11/4/2025 0:00,BATH COUNTY,101 - WARM SPRINGS,125,192,16,1,,334,550,34,584
2025 November General,11/4/2025 0:00,BATH COUNTY,102 - MOUNTAIN GROVE,12,42,,1,,55,101,0,101
2025 November General,11/4/2025 0:00,BATH COUNTY,201 - HOT SPRINGS,107,205,14,5,,331,626,15,641
2025 November General,11/4/2025 0:00,BATH COUNTY,301 - FAIRVIEW,62,242,18,1,,323,537,6,543
2025 November General,11/4/2025 0:00,BATH COUNTY,302 - BURNSVILLE,11,54,2,,,67,125,4,129
2025 November General,11/4/2025 0:00,BATH COUNTY,401 - MILLBORO,53,350,20,,2,425,702,12,714
2025 November General,11/4/2025 0:00,BATH COUNTY,501 - HEALING SPRINGS,71,296,20,2,1,390,671,25,696
2025 November General,11/4/2025 0:00,BEDFORD COUNTY,101 - GOODVIEW ELEM SCHOOL,391,1068,107,7,3,1576,2839,70,2909
2025 November General,11/4/2025 0:00,BEDFORD COUNTY,102 - HARDY VOL FIRE CO,71,579,30,5,3,688,1172,21,1193
2025 November General,11/4/2025 0:00,BEDFORD COUNTY,103 - CHAMBLISSBURG BAPTIST CHURCH,280,789,51,7,3,1130,1984,41,2025
2025 November General,11/4/2025 0:00,BEDFORD COUNTY,104 - BARNHARDT BAPTIST CHURCH,169,653,47,4,4,877,1621,32,1653
2025 November General,11/4/2025 0:00,BEDFORD COUNTY,105 - DIAMOND HILL BAPTIST CHURCH,207,561,49,6,3,826,1376,35,1411
2025 November General,11/4/2025 0:00,BEDFORD COUNTY,201 - BEDFORD CHRISTIAN CHURCH,212,301,23,1,2,539,1008,37,1045
2025 November General,11/4/2025 0:00,BEDFORD COUNTY,202 - STAUNTON RIVER HIGH SCHOOL,291,648,42,4,8,993,1793,30,1823
2025 November General,11/4/2025 0:00,BEDFORD COUNTY,203 - EASTLAKE COMMUNITY CHURCH,605,903,135,14,10,1667,2775,80,2855
2025 November General,11/4/2025 0:00,BEDFORD COUNTY,204 - HUDDLESTON ELEMENTARY SCHOOL,322,611,29,,3,965,1680,38,1718
2025 November General,11/4/2025 0:00,BEDFORD COUNTY,205 - SAUNDERS VOL FIRE CO,447,973,91,12,3,1526,2236,72,2308
2025 November General,11/4/2025 0:00,BEDFORD COUNTY,301 - NEW LONDON ACADEMY,678,1136,107,14,7,1942,2770,73,2843
2025 November General,11/4/2025 0:00,BEDFORD COUNTY,302 - BEDFORD COUNTY GYM,767,593,49,9,1,1419,2333,63,2396
2025 November General,11/4/2025 0:00,BEDFORD COUNTY,303 - FOREST ALLIANCE CHURCH,275,518,73,6,5,877,1227,24,1251
2025 November General,11/4/2025 0:00,BEDFORD COUNTY,304 - ONE IN CHRIST CHURCH,185,473,40,4,2,704,1056,42,1098
2025 November General,11/4/2025 0:00,BEDFORD COUNTY,305 - FOREST FIRE STATION #2,368,644,69,2,6,1089,1649,37,1686
2025 November General,11/4/2025 0:00,BEDFORD COUNTY,401 - FOREST ELEMENTARY SCHOOL,580,1402,136,23,14,2155,3156,117,3273
2025 November General,11/4/2025 0:00,BEDFORD COUNTY,402 - THOMAS JEFFERSON ELEM SCHOOL,473,1076,123,11,8,1691,2472,63,2535
2025 November General,11/4/2025 0:00,BEDFORD COUNTY,403 - PLEASANT VIEW BAPTIST CHURCH,454,974,141,21,4,1594,2563,133,2696
2025 November General,11/4/2025 0:00,BEDFORD COUNTY,404 - FOREST RECREATION CENTER,130,422,35,7,2,596,1095,70,1165
2025 November General,11/4/2025 0:00,BEDFORD COUNTY,501 - BIG ISLAND ELEMENTARY SCHOOL,274,661,45,9,,989,1567,38,1605
2025 November General,11/4/2025 0:00,BEDFORD COUNTY,502 - SUCK SPRING BAPTIST CHURCH,316,473,34,4,1,828,1264,22,1286
2025 November General,11/4/2025 0:00,BEDFORD COUNTY,503 - BOONSBORO ELEMENTARY SCHOOL,286,1210,163,24,10,1693,2451,53,2504
2025 November General,11/4/2025 0:00,BEDFORD COUNTY,504 - BOONSBORO RURITAN CLUB,704,1768,206,33,12,2723,4009,102,4111
2025 November General,11/4/2025 0:00,BEDFORD COUNTY,601 - MONTVALE ELEM SCHOOL,246,822,52,2,5,1127,2001,57,2058
2025 November General,11/4/2025 0:00,BEDFORD COUNTY,602 - SHADY GROVE FIRE DEPARTMENT,303,909,71,14,5,1302,2430,56,2486
2025 November General,11/4/2025 0:00,BEDFORD COUNTY,603 - BEDFORD MOOSE LODGE ,309,410,38,7,4,768,1316,39,1355
2025 November General,11/4/2025 0:00,BEDFORD COUNTY,604 - BEDFORD ELEMENTARY SCHOOL,650,715,111,17,1,1494,2798,98,2896
2025 November General,11/4/2025 0:00,BEDFORD COUNTY,701 - GOODE VOL RESCUE SQUAD,574,1242,104,7,2,1929,2798,67,2865
2025 November General,11/4/2025 0:00,BEDFORD COUNTY,702 - LIBERTY HIGH SCHOOL,462,482,40,11,4,999,1695,41,1736
2025 November General,11/4/2025 0:00,BEDFORD COUNTY,703 - THAXTON BAPTIST CHURCH ,380,440,36,3,2,861,1357,24,1381
2025 November General,11/4/2025 0:00,BEDFORD COUNTY,704 - CHURCH OF GOD,743,629,110,16,4,1502,2593,80,2673
2025 November General,11/4/2025 0:00,BEDFORD COUNTY,705 - MOUNTAIN VIEW CHURCH,83,276,19,7,4,389,746,26,772
2025 November General,11/4/2025 0:00,BLAND COUNTY,101 - BASTIAN,72,183,12,,,267,511,30,541
2025 November General,11/4/2025 0:00,BLAND COUNTY,102 - CERES,99,218,17,,,334,601,14,615
2025 November General,11/4/2025 0:00,BLAND COUNTY,201 - DAVIS,23,61,8,,,92,218,9,227
2025 November General,11/4/2025 0:00,BLAND COUNTY,202 - SEDDON,202,341,16,1,1,561,899,35,934
2025 November General,11/4/2025 0:00,BLAND COUNTY,301 - HOLLYBROOK,61,265,10,,1,337,602,23,625
2025 November General,11/4/2025 0:00,BLAND COUNTY,302 - MECHANICSBURG,46,167,5,,,218,372,14,386
2025 November General,11/4/2025 0:00,BLAND COUNTY,401 - ROCKY GAP,130,454,33,,2,619,1161,60,1221
2025 November General,11/4/2025 0:00,BOTETOURT COUNTY,101 - DALEVILLE,821,1348,115,6,2,2292,3654,126,3780
2025 November General,11/4/2025 0:00,BOTETOURT COUNTY,102 - GREENFIELD,669,919,150,4,4,1746,2451,53,2504
2025 November General,11/4/2025 0:00,BOTETOURT COUNTY,201 - BLUE RIDGE,371,1189,97,3,8,1668,2622,68,2690
2025 November General,11/4/2025 0:00,BOTETOURT COUNTY,202 - RAINBOW FOREST,384,1185,102,7,5,1683,2630,60,2690
2025 November General,11/4/2025 0:00,BOTETOURT COUNTY,301 - BUCHANAN,388,963,61,7,3,1422,2441,60,2501
2025 November General,11/4/2025 0:00,BOTETOURT COUNTY,302 - MILL CREEK,494,1003,79,6,6,1588,2615,53,2668
2025 November General,11/4/2025 0:00,BOTETOURT COUNTY,403 - EAGLE ROCK,276,688,49,2,4,1019,1697,24,1721
2025 November General,11/4/2025 0:00,BOTETOURT COUNTY,406 - FINCASTLE,1037,1154,94,6,3,2294,3566,103,3669
2025 November General,11/4/2025 0:00,BOTETOURT COUNTY,501 - TROUTVILLE,272,605,64,4,1,946,1674,44,1718
2025 November General,11/4/2025 0:00,BOTETOURT COUNTY,502 - CLOVERDALE,782,1273,145,4,9,2213,3410,78,3488
2025 November General,11/4/2025 0:00,BRISTOL CITY,001 - FIRST PRECINCT,240,545,101,5,3,894,2483,141,2624
2025 November General,11/4/2025 0:00,BRISTOL CITY,002 - SECOND PRECINCT,445,653,111,7,9,1225,2641,167,2808
2025 November General,11/4/2025 0:00,BRISTOL CITY,003 - THIRD PRECINCT,259,347,76,4,3,689,2407,130,2537
2025 November General,11/4/2025 0:00,BRISTOL CITY,004 - FOURTH PRECINCT,429,750,86,1,5,1271,2549,144,2693
2025 November General,11/4/2025 0:00,BRISTOL CITY,005 - FIFTH PRECINCT,250,396,55,1,2,704,1386,84,1470
2025 November General,11/4/2025 0:00,BRUNSWICK COUNTY,101 - BRODNAX,55,198,3,,,256,553,16,569
2025 November General,11/4/2025 0:00,BRUNSWICK COUNTY,102 - ROCK STORE,136,287,30,,2,455,856,22,878
2025 November General,11/4/2025 0:00,BRUNSWICK COUNTY,103 - TILLMAN,150,415,43,1,,609,1064,36,1100
2025 November General,11/4/2025 0:00,BRUNSWICK COUNTY,201 - DROMGOOLE,45,130,22,2,1,200,325,8,333
2025 November General,11/4/2025 0:00,BRUNSWICK COUNTY,202 - EDGERTON,192,299,41,3,1,536,1105,39,1144
2025 November General,11/4/2025 0:00,BRUNSWICK COUNTY,203 - FITZHUGH,146,312,25,1,1,485,851,21,872
2025 November General,11/4/2025 0:00,BRUNSWICK COUNTY,301 - ALBERTA,22,79,1,,,102,201,6,207
2025 November General,11/4/2025 0:00,BRUNSWICK COUNTY,302 - DANIELTOWN,157,395,37,1,2,592,981,30,1011
2025 November General,11/4/2025 0:00,BRUNSWICK COUNTY,303 - ELMORE,85,196,20,1,,302,497,10,507
2025 November General,11/4/2025 0:00,BRUNSWICK COUNTY,304 - SEYMOUR,49,197,13,,,259,458,13,471
2025 November General,11/4/2025 0:00,BRUNSWICK COUNTY,401 - STURGEON,334,458,72,4,,868,1587,34,1621
2025 November General,11/4/2025 0:00,BRUNSWICK COUNTY,402 - KING'S STORE,85,193,17,1,,296,513,9,522
2025 November General,11/4/2025 0:00,BRUNSWICK COUNTY,501 - TOTARO,459,432,107,1,3,1002,2000,66,2066
2025 November General,11/4/2025 0:00,BUCHANAN COUNTY,102 - BLACKEY,36,160,8,1,,205,591,17,608
2025 November General,11/4/2025 0:00,BUCHANAN COUNTY,103 - HURLEY,96,346,19,2,5,468,1497,47,1544
2025 November General,11/4/2025 0:00,BUCHANAN COUNTY,201 - GRASSY,7,71,3,1,1,83,190,9,199
2025 November General,11/4/2025 0:00,BUCHANAN COUNTY,202 - BULL,61,261,15,2,,339,873,24,897
2025 November General,11/4/2025 0:00,BUCHANAN COUNTY,203 - ROCKLICK,64,271,23,,,358,1045,39,1084
2025 November General,11/4/2025 0:00,BUCHANAN COUNTY,301 - SLATE,95,307,19,1,1,423,1193,39,1232
2025 November General,11/4/2025 0:00,BUCHANAN COUNTY,302 - NORTH GRUNDY,86,264,12,3,,365,1016,44,1060
2025 November General,11/4/2025 0:00,BUCHANAN COUNTY,403 - SOUTH GRUNDY,137,266,19,,,422,991,26,1017
2025 November General,11/4/2025 0:00,BUCHANAN COUNTY,404 - OAKWOOD,12,39,1,,,52,128,10,138
2025 November General,11/4/2025 0:00,BUCHANAN COUNTY,405 - Grundy,96,146,7,1,,250,554,53,607
2025 November General,11/4/2025 0:00,BUCHANAN COUNTY,501 - PRATER,61,258,13,2,,334,883,18,901
2025 November General,11/4/2025 0:00,BUCHANAN COUNTY,502 - FOX,18,87,6,1,,112,282,12,294
2025 November General,11/4/2025 0:00,BUCHANAN COUNTY,503 - VANSANT,111,265,15,2,1,394,831,20,851
2025 November General,11/4/2025 0:00,BUCHANAN COUNTY,601 - COUNCIL,22,220,15,,1,258,618,8,626
2025 November General,11/4/2025 0:00,BUCHANAN COUNTY,602 - GARDEN,49,296,16,1,,362,856,21,877
2025 November General,11/4/2025 0:00,BUCHANAN COUNTY,603 - HURRICANE,17,182,11,2,1,213,519,15,534
2025 November General,11/4/2025 0:00,BUCHANAN COUNTY,701 - WHITEWOOD,67,335,25,,,427,1125,39,1164
2025 November General,11/4/2025 0:00,BUCHANAN COUNTY,702 - CONTRARY,62,304,8,1,,375,817,21,838
2025 November General,11/4/2025 0:00,BUCKINGHAM COUNTY,101 - NEW CANTON,231,591,52,9,5,888,1688,56,1744
2025 November General,11/4/2025 0:00,BUCKINGHAM COUNTY,201 - WHITE HALL,312,481,47,,4,844,1539,59,1598
2025 November General,11/4/2025 0:00,BUCKINGHAM COUNTY,301 - CURDSVILLE,153,406,34,4,2,599,1002,43,1045
2025 November General,11/4/2025 0:00,BUCKINGHAM COUNTY,302 - NEW STORE,147,192,18,1,1,359,587,27,614
2025 November General,11/4/2025 0:00,BUCKINGHAM COUNTY,401 - MAYSVILLE,390,471,52,6,2,921,1656,58,1714
2025 November General,11/4/2025 0:00,BUCKINGHAM COUNTY,501 - WRIGHTS,116,151,12,2,1,282,545,24,569
2025 November General,11/4/2025 0:00,BUCKINGHAM COUNTY,502 - GLENMORE,179,361,48,1,3,592,1054,41,1095
2025 November General,11/4/2025 0:00,BUCKINGHAM COUNTY,601 - SLATE RIVER,169,330,21,,,520,863,24,887
2025 November General,11/4/2025 0:00,BUCKINGHAM COUNTY,602  - GEORGIA CREEK,169,231,52,2,3,457,935,36,971
2025 November General,11/4/2025 0:00,BUCKINGHAM COUNTY,701 - GOLD HILL,240,364,37,,,641,1179,35,1214
2025 November General,11/4/2025 0:00,BUENA VISTA CITY,001 - FIRST WARD,476,649,94,5,1,1225,2231,97,2328
2025 November General,11/4/2025 0:00,BUENA VISTA CITY,002 - SECOND WARD,333,502,57,10,2,904,1982,263,2245
2025 November General,11/4/2025 0:00,CAMPBELL COUNTY,101 - BROOKVILLE,444,1223,109,13,9,1798,2975,78,3053
2025 November General,11/4/2025 0:00,CAMPBELL COUNTY,102 - NEW LONDON,412,1181,94,16,13,1716,2858,127,2985
2025 November General,11/4/2025 0:00,CAMPBELL COUNTY,201 - WALKER,270,1108,94,22,19,1513,3135,177,3312
2025 November General,11/4/2025 0:00,CAMPBELL COUNTY,202 - BEDFORD SPRINGS,492,1151,94,13,13,1763,2971,149,3120
2025 November General,11/4/2025 0:00,CAMPBELL COUNTY,301 - EVINGTON,185,609,21,4,4,823,1535,26,1561
2025 November General,11/4/2025 0:00,CAMPBELL COUNTY,302 - OTTER RIVER,355,751,42,8,4,1160,1999,44,2043
2025 November General,11/4/2025 0:00,CAMPBELL COUNTY,303 - ALTAVISTA,213,869,75,6,6,1169,2370,81,2451
2025 November General,11/4/2025 0:00,CAMPBELL COUNTY,401 - THREE FORKS,505,817,49,3,8,1382,2195,29,2224
2025 November General,11/4/2025 0:00,CAMPBELL COUNTY,402 - COURT HOUSE,1069,1209,114,12,8,2412,4373,125,4498
2025 November General,11/4/2025 0:00,CAMPBELL COUNTY,501 - SPRING HILL,610,1037,149,31,9,1836,3558,167,3725
2025 November General,11/4/2025 0:00,CAMPBELL COUNTY,502 - YELLOW BRANCH,442,712,76,4,6,1240,2107,82,2189
2025 November General,11/4/2025 0:00,CAMPBELL COUNTY,601 - KINGS,458,745,88,7,8,1306,2625,96,2721
2025 November General,11/4/2025 0:00,CAMPBELL COUNTY,602 - CONCORD,699,1101,88,8,5,1901,3151,81,3232
2025 November General,11/4/2025 0:00,CAMPBELL COUNTY,701 - BROOKNEAL,60,201,19,4,3,287,672,31,703
2025 November General,11/4/2025 0:00,CAMPBELL COUNTY,702 - GLADYS,784,1098,141,5,11,2039,3704,98,3802
2025 November General,11/4/2025 0:00,CAMPBELL COUNTY,703 - MORRIS CHURCH,261,512,29,4,3,809,1443,31,1474
2025 November General,11/4/2025 0:00,CAROLINE COUNTY,101 - BOWLING GREEN,604,824,78,3,6,1515,2562,106,2668
2025 November General,11/4/2025 0:00,CAROLINE COUNTY,102 - SPARTA,277,576,51,7,4,915,1528,51,1579
2025 November General,11/4/2025 0:00,CAROLINE COUNTY,201 - NORTH MADISON,227,588,78,16,5,914,1633,60,1693
2025 November General,11/4/2025 0:00,CAROLINE COUNTY,202 - SOUTH MADISON,568,1029,164,9,13,1783,3144,124,3268
2025 November General,11/4/2025 0:00,CAROLINE COUNTY,301 - PORT ROYAL,154,388,36,1,4,583,1024,69,1093
2025 November General,11/4/2025 0:00,CAROLINE COUNTY,302 - WOODFORD,308,709,69,8,3,1097,2071,64,2135
2025 November General,11/4/2025 0:00,CAROLINE COUNTY,303 - WRIGHTS CHAPEL,47,156,14,6,1,224,466,25,491
2025 November General,11/4/2025 0:00,CAROLINE COUNTY,401 - DAWN,482,1086,147,8,9,1732,3001,86,3087
2025 November General,11/4/2025 0:00,CAROLINE COUNTY,402 - CARMEL CHURCH,160,359,26,5,5,555,954,27,981
2025 November General,11/4/2025 0:00,CAROLINE COUNTY,501 - WEST MATTAPONI,403,560,79,10,12,1064,1970,61,2031
2025 November General,11/4/2025 0:00,CAROLINE COUNTY,502 - MILFORD,396,496,71,9,2,974,1825,78,1903
2025 November General,11/4/2025 0:00,CAROLINE COUNTY,601 - CHILESBURG,252,850,95,6,13,1216,2167,107,2274
2025 November General,11/4/2025 0:00,CAROLINE COUNTY,602 - LAKE,197,646,60,4,2,909,1688,99,1787
2025 November General,11/4/2025 0:00,CARROLL COUNTY,101 - MT BETHEL,68,301,31,2,,402,978,30,1008
2025 November General,11/4/2025 0:00,CARROLL COUNTY,102 - ST PAUL,107,477,43,5,2,634,1326,31,1357
2025 November General,11/4/2025 0:00,CARROLL COUNTY,103 - LAMBSBURG,52,289,13,,,354,837,27,864
2025 November General,11/4/2025 0:00,CARROLL COUNTY,105 - FANCY GAP,265,389,40,3,3,700,1241,42,1283
2025 November General,11/4/2025 0:00,CARROLL COUNTY,201 - HILLSVILLE B,468,701,125,3,6,1303,2424,69,2493
2025 November General,11/4/2025 0:00,CARROLL COUNTY,202 - LAUREL FORK,105,375,34,5,1,520,893,21,914
2025 November General,11/4/2025 0:00,CARROLL COUNTY,203 - GLADESBORO,175,464,41,2,2,684,1202,37,1239
2025 November General,11/4/2025 0:00,CARROLL COUNTY,301 - HILLSVILLE C,468,840,86,12,4,1410,2704,79,2783
2025 November General,11/4/2025 0:00,CARROLL COUNTY,302 - SYLVATUS,137,371,17,3,6,534,975,24,999
2025 November General,11/4/2025 0:00,CARROLL COUNTY,303 - DUGSPUR,69,218,15,1,,303,529,16,545
2025 November General,11/4/2025 0:00,CARROLL COUNTY,401 - OAKLAND,191,768,58,4,,1021,1990,41,2031
2025 November General,11/4/2025 0:00,CARROLL COUNTY,402 - WOODLAWN D,400,661,97,4,5,1167,2288,70,2358
2025 November General,11/4/2025 0:00,CARROLL COUNTY,501 - VAUGHAN,57,285,6,1,2,351,677,19,696
2025 November General,11/4/2025 0:00,CARROLL COUNTY,502 - GLADEVILLE,242,679,48,3,1,973,1769,48,1817
2025 November General,11/4/2025 0:00,CARROLL COUNTY,503 - WOODLAWN E,148,321,32,,1,502,897,23,920
2025 November General,11/4/2025 0:00,CARROLL COUNTY,504 - LAUREL,104,392,32,2,1,531,999,31,1030
2025 November General,11/4/2025 0:00,CHARLES CITY COUNTY,101 - PRECINCT 1-1,396,672,103,10,2,1183,2003,46,2049
2025 November General,11/4/2025 0:00,CHARLES CITY COUNTY,201 - PRECINCT 2-1,437,543,104,15,2,1101,1869,33,1902
2025 November General,11/4/2025 0:00,CHARLES CITY COUNTY,301 - PRECINCT 3-1,576,480,146,12,4,1218,1906,41,1947
2025 November General,11/4/2025 0:00,CHARLOTTE COUNTY,101 - COUNTY SEAT,331,397,26,7,4,765,1275,54,1329
2025 November General,11/4/2025 0:00,CHARLOTTE COUNTY,201 - RED OAK WYLLIESBURG,131,537,37,2,2,709,1243,29,1272
2025 November General,11/4/2025 0:00,CHARLOTTE COUNTY,302 - DRAKES BRANCH,189,378,19,1,3,590,1022,61,1083
2025 November General,11/4/2025 0:00,CHARLOTTE COUNTY,401 - KEYSVILLE,175,441,20,3,,639,1132,42,1174
2025 November General,11/4/2025 0:00,CHARLOTTE COUNTY,501 - CULLEN/RED HOUSE,229,372,28,1,2,632,1149,35,1184
2025 November General,11/4/2025 0:00,CHARLOTTE COUNTY,602 - PHENIX,216,524,20,3,3,766,1225,57,1282
2025 November General,11/4/2025 0:00,CHARLOTTE COUNTY,702 - BACON/SAXE,258,324,49,,1,632,1185,45,1230
2025 November General,11/4/2025 0:00,CHARLOTTESVILLE CITY,101 - Key Recreation,1363,1138,291,49,20,2861,4338,299,4637
2025 November General,11/4/2025 0:00,CHARLOTTESVILLE CITY,102 - SUMMIT,920,1229,180,35,11,2375,4045,222,4267
2025 November General,11/4/2025 0:00,CHARLOTTESVILLE CITY,201 - CARVER,482,887,153,121,17,1660,3294,244,3538
2025 November General,11/4/2025 0:00,CHARLOTTESVILLE CITY,202 - TRAILBLAZER,222,888,78,439,8,1635,4243,272,4515
2025 November General,11/4/2025 0:00,CHARLOTTESVILLE CITY,301 - JACKSON-VIA,755,1190,243,47,15,2250,3776,272,4048
2025 November General,11/4/2025 0:00,CHARLOTTESVILLE CITY,302 - JOHNSON,419,1083,139,370,29,2040,3657,291,3948
2025 November General,11/4/2025 0:00,CHARLOTTESVILLE CITY,303 - BUFORD,494,822,136,142,19,1613,3340,282,3622
2025 November General,11/4/2025 0:00,CHARLOTTESVILLE CITY,401 - CHARLOTTESVILLE HIGH SCHOOL,1070,1299,351,19,18,2757,3825,150,3975
2025 November General,11/4/2025 0:00,CHARLOTTESVILLE CITY,402 - WALKER,610,917,198,58,17,1800,3090,219,3309
2025 November General,11/4/2025 0:00,CHESAPEAKE CITY,001 - GREAT BRIDGE,801,708,114,12,12,1647,2886,119,3005
2025 November General,11/4/2025 0:00,CHESAPEAKE CITY,002 - BETHEL,583,970,113,8,8,1682,2912,129,3041
2025 November General,11/4/2025 0:00,CHESAPEAKE CITY,003 - CAMELOT,386,676,182,13,14,1271,2482,104,2586
2025 November General,11/4/2025 0:00,CHESAPEAKE CITY,004 - CHURCHLAND,705,768,197,11,19,1700,2625,98,2723
2025 November General,11/4/2025 0:00,CHESAPEAKE CITY,005 - CRESTWOOD,384,806,126,16,13,1345,2685,115,2800
2025 November General,11/4/2025 0:00,CHESAPEAKE CITY,006 - DEEP CREEK,592,738,144,20,13,1507,2663,138,2801
2025 November General,11/4/2025 0:00,CHESAPEAKE CITY,007 - GREENBRIER,598,855,141,10,11,1615,2664,98,2762
2025 November General,11/4/2025 0:00,CHESAPEAKE CITY,008 - SOUTH NORFOLK RECREATION,401,1096,129,20,15,1661,3548,193,3741
2025 November General,11/4/2025 0:00,CHESAPEAKE CITY,009 - BELLS MILL,975,1178,179,18,19,2369,4095,165,4260
2025 November General,11/4/2025 0:00,CHESAPEAKE CITY,010 - OSCAR SMITH,174,495,51,7,12,739,1622,88,1710
2025 November General,11/4/2025 0:00,CHESAPEAKE CITY,011 - GENEVA PARK,261,627,57,20,12,977,2691,194,2885
2025 November General,11/4/2025 0:00,CHESAPEAKE CITY,012 - GEORGETOWN,539,664,126,13,14,1356,2415,80,2495
2025 November General,11/4/2025 0:00,CHESAPEAKE CITY,013 - GILMERTON,432,817,111,14,8,1382,2542,107,2649
2025 November General,11/4/2025 0:00,CHESAPEAKE CITY,014 - GRASSFIELD,1479,800,340,26,28,2673,4416,188,4604
2025 November General,11/4/2025 0:00,CHESAPEAKE CITY,015 - GREENBRIER MIDDLE SCHOOL,584,988,171,33,18,1794,3866,287,4153
2025 November General,11/4/2025 0:00,CHESAPEAKE CITY,016 - HICKORY GROVE,591,1083,135,21,21,1851,3093,110,3203
2025 November General,11/4/2025 0:00,CHESAPEAKE CITY,017 - INDIAN CREEK,382,890,76,8,13,1369,2262,78,2340
2025 November General,11/4/2025 0:00,CHESAPEAKE CITY,018 - INDIAN RIVER,361,707,97,18,14,1197,2730,156,2886
2025 November General,11/4/2025 0:00,CHESAPEAKE CITY,019 - JOLLIFF,426,630,113,9,8,1186,1833,58,1891
2025 November General,11/4/2025 0:00,CHESAPEAKE CITY,020 - E W CHITTUM,773,987,177,16,31,1984,2986,76,3062
2025 November General,11/4/2025 0:00,CHESAPEAKE CITY,021 - FELLOWSHIP,693,980,176,18,14,1881,3227,129,3356
2025 November General,11/4/2025 0:00,CHESAPEAKE CITY,022 - NORFOLK HIGHLANDS,283,560,53,6,9,911,2067,119,2186
2025 November General,11/4/2025 0:00,CHESAPEAKE CITY,023 - OAK GROVE,659,874,202,19,21,1775,3211,179,3390
2025 November General,11/4/2025 0:00,CHESAPEAKE CITY,024 - OAKLETTE,333,734,119,17,22,1225,3022,192,3214
2025 November General,11/4/2025 0:00,CHESAPEAKE CITY,025 - ST JULIANS,353,750,84,13,6,1206,2591,145,2736
2025 November General,11/4/2025 0:00,CHESAPEAKE CITY,026 - JOHNSON PARK,100,454,40,5,2,601,1591,191,1782
2025 November General,11/4/2025 0:00,CHESAPEAKE CITY,027 - SILVERWOOD,567,805,180,20,23,1595,2747,134,2881
2025 November General,11/4/2025 0:00,CHESAPEAKE CITY,028 - SUNRAY I,56,241,20,,2,319,547,37,584
2025 November General,11/4/2025 0:00,CHESAPEAKE CITY,029 - TANGLEWOOD,446,709,77,14,11,1257,2379,95,2474
2025 November General,11/4/2025 0:00,CHESAPEAKE CITY,030 - SOUTH NORFOLK,146,390,59,13,9,617,1488,94,1582
2025 November General,11/4/2025 0:00,CHESAPEAKE CITY,031 - CARVER SCHOOL,422,758,162,23,12,1377,3667,215,3882
2025 November General,11/4/2025 0:00,CHESAPEAKE CITY,032 - PROVIDENCE,567,821,200,40,24,1652,3934,234,4168
2025 November General,11/4/2025 0:00,CHESAPEAKE CITY,033 - WESTOVER,171,554,59,14,6,804,1746,104,1850
2025 November General,11/4/2025 0:00,CHESAPEAKE CITY,034 - HICKORY MIDDLE SCHOOL,972,1111,213,12,19,2327,3907,187,4094
2025 November General,11/4/2025 0:00,CHESAPEAKE CITY,035 - TAYLOR ROAD,306,544,133,16,10,1009,2094,129,2223
2025 November General,11/4/2025 0:00,CHESAPEAKE CITY,036 - GREAT BRIDGE BAPTIST CHURCH,570,895,135,11,13,1624,2950,137,3087
2025 November General,11/4/2025 0:00,CHESAPEAKE CITY,037 - BRIDGETOWN,949,907,145,8,16,2025,3245,136,3381
2025 November General,11/4/2025 0:00,CHESAPEAKE CITY,038 - BAILEY CREEK,580,792,133,8,21,1534,2422,64,2486
2025 November General,11/4/2025 0:00,CHESAPEAKE CITY,039 - LAKE DRUMMOND,474,682,113,14,16,1299,2360,87,2447
2025 November General,11/4/2025 0:00,CHESAPEAKE CITY,041 - JOHN T WEST,1029,1432,227,29,35,2752,4691,201,4892
2025 November General,11/4/2025 0:00,CHESAPEAKE CITY,042 - PARKWAYS,588,703,167,11,30,1499,2776,119,2895
2025 November General,11/4/2025 0:00,CHESAPEAKE CITY,043 - PLEASANT CROSSING,674,835,100,11,11,1631,2608,65,2673
2025 November General,11/4/2025 0:00,CHESAPEAKE CITY,044 - NANSEMOND,488,871,142,19,23,1543,2659,143,2802
2025 November General,11/4/2025 0:00,CHESAPEAKE CITY,045 - SUNRAY II,123,242,35,5,2,407,804,46,850
2025 November General,11/4/2025 0:00,CHESAPEAKE CITY,046 - BELLS MILL II,613,839,94,16,19,1581,2592,106,2698
2025 November General,11/4/2025 0:00,CHESAPEAKE CITY,048 - JOLLIFF MIDDLE SCHOOL,620,1076,218,18,25,1957,3918,201,4119
2025 November General,11/4/2025 0:00,CHESAPEAKE CITY,049 - WATERWAY,668,962,190,24,23,1867,3111,120,3231
2025 November General,11/4/2025 0:00,CHESAPEAKE CITY,050 - RIVER WALK,561,933,160,10,12,1676,2931,116,3047
2025 November General,11/4/2025 0:00,CHESAPEAKE CITY,051 - COOPERS WAY,1040,1460,221,35,23,2779,4816,214,5030
2025 November General,11/4/2025 0:00,CHESAPEAKE CITY,052 - SHIPYARD ROAD,597,826,165,11,24,1623,2832,105,2937
2025 November General,11/4/2025 0:00,CHESAPEAKE CITY,053 - FAIRWAYS,703,686,242,17,32,1680,2775,117,2892
2025 November General,11/4/2025 0:00,CHESAPEAKE CITY,054 - PUGHSVILLE,570,736,146,23,30,1505,2889,135,3024
2025 November General,11/4/2025 0:00,CHESAPEAKE CITY,055 - GEORGETOWN EAST,513,513,100,5,13,1144,1818,65,1883
2025 November General,11/4/2025 0:00,CHESAPEAKE CITY,056 - GREEN TREE,509,667,146,22,42,1386,2607,175,2782
2025 November General,11/4/2025 0:00,CHESAPEAKE CITY,057 - CYPRESS,440,797,131,19,25,1412,2968,264,3232
2025 November General,11/4/2025 0:00,CHESAPEAKE CITY,058 - EXPRESSWAY,186,341,52,3,5,587,1151,55,1206
2025 November General,11/4/2025 0:00,CHESAPEAKE CITY,059 - CLEARFIELD,543,896,145,24,12,1620,2652,101,2753
2025 November General,11/4/2025 0:00,CHESAPEAKE CITY,060 - PARKER ROAD,870,765,164,12,17,1828,2984,93,3077
2025 November General,11/4/2025 0:00,CHESAPEAKE CITY,061 - CENTERVILLE,890,1157,161,8,13,2229,3538,119,3657
2025 November General,11/4/2025 0:00,CHESAPEAKE CITY,062 - FENTRESS,503,1065,118,10,20,1716,2784,97,2881
2025 November General,11/4/2025 0:00,CHESAPEAKE CITY,063 - POPLAR BRANCH,536,567,118,6,6,1233,1986,85,2071
2025 November General,11/4/2025 0:00,CHESAPEAKE CITY,064 - DEEP CREEK II,769,971,194,18,32,1984,3605,204,3809
2025 November General,11/4/2025 0:00,CHESAPEAKE CITY,065 - WATERWAY II,777,872,278,15,30,1972,3239,133,3372
2025 November General,11/4/2025 0:00,CHESAPEAKE CITY,066 - FAIRWAYS II,236,532,50,12,11,841,1720,129,1849
2025 November General,11/4/2025 0:00,CHESTERFIELD COUNTY,101 - BELLWOOD,325,771,95,18,7,1216,2604,119,2723
2025 November General,11/4/2025 0:00,CHESTERFIELD COUNTY,102 - SOUTH CHESTER,689,1078,163,19,16,1965,3627,177,3804
2025 November General,11/4/2025 0:00,CHESTERFIELD COUNTY,103 - ENON,1113,1809,314,46,11,3293,5623,212,5835
2025 November General,11/4/2025 0:00,CHESTERFIELD COUNTY,104 - NORTH CHESTER,909,1370,241,21,16,2557,4429,176,4605
2025 November General,11/4/2025 0:00,CHESTERFIELD COUNTY,105 - DREWRYS BLUFF,413,636,117,17,13,1196,3026,259,3285
2025 November General,11/4/2025 0:00,CHESTERFIELD COUNTY,106 - HARROWGATE,1187,1437,256,38,30,2948,5019,153,5172
2025 November General,11/4/2025 0:00,CHESTERFIELD COUNTY,108 - ECOFF,1889,1340,453,24,27,3733,5761,214,5975
2025 November General,11/4/2025 0:00,CHESTERFIELD COUNTY,109 - ELIZABETH SCOTT,1248,1768,314,28,15,3373,5552,216,5768
2025 November General,11/4/2025 0:00,CHESTERFIELD COUNTY,110 - DUTCH GAP,483,840,116,16,20,1475,2248,63,2311
2025 November General,11/4/2025 0:00,CHESTERFIELD COUNTY,111 - IRON BRIDGE,1084,691,189,17,13,1994,3140,124,3264
2025 November General,11/4/2025 0:00,CHESTERFIELD COUNTY,112 - CARVER,776,848,171,14,16,1825,2951,87,3038
2025 November General,11/4/2025 0:00,CHESTERFIELD COUNTY,113 - IRON BRIDGE NORTH,985,879,224,23,11,2122,3437,140,3577
2025 November General,11/4/2025 0:00,CHESTERFIELD COUNTY,115 - CRESTHILL,936,1056,193,19,13,2217,3988,230,4218
2025 November General,11/4/2025 0:00,CHESTERFIELD COUNTY,201 - GATES,371,176,64,3,8,622,997,32,1029
2025 November General,11/4/2025 0:00,CHESTERFIELD COUNTY,202 - BEULAH,1086,1172,224,28,9,2519,4349,127,4476
2025 November General,11/4/2025 0:00,CHESTERFIELD COUNTY,203 - BIRD,846,937,166,8,10,1967,3633,104,3737
2025 November General,11/4/2025 0:00,CHESTERFIELD COUNTY,205 - FALLING CREEK,871,843,191,24,20,1949,3743,287,4030
2025 November General,11/4/2025 0:00,CHESTERFIELD COUNTY,207 - CHIPPENHAM,1079,1152,275,24,31,2561,4890,183,5073
2025 November General,11/4/2025 0:00,CHESTERFIELD COUNTY,208 - MEADOWBROOK,941,912,233,20,16,2122,3845,105,3950
2025 November General,11/4/2025 0:00,CHESTERFIELD COUNTY,209 - SALEM CHURCH,833,1040,204,14,10,2101,3748,103,3851
2025 November General,11/4/2025 0:00,CHESTERFIELD COUNTY,210 - FIVE FORKS,1484,1445,284,21,16,3250,5214,143,5357
2025 November General,11/4/2025 0:00,CHESTERFIELD COUNTY,211 - NASH,2091,1261,311,14,19,3696,5185,112,5297
2025 November General,11/4/2025 0:00,CHESTERFIELD COUNTY,213 - SOUTHSIDE,607,505,135,12,10,1269,2227,104,2331
2025 November General,11/4/2025 0:00,CHESTERFIELD COUNTY,218 - NEW MANCHESTER,342,707,56,7,10,1122,1698,51,1749
2025 November General,11/4/2025 0:00,CHESTERFIELD COUNTY,219 - GATES EAST,410,445,80,2,10,947,1838,74,1912
2025 November General,11/4/2025 0:00,CHESTERFIELD COUNTY,220 - FALLING CREEK EAST,88,92,37,3,1,221,498,35,533
2025 November General,11/4/2025 0:00,CHESTERFIELD COUNTY,221 - OXBRIDGE,1224,1231,247,14,17,2733,4344,186,4530
2025 November General,11/4/2025 0:00,CHESTERFIELD COUNTY,222 - TURNER,576,809,173,21,8,1587,3027,238,3265
2025 November General,11/4/2025 0:00,CHESTERFIELD COUNTY,301 - ETTRICK,695,1063,185,473,17,2433,5770,283,6053
2025 November General,11/4/2025 0:00,CHESTERFIELD COUNTY,303 - MATOACA,1270,1237,210,17,7,2741,4672,98,4770
2025 November General,11/4/2025 0:00,CHESTERFIELD COUNTY,304 - WINFREES STORE,749,976,154,14,8,1901,2881,61,2942
2025 November General,11/4/2025 0:00,CHESTERFIELD COUNTY,305 - BEACH,395,437,72,5,1,910,1311,21,1332
2025 November General,11/4/2025 0:00,CHESTERFIELD COUNTY,306 - WINTERPOCK,1261,1333,206,11,12,2823,4078,78,4156
2025 November General,11/4/2025 0:00,CHESTERFIELD COUNTY,307 - COSBY,963,1210,207,19,31,2430,3709,128,3837
2025 November General,11/4/2025 0:00,CHESTERFIELD COUNTY,309 - SKINQUARTER,960,1203,287,10,36,2496,3658,99,3757
2025 November General,11/4/2025 0:00,CHESTERFIELD COUNTY,313 - WOOLRIDGE SOUTH,1125,947,304,16,18,2410,3570,128,3698
2025 November General,11/4/2025 0:00,CHESTERFIELD COUNTY,314 - LONGHOUSE,690,672,118,9,6,1495,2308,45,2353
2025 November General,11/4/2025 0:00,CHESTERFIELD COUNTY,315 - BAILEY BRIDGE,1272,1163,224,8,16,2683,3988,103,4091
2025 November General,11/4/2025 0:00,CHESTERFIELD COUNTY,316 - SPRING RUN,986,1042,140,18,14,2200,3550,111,3661
2025 November General,11/4/2025 0:00,CHESTERFIELD COUNTY,319 - MAGNOLIA,1965,2361,448,26,33,4833,7202,212,7414
2025 November General,11/4/2025 0:00,CHESTERFIELD COUNTY,320 - DRY CREEK,1847,1651,472,26,22,4018,6004,174,6178
2025 November General,11/4/2025 0:00,CHESTERFIELD COUNTY,321 - CLAYPOINT,833,635,181,10,8,1667,2964,199,3163
2025 November General,11/4/2025 0:00,CHESTERFIELD COUNTY,322 - HENSLEY,1550,1352,353,22,12,3289,4799,112,4911
2025 November General,11/4/2025 0:00,CHESTERFIELD COUNTY,401 - HARBOUR POINTE,661,715,200,10,11,1597,2264,57,2321
2025 November General,11/4/2025 0:00,CHESTERFIELD COUNTY,402 - GENITO,933,894,233,10,22,2092,3379,97,3476
2025 November General,11/4/2025 0:00,CHESTERFIELD COUNTY,403 - BRANDERMILL,936,1278,339,11,24,2588,3743,119,3862
2025 November General,11/4/2025 0:00,CHESTERFIELD COUNTY,404 - PROVIDENCE,870,996,203,19,24,2112,3365,106,3471
2025 November General,11/4/2025 0:00,CHESTERFIELD COUNTY,405 - LA PRADE,1352,689,253,19,15,2328,3327,104,3431
2025 November General,11/4/2025 0:00,CHESTERFIELD COUNTY,408 - REAMS,507,587,131,16,9,1250,2046,98,2144
2025 November General,11/4/2025 0:00,CHESTERFIELD COUNTY,410 - WAGSTAFF,186,240,26,6,2,460,771,29,800
2025 November General,11/4/2025 0:00,CHESTERFIELD COUNTY,411 - SWIFT CREEK,788,1181,255,12,18,2254,3154,103,3257
2025 November General,11/4/2025 0:00,CHESTERFIELD COUNTY,412 - CLOVER HILL,1123,1284,281,23,17,2728,4633,172,4805
2025 November General,11/4/2025 0:00,CHESTERFIELD COUNTY,413 - SHENANDOAH,670,999,181,11,16,1877,2961,113,3074
2025 November General,11/4/2025 0:00,CHESTERFIELD COUNTY,414 - CRENSHAW,1368,1561,318,27,25,3299,6104,253,6357
2025 November General,11/4/2025 0:00,CHESTERFIELD COUNTY,415 - EVERGREEN,1121,1110,208,9,29,2477,3588,95,3683
2025 November General,11/4/2025 0:00,CHESTERFIELD COUNTY,418 - WOOLRIDGE NORTH,661,811,168,5,13,1658,2303,72,2375
2025 November General,11/4/2025 0:00,CHESTERFIELD COUNTY,419 - NORTH COURTHOUSE,630,664,134,19,12,1459,2513,97,2610
2025 November General,11/4/2025 0:00,CHESTERFIELD COUNTY,420 - NEW TOMAHAWK,901,1185,235,9,19,2349,3277,103,3380
2025 November General,11/4/2025 0:00,CHESTERFIELD COUNTY,421 - LUCKS LANE,1699,1422,291,12,15,3439,4566,131,4697
2025 November General,11/4/2025 0:00,CHESTERFIELD COUNTY,422 - OTTERDALE,1252,1782,353,24,35,3446,5453,217,5670
2025 November General,11/4/2025 0:00,CHESTERFIELD COUNTY,503 - MIDLOTHIAN,1040,1496,383,26,41,2986,4629,188,4817
2025 November General,11/4/2025 0:00,CHESTERFIELD COUNTY,504 - ROBIOUS,1531,1637,572,23,36,3799,5188,118,5306
2025 November General,11/4/2025 0:00,CHESTERFIELD COUNTY,505 - BON AIR,861,1294,262,12,16,2445,3105,84,3189
2025 November General,11/4/2025 0:00,CHESTERFIELD COUNTY,506 - GREENFIELD,661,1317,200,18,21,2217,3249,94,3343
2025 November General,11/4/2025 0:00,CHESTERFIELD COUNTY,507 - SALISBURY,1028,1819,307,14,30,3198,4271,75,4346
2025 November General,11/4/2025 0:00,CHESTERFIELD COUNTY,508 - BELGRADE,931,1141,369,19,20,2480,4063,144,4207
2025 November General,11/4/2025 0:00,CHESTERFIELD COUNTY,509 - CRANBECK,334,913,137,25,15,1424,2405,150,2555
2025 November General,11/4/2025 0:00,CHESTERFIELD COUNTY,510 - SYCAMORE,542,464,109,5,4,1124,1439,28,1467
2025 November General,11/4/2025 0:00,CHESTERFIELD COUNTY,511 - BLACK HEATH,504,954,127,4,19,1608,2064,45,2109
2025 November General,11/4/2025 0:00,CHESTERFIELD COUNTY,513 - BEAUFONT,296,607,81,34,9,1027,2156,161,2317
2025 November General,11/4/2025 0:00,CHESTERFIELD COUNTY,514 - WATKINS,1137,1403,317,14,25,2896,4112,106,4218
2025 November General,11/4/2025 0:00,CHESTERFIELD COUNTY,515 - DAVIS,646,874,154,21,18,1713,3403,194,3597
2025 November General,11/4/2025 0:00,CHESTERFIELD COUNTY,516 - POCOSHOCK NORTH,338,275,82,5,6,706,1178,27,1205
2025 November General,11/4/2025 0:00,CHESTERFIELD COUNTY,517 - ROSELAND,614,1278,200,17,26,2135,2988,69,3057
2025 November General,11/4/2025 0:00,CHESTERFIELD COUNTY,518 - MIDLOTHIAN NORTH,1178,1341,361,26,34,2940,4207,182,4389
2025 November General,11/4/2025 0:00,CHESTERFIELD COUNTY,519 - BUFORD,68,127,30,10,2,237,389,9,398
2025 November General,11/4/2025 0:00,CHESTERFIELD COUNTY,520 - WALTON PARK,597,767,121,5,8,1498,2118,68,2186
2025 November General,11/4/2025 0:00,CHESTERFIELD COUNTY,521 - ROCKAWAY,878,1586,329,18,38,2849,3950,93,4043
2025 November General,11/4/2025 0:00,CLARKE COUNTY,101 - RUSSELL,715,798,92,10,3,1618,2516,104,2620
2025 November General,11/4/2025 0:00,CLARKE COUNTY,201 - BERRYVILLE,620,728,81,9,5,1443,2382,151,2533
2025 November General,11/4/2025 0:00,CLARKE COUNTY,301 - MILLWOOD,532,585,103,6,7,1233,1895,110,2005
2025 November General,11/4/2025 0:00,CLARKE COUNTY,302 - PINE GROVE,194,289,31,5,1,520,760,27,787
2025 November General,11/4/2025 0:00,CLARKE COUNTY,401 - WHITE POST,491,867,84,8,4,1454,2310,105,2415
2025 November General,11/4/2025 0:00,CLARKE COUNTY,501 - BUCKMARSH,432,492,44,2,1,971,1616,83,1699
2025 November General,11/4/2025 0:00,CLARKE COUNTY,502 - BLUE RIDGE,113,273,27,,1,414,627,29,656
2025 November General,11/4/2025 0:00,COLONIAL HEIGHTS CITY,001 - FIRST,311,512,49,5,4,881,1978,117,2095
2025 November General,11/4/2025 0:00,COLONIAL HEIGHTS CITY,002 - SECOND,422,559,57,3,3,1044,2303,154,2457
2025 November General,11/4/2025 0:00,COLONIAL HEIGHTS CITY,003 - THIRD,538,671,90,13,1,1313,2505,156,2661
2025 November General,11/4/2025 0:00,COLONIAL HEIGHTS CITY,004 - FOURTH,799,687,143,7,9,1645,3042,197,3239
2025 November General,11/4/2025 0:00,COLONIAL HEIGHTS CITY,005 - FIFTH,792,819,104,8,3,1726,2618,98,2716
2025 November General,11/4/2025 0:00,COVINGTON CITY,101 - PRECINCT 1-1,68,202,11,1,1,283,679,29,708
2025 November General,11/4/2025 0:00,COVINGTON CITY,201 - PRECINCT 2-1,81,212,21,3,,317,731,32,763
2025 November General,11/4/2025 0:00,COVINGTON CITY,301 - PRECINCT 3-1,49,172,25,1,,247,703,35,738
2025 November General,11/4/2025 0:00,COVINGTON CITY,401 - PRECINCT 4-1,95,322,13,,2,432,816,17,833
2025 November General,11/4/2025 0:00,COVINGTON CITY,501 - PRECINCT 5-1,76,306,19,1,,402,801,19,820
2025 November General,11/4/2025 0:00,CRAIG COUNTY,101 - COURT HOUSE,126,266,14,,,406,719,29,748
2025 November General,11/4/2025 0:00,CRAIG COUNTY,201 - AMMENDALE PRECINCT,139,319,21,,2,481,772,15,787
2025 November General,11/4/2025 0:00,CRAIG COUNTY,301 - GIVENS & REYNOLDS STORE,29,256,20,2,,307,468,12,480
2025 November General,11/4/2025 0:00,CRAIG COUNTY,303 - MARSHALLS STORE,72,136,11,1,,220,341,6,347
2025 November General,11/4/2025 0:00,CRAIG COUNTY,401 - BARBOURS CREEK,74,123,4,,,201,347,16,363
2025 November General,11/4/2025 0:00,CRAIG COUNTY,402 - PAINT BANK,5,32,,,,37,77,6,83
2025 November General,11/4/2025 0:00,CRAIG COUNTY,403 - CRAIG SPRINGS,89,133,9,2,,233,386,13,399
2025 November General,11/4/2025 0:00,CRAIG COUNTY,501 - CRAIG CITY,159,229,14,,,402,735,31,766
2025 November General,11/4/2025 0:00,CULPEPER COUNTY,101 - WEST FAIRFAX,1016,1249,243,15,17,2540,4675,223,4898
2025 November General,11/4/2025 0:00,CULPEPER COUNTY,201 - EAST FAIRFAX,770,1042,182,35,17,2046,4396,230,4626
2025 November General,11/4/2025 0:00,CULPEPER COUNTY,302 - EGGBORNSVILLE,365,689,122,7,5,1188,2037,40,2077
2025 November General,11/4/2025 0:00,CULPEPER COUNTY,303 - CARDOVA,321,682,103,3,4,1113,2032,70,2102
2025 November General,11/4/2025 0:00,CULPEPER COUNTY,304 - WILLOW SHADE,231,386,63,6,6,692,1271,56,1327
2025 November General,11/4/2025 0:00,CULPEPER COUNTY,401 - ELDORADO,399,898,80,4,13,1394,2312,69,2381
2025 November General,11/4/2025 0:00,CULPEPER COUNTY,402 - BROWNS STORE,866,1291,216,6,11,2390,3746,97,3843
2025 November General,11/4/2025 0:00,CULPEPER COUNTY,501 - JEFFERSONTON,572,1364,189,14,11,2150,3477,96,3573
2025 November General,11/4/2025 0:00,CULPEPER COUNTY,502 - RIXEYVILLE,684,1047,150,10,11,1902,2891,70,2961
2025 November General,11/4/2025 0:00,CULPEPER COUNTY,601 - MITCHELLS,60,199,8,2,1,270,447,19,466
2025 November General,11/4/2025 0:00,CULPEPER COUNTY,602 - PEARL SAMPLE,877,900,218,12,7,2014,3438,119,3557
2025 November General,11/4/2025 0:00,CULPEPER COUNTY,603 - SOUTH RIDGE,153,336,43,4,,536,1040,63,1103
2025 November General,11/4/2025 0:00,CULPEPER COUNTY,702 - BRANDY STATION,834,1260,180,10,8,2292,3826,124,3950
2025 November General,11/4/2025 0:00,CULPEPER COUNTY,703 - LIGNUM,219,554,48,8,6,835,1393,31,1424
2025 November General,11/4/2025 0:00,CULPEPER COUNTY,704 - RICHARDSVILLE,85,430,30,,1,546,884,16,900
2025 November General,11/4/2025 0:00,CUMBERLAND COUNTY,101 - PRECINCT 1,233,688,53,5,,979,1575,38,1613
2025 November General,11/4/2025 0:00,CUMBERLAND COUNTY,201 - PRECINCT 2,385,476,52,7,,920,1604,34,1638
2025 November General,11/4/2025 0:00,CUMBERLAND COUNTY,301 - PRECINCT 3,326,473,54,8,1,862,1614,23,1637
2025 November General,11/4/2025 0:00,CUMBERLAND COUNTY,401 - PRECINCT 4,287,529,66,2,1,885,1550,30,1580
2025 November General,11/4/2025 0:00,CUMBERLAND COUNTY,501 - PRECINCT 5,166,523,85,4,3,781,1325,41,1366
2025 November General,11/4/2025 0:00,DANVILLE CITY,001 - WARD ONE,95,218,46,1,2,362,872,78,950
2025 November General,11/4/2025 0:00,DANVILLE CITY,002 - WARD TWO,128,228,50,3,2,411,870,75,945
2025 November General,11/4/2025 0:00,DANVILLE CITY,003 - WARD THREE,322,353,87,1,4,767,1608,98,1706
2025 November General,11/4/2025 0:00,DANVILLE CITY,004 - WARD FOUR,479,782,122,18,5,1406,3101,200,3301
2025 November General,11/4/2025 0:00,DANVILLE CITY,006 - WARD SIX,100,208,72,5,3,388,935,60,995
2025 November General,11/4/2025 0:00,DANVILLE CITY,007 - WARD SEVEN,164,314,72,7,3,560,1702,114,1816
2025 November General,11/4/2025 0:00,DANVILLE CITY,008 - WARD EIGHT,171,354,49,5,1,580,1414,103,1517
2025 November General,11/4/2025 0:00,DANVILLE CITY,009 - WARD NINE,165,359,51,2,1,578,1253,76,1329
2025 November General,11/4/2025 0:00,DANVILLE CITY,010 - WARD TEN,243,449,100,7,7,806,1689,105,1794
2025 November General,11/4/2025 0:00,DANVILLE CITY,011 - WARD ELEVEN,391,603,106,4,4,1108,2380,206,2586
2025 November General,11/4/2025 0:00,DANVILLE CITY,012 - WARD TWELVE,359,676,143,6,3,1187,2341,138,2479
2025 November General,11/4/2025 0:00,DANVILLE CITY,013 - WARD THIRTEEN,347,552,101,8,2,1010,2215,214,2429
2025 November General,11/4/2025 0:00,DANVILLE CITY,014 - WARD FOURTEEN,37,71,28,,,136,352,33,385
2025 November General,11/4/2025 0:00,DANVILLE CITY,015 - WARD FIFTEEN,304,533,70,5,1,913,2112,141,2253
2025 November General,11/4/2025 0:00,DANVILLE CITY,016 - WARD SIXTEEN,341,700,80,6,,1127,2246,132,2378
2025 November General,11/4/2025 0:00,DANVILLE CITY,017 - WARD SEVENTEEN,421,576,94,1,1,1093,1891,92,1983
2025 November General,11/4/2025 0:00,DICKENSON COUNTY,101 - SOUTH CLINTWOOD,400,490,55,4,3,952,1959,60,2019
2025 November General,11/4/2025 0:00,DICKENSON COUNTY,201 - NORA,72,193,29,2,,296,677,39,716
2025 November General,11/4/2025 0:00,DICKENSON COUNTY,202 - FRYING PAN,15,97,9,2,,123,247,4,251
2025 November General,11/4/2025 0:00,DICKENSON COUNTY,203 - CLINCHCO,76,286,16,5,1,384,893,31,924
2025 November General,11/4/2025 0:00,DICKENSON COUNTY,301 - WEST DANTE,10,140,6,,,156,275,4,279
2025 November General,11/4/2025 0:00,DICKENSON COUNTY,302 - HERALD,27,242,18,1,,288,580,12,592
2025 November General,11/4/2025 0:00,DICKENSON COUNTY,303 - RIDGE,83,198,9,,,290,593,25,618
2025 November General,11/4/2025 0:00,DICKENSON COUNTY,304 - LONGS FORK,69,157,9,2,1,238,519,26,545
2025 November General,11/4/2025 0:00,DICKENSON COUNTY,401 - HAYSI-COLLEY,173,519,49,9,2,752,1837,101,1938
2025 November General,11/4/2025 0:00,DICKENSON COUNTY,501 - TARPON,54,116,14,0,,184,420,19,439
2025 November General,11/4/2025 0:00,DICKENSON COUNTY,502 - NORTH CLINTWOOD,331,444,37,7,,819,1579,43,1622
2025 November General,11/4/2025 0:00,DINWIDDIE COUNTY,101 - WHITE OAK,124,340,19,7,,490,790,27,817
2025 November General,11/4/2025 0:00,DINWIDDIE COUNTY,102 - ROCKY RUN,309,469,61,2,4,845,1416,34,1450
2025 November General,11/4/2025 0:00,DINWIDDIE COUNTY,103 - CHURCH ROAD,452,725,68,6,3,1254,1950,44,1994
2025 November General,11/4/2025 0:00,DINWIDDIE COUNTY,201 - ROHOIC,199,392,27,5,2,625,1226,53,1279
2025 November General,11/4/2025 0:00,DINWIDDIE COUNTY,202 - SUTHERLAND,648,944,129,6,3,1730,2983,96,3079
2025 November General,11/4/2025 0:00,DINWIDDIE COUNTY,301 - REAMS,123,369,22,6,1,521,846,18,864
2025 November General,11/4/2025 0:00,DINWIDDIE COUNTY,302 - NEW HOPE,290,497,79,13,3,882,1503,51,1554
2025 November General,11/4/2025 0:00,DINWIDDIE COUNTY,303 - LITTLE ZION,575,633,92,11,3,1314,2221,61,2282
2025 November General,11/4/2025 0:00,DINWIDDIE COUNTY,401 - DINWIDDIE,647,607,63,3,1,1321,2214,62,2276
2025 November General,11/4/2025 0:00,DINWIDDIE COUNTY,402 - MCKENNEY,229,450,42,5,1,727,1407,44,1451
2025 November General,11/4/2025 0:00,DINWIDDIE COUNTY,403 - CHERRY HILL,170,278,28,1,,477,813,17,830
2025 November General,11/4/2025 0:00,DINWIDDIE COUNTY,501 - EDGEHILL,180,260,45,7,2,494,1070,50,1120
2025 November General,11/4/2025 0:00,DINWIDDIE COUNTY,502 - CHESDIN,462,828,146,12,3,1451,2668,88,2756
2025 November General,11/4/2025 0:00,EMPORIA CITY,101 - PRECINCT 1-1,69,212,24,3,,308,640,38,678
2025 November General,11/4/2025 0:00,EMPORIA CITY,201 - PRECINCT 2-1,40,108,34,2,,184,447,26,473
2025 November General,11/4/2025 0:00,EMPORIA CITY,301 - PRECINCT 3-1,78,187,23,4,,292,580,21,601
2025 November General,11/4/2025 0:00,EMPORIA CITY,401 - PRECINCT 4-1,69,167,26,2,,264,566,22,588
2025 November General,11/4/2025 0:00,EMPORIA CITY,501 - PRECINCT 5-1,54,100,14,3,2,173,473,32,505
2025 November General,11/4/2025 0:00,EMPORIA CITY,601 - DISTRICT 6,96,205,16,2,,319,628,27,655
2025 November General,11/4/2025 0:00,EMPORIA CITY,701 - DISTRICT 7,32,99,10,3,,144,475,27,502
2025 November General,11/4/2025 0:00,ESSEX COUNTY,101 - GREATER TAPPAHANNOCK,468,522,68,4,3,1065,1849,124,1973
2025 November General,11/4/2025 0:00,ESSEX COUNTY,201 - NORTH,551,602,64,1,,1218,2139,78,2217
2025 November General,11/4/2025 0:00,ESSEX COUNTY,301 - SOUTH,500,753,71,1,1,1326,2144,61,2205
2025 November General,11/4/2025 0:00,ESSEX COUNTY,401 - CENTRAL,572,632,71,,2,1277,2090,62,2152
2025 November General,11/4/2025 0:00,FAIRFAX CITY,001 - ONE,538,768,156,16,6,1484,2595,110,2705
2025 November General,11/4/2025 0:00,FAIRFAX CITY,002 - TWO,743,991,201,46,12,1993,3211,99,3310
2025 November General,11/4/2025 0:00,FAIRFAX CITY,003 - THREE,878,1030,316,18,16,2258,3810,156,3966
2025 November General,11/4/2025 0:00,FAIRFAX CITY,004 - FOUR,871,638,215,19,14,1757,2726,134,2860
2025 November General,11/4/2025 0:00,FAIRFAX CITY,005 - FIVE,545,752,166,30,12,1505,2735,201,2936
2025 November General,11/4/2025 0:00,FAIRFAX CITY,006 - SIX,441,879,133,24,13,1490,2726,147,2873
2025 November General,11/4/2025 0:00,FAIRFAX COUNTY,104 - CHAPEL,441,1025,210,18,23,1717,2544,72,2616
2025 November General,11/4/2025 0:00,FAIRFAX COUNTY,105 - FAIRVIEW,1207,1433,433,31,47,3151,4902,261,5163
2025 November General,11/4/2025 0:00,FAIRFAX COUNTY,106 - HERITAGE,337,1168,218,27,25,1775,4054,351,4405
2025 November General,11/4/2025 0:00,FAIRFAX COUNTY,108 - KINGS PARK,557,1289,218,13,31,2108,3231,137,3368
2025 November General,11/4/2025 0:00,FAIRFAX COUNTY,109 - LITTLE RUN,233,665,122,9,11,1040,1658,80,1738
2025 November General,11/4/2025 0:00,FAIRFAX COUNTY,110 - NORTH SPRINGFIELD,509,1622,368,23,31,2553,4560,192,4752
2025 November General,11/4/2025 0:00,FAIRFAX COUNTY,113 - CANTERBURY,728,1445,364,20,37,2594,3862,138,4000
2025 November General,11/4/2025 0:00,FAIRFAX COUNTY,114 - OLDE CREEK,419,860,212,11,35,1537,2331,119,2450
2025 November General,11/4/2025 0:00,FAIRFAX COUNTY,115 - RAVENSWORTH,169,830,125,14,13,1151,1859,52,1911
2025 November General,11/4/2025 0:00,FAIRFAX COUNTY,116 - WAKEFIELD,420,995,200,15,22,1652,2394,100,2494
2025 November General,11/4/2025 0:00,FAIRFAX COUNTY,117 - WOODSON #1,314,704,160,11,12,1201,1978,128,2106
2025 November General,11/4/2025 0:00,FAIRFAX COUNTY,118 - LAKE BRADDOCK,692,1510,310,21,36,2569,4390,190,4580
2025 November General,11/4/2025 0:00,FAIRFAX COUNTY,119 - LAUREL,741,1549,349,24,44,2707,4138,261,4399
2025 November General,11/4/2025 0:00,FAIRFAX COUNTY,120 - SIDEBURN #1,184,439,83,5,11,722,1094,60,1154
2025 November General,11/4/2025 0:00,FAIRFAX COUNTY,121 - VILLA,338,875,140,47,23,1423,2481,142,2623
2025 November General,11/4/2025 0:00,FAIRFAX COUNTY,123 - ROBINSON,1051,1506,526,42,28,3153,4965,240,5205
2025 November General,11/4/2025 0:00,FAIRFAX COUNTY,125 - SIGNAL HILL,745,1097,335,14,30,2221,3308,113,3421
2025 November General,11/4/2025 0:00,FAIRFAX COUNTY,126 - BONNIE BRAE,417,933,174,16,27,1567,2545,118,2663
2025 November General,11/4/2025 0:00,FAIRFAX COUNTY,127 - BURKE CENTRE,860,1519,373,29,43,2824,4737,358,5095
2025 November General,11/4/2025 0:00,FAIRFAX COUNTY,128 - CARDINAL,387,889,162,11,23,1472,2450,186,2636
2025 November General,11/4/2025 0:00,FAIRFAX COUNTY,129 - KEENE MILL,323,742,121,13,28,1227,1875,82,1957
2025 November General,11/4/2025 0:00,FAIRFAX COUNTY,130 - TERRA CENTRE,442,967,152,24,19,1604,2411,102,2513
2025 November General,11/4/2025 0:00,FAIRFAX COUNTY,131 - EAGLE VIEW #1,296,560,53,18,13,940,1954,275,2229
2025 November General,11/4/2025 0:00,FAIRFAX COUNTY,132 - MONUMENT,1016,1049,337,35,37,2474,5252,512,5764
2025 November General,11/4/2025 0:00,FAIRFAX COUNTY,134 - UNIVERSITY,47,510,16,413,1,987,2409,132,2541
2025 November General,11/4/2025 0:00,FAIRFAX COUNTY,135 - IRVING,635,927,268,12,29,1871,2780,107,2887
2025 November General,11/4/2025 0:00,FAIRFAX COUNTY,136 - WOODSON #2,218,380,97,5,12,712,1088,45,1133
2025 November General,11/4/2025 0:00,FAIRFAX COUNTY,137 - SIDEBURN #2,581,694,184,9,25,1493,2058,104,2162
2025 November General,11/4/2025 0:00,FAIRFAX COUNTY,138 - EAGLE VIEW #2,475,518,260,6,19,1278,2085,94,2179
2025 November General,11/4/2025 0:00,FAIRFAX COUNTY,201 - ARMSTRONG,945,1221,322,23,42,2553,3774,407,4181
2025 November General,11/4/2025 0:00,FAIRFAX COUNTY,202 - FLINT HILL #1,339,495,175,13,19,1041,1537,74,1611
2025 November General,11/4/2025 0:00,FAIRFAX COUNTY,203 - FLORIS,784,1413,320,30,45,2592,3912,162,4074
2025 November General,11/4/2025 0:00,FAIRFAX COUNTY,204 - MADISON,135,334,88,9,11,577,1014,70,1084
2025 November General,11/4/2025 0:00,FAIRFAX COUNTY,208 - RESTON #1,864,1350,278,40,44,2576,4597,647,5244
2025 November General,11/4/2025 0:00,FAIRFAX COUNTY,209 - RESTON #2,899,1302,345,40,43,2629,4285,314,4599
2025 November General,11/4/2025 0:00,FAIRFAX COUNTY,213 - VIENNA #1,720,1580,411,33,79,2823,4335,196,4531
2025 November General,11/4/2025 0:00,FAIRFAX COUNTY,214 - VIENNA #2,607,1318,306,18,68,2317,3487,185,3672
2025 November General,11/4/2025 0:00,FAIRFAX COUNTY,216 - VIENNA #4,233,610,160,13,20,1036,1631,106,1737
2025 November General,11/4/2025 0:00,FAIRFAX COUNTY,218 - VIENNA #6,464,818,311,17,44,1654,2494,116,2610
2025 November General,11/4/2025 0:00,FAIRFAX COUNTY,219 - WESTBRIAR #1,299,656,140,15,25,1135,2026,191,2217
2025 November General,11/4/2025 0:00,FAIRFAX COUNTY,220 - DOGWOOD,783,1475,321,35,36,2650,4709,348,5057
2025 November General,11/4/2025 0:00,FAIRFAX COUNTY,221 - HUNTERS WOODS,754,958,307,17,34,2070,2793,109,2902
2025 November General,11/4/2025 0:00,FAIRFAX COUNTY,222 - RESTON #3,507,784,183,18,23,1515,2215,182,2397
2025 November General,11/4/2025 0:00,FAIRFAX COUNTY,223 - GLADE,811,1296,342,23,54,2526,3824,271,4095
2025 November General,11/4/2025 0:00,FAIRFAX COUNTY,224 - SOUTH LAKES,978,1492,456,50,53,3029,4768,404,5172
2025 November General,11/4/2025 0:00,FAIRFAX COUNTY,225 - HUGHES,756,1260,288,28,55,2387,4183,419,4602
2025 November General,11/4/2025 0:00,FAIRFAX COUNTY,226 - WOLFTRAP,631,1430,303,25,60,2449,3559,150,3709
2025 November General,11/4/2025 0:00,FAIRFAX COUNTY,227 - SUNRISE VALLEY #1,505,789,187,6,18,1505,2104,143,2247
2025 November General,11/4/2025 0:00,FAIRFAX COUNTY,229 - FOX MILL #1,916,1505,349,24,40,2834,4109,166,4275
2025 November General,11/4/2025 0:00,FAIRFAX COUNTY,233 - NORTH POINT,674,778,246,9,24,1731,2535,107,2642
2025 November General,11/4/2025 0:00,FAIRFAX COUNTY,234 - ALDRIN,766,958,247,23,36,2030,2911,241,3152
2025 November General,11/4/2025 0:00,FAIRFAX COUNTY,235 - FRYING PAN,555,1024,198,23,22,1822,3281,251,3532
2025 November General,11/4/2025 0:00,FAIRFAX COUNTY,236 - STUART,311,511,102,15,19,958,1436,62,1498
2025 November General,11/4/2025 0:00,FAIRFAX COUNTY,237 - MCNAIR,584,1338,271,50,42,2285,4460,568,5028
2025 November General,11/4/2025 0:00,FAIRFAX COUNTY,238 - CAMERON GLEN,1373,922,389,51,55,2790,4670,657,5327
2025 November General,11/4/2025 0:00,FAIRFAX COUNTY,240 - COLVIN,586,766,204,15,18,1589,2593,120,2713
2025 November General,11/4/2025 0:00,FAIRFAX COUNTY,241 - FLINT HILL #2,297,594,136,8,20,1055,1581,70,1651
2025 November General,11/4/2025 0:00,FAIRFAX COUNTY,242 - WESTBRIAR #2,330,644,178,13,28,1193,1775,68,1843
2025 November General,11/4/2025 0:00,FAIRFAX COUNTY,243 - SUNRISE VALLEY #2,213,369,97,5,13,697,1044,64,1108
2025 November General,11/4/2025 0:00,FAIRFAX COUNTY,244 - FOX MILL #2,153,150,61,2,6,372,562,28,590
2025 November General,11/4/2025 0:00,FAIRFAX COUNTY,245 - PINEY RUN,237,330,80,4,7,658,1089,47,1136
2025 November General,11/4/2025 0:00,FAIRFAX COUNTY,301 - CHAIN BRIDGE,860,989,360,38,48,2295,3713,314,4027
2025 November General,11/4/2025 0:00,FAIRFAX COUNTY,302 - CHESTERBROOK,670,835,324,31,33,1893,2752,108,2860
2025 November General,11/4/2025 0:00,FAIRFAX COUNTY,303 - CHURCHILL,325,582,154,7,17,1085,1729,80,1809
2025 November General,11/4/2025 0:00,FAIRFAX COUNTY,304 - COOPER,496,631,224,24,43,1418,2434,136,2570
2025 November General,11/4/2025 0:00,FAIRFAX COUNTY,305 - EL NIDO,545,822,236,10,35,1648,2531,130,2661
2025 November General,11/4/2025 0:00,FAIRFAX COUNTY,306 - GREAT FALLS,590,587,140,9,18,1344,2220,103,2323
2025 November General,11/4/2025 0:00,FAIRFAX COUNTY,307 - HAYCOCK,944,1374,442,30,47,2837,4139,173,4312
2025 November General,11/4/2025 0:00,FAIRFAX COUNTY,309 - KENMORE,843,1034,373,31,52,2333,4243,209,4452
2025 November General,11/4/2025 0:00,FAIRFAX COUNTY,310 - KIRBY,491,738,178,13,40,1460,2291,125,2416
2025 November General,11/4/2025 0:00,FAIRFAX COUNTY,311 - LANGLEY,504,652,193,25,26,1400,2187,155,2342
2025 November General,11/4/2025 0:00,FAIRFAX COUNTY,312 - LONGFELLOW,555,886,265,10,39,1755,2719,191,2910
2025 November General,11/4/2025 0:00,FAIRFAX COUNTY,314 - MCLEAN,787,652,214,21,24,1698,2802,181,2983
2025 November General,11/4/2025 0:00,FAIRFAX COUNTY,315 - PIMMIT,703,1107,260,24,28,2122,3596,197,3793
2025 November General,11/4/2025 0:00,FAIRFAX COUNTY,316 - SALONA,646,840,314,15,41,1856,2917,168,3085
2025 November General,11/4/2025 0:00,FAIRFAX COUNTY,317 - WESTHAMPTON,248,342,96,7,8,701,1031,36,1067
2025 November General,11/4/2025 0:00,FAIRFAX COUNTY,318 - WESTMORELAND,340,549,151,16,20,1076,1621,101,1722
2025 November General,11/4/2025 0:00,FAIRFAX COUNTY,319 - HERNDON #1,929,1286,312,26,36,2589,4228,268,4496
2025 November General,11/4/2025 0:00,FAIRFAX COUNTY,320 - HERNDON #2,851,1258,325,28,36,2498,4501,310,4811
2025 November General,11/4/2025 0:00,FAIRFAX COUNTY,321 - CLEARVIEW,870,1472,346,26,35,2749,4094,220,4314
2025 November General,11/4/2025 0:00,FAIRFAX COUNTY,322 - FORESTVILLE,761,917,264,11,39,1992,3409,185,3594
2025 November General,11/4/2025 0:00,FAIRFAX COUNTY,323 - SHOUSE,415,799,197,12,33,1456,2345,81,2426
2025 November General,11/4/2025 0:00,FAIRFAX COUNTY,324 - HERNDON #3,684,1153,273,37,50,2197,4134,375,4509
2025 November General,11/4/2025 0:00,FAIRFAX COUNTY,325 - HUTCHISON,197,798,100,24,14,1133,2527,255,2782
2025 November General,11/4/2025 0:00,FAIRFAX COUNTY,327 - SUGARLAND,828,1218,251,15,52,2364,3671,195,3866
2025 November General,11/4/2025 0:00,FAIRFAX COUNTY,328 - HICKORY,910,960,249,19,27,2165,3521,187,3708
2025 November General,11/4/2025 0:00,FAIRFAX COUNTY,329 - SENECA,753,1096,289,23,41,2202,3627,212,3839
2025 November General,11/4/2025 0:00,FAIRFAX COUNTY,331 - SPRING HILL,526,715,192,10,28,1471,2337,131,2468
2025 November General,11/4/2025 0:00,FAIRFAX COUNTY,332 - COATES,674,1877,353,86,77,3067,6421,885,7306
2025 November General,11/4/2025 0:00,FAIRFAX COUNTY,401 - BUSH HILL,662,1294,312,46,45,2359,3685,211,3896
2025 November General,11/4/2025 0:00,FAIRFAX COUNTY,402 - CAMERON,158,486,93,7,11,755,1213,97,1310
2025 November General,11/4/2025 0:00,FAIRFAX COUNTY,403 - FORESTDALE,217,469,84,10,20,800,1445,87,1532
2025 November General,11/4/2025 0:00,FAIRFAX COUNTY,404 - EDISON #1,419,589,187,14,35,1244,1922,158,2080
2025 November General,11/4/2025 0:00,FAIRFAX COUNTY,405 - GROVETON,297,610,123,21,13,1064,2125,312,2437
2025 November General,11/4/2025 0:00,FAIRFAX COUNTY,406 - HAYFIELD,505,992,232,14,20,1763,2441,117,2558
2025 November General,11/4/2025 0:00,FAIRFAX COUNTY,408 - MOUNT EAGLE,435,969,244,31,38,1717,3057,335,3392
2025 November General,11/4/2025 0:00,FAIRFAX COUNTY,409 - PIONEER,471,1206,276,33,32,2018,4177,381,4558
2025 November General,11/4/2025 0:00,FAIRFAX COUNTY,410 - ROSE HILL,794,1694,422,40,60,3010,4972,356,5328
2025 November General,11/4/2025 0:00,FAIRFAX COUNTY,411 - VIRGINIA HILLS,419,898,191,24,22,1554,2587,144,2731
2025 November General,11/4/2025 0:00,FAIRFAX COUNTY,413 - FAIRFIELD,275,773,141,37,13,1239,2864,297,3161
2025 November General,11/4/2025 0:00,FAIRFAX COUNTY,415 - CRESTWOOD,261,1071,136,19,22,1509,2953,119,3072
2025 November General,11/4/2025 0:00,FAIRFAX COUNTY,417 - GARFIELD,490,1326,222,36,36,2110,4270,228,4498
2025 November General,11/4/2025 0:00,FAIRFAX COUNTY,418 - LYNBROOK #1,131,765,90,13,8,1007,2210,103,2313
2025 November General,11/4/2025 0:00,FAIRFAX COUNTY,419 - LANE,357,816,224,18,33,1448,2578,166,2744
2025 November General,11/4/2025 0:00,FAIRFAX COUNTY,420 - VILLAGES,1006,1434,500,38,68,3046,4834,388,5222
2025 November General,11/4/2025 0:00,FAIRFAX COUNTY,421 - KINGSTOWNE,655,1107,336,37,34,2169,3695,404,4099
2025 November General,11/4/2025 0:00,FAIRFAX COUNTY,422 - VAN DORN,715,1201,326,34,41,2317,3848,435,4283
2025 November General,11/4/2025 0:00,FAIRFAX COUNTY,423 - CLERMONT,504,1092,241,22,40,1899,2875,160,3035
2025 November General,11/4/2025 0:00,FAIRFAX COUNTY,424 - HUNTLEY,545,1087,217,11,34,1894,2781,201,2982
2025 November General,11/4/2025 0:00,FAIRFAX COUNTY,426 - GREENSPRING,130,975,288,29,39,1461,1803,94,1897
2025 November General,11/4/2025 0:00,FAIRFAX COUNTY,427 - ISLAND CREEK,498,1099,223,22,32,1874,2900,203,3103
2025 November General,11/4/2025 0:00,FAIRFAX COUNTY,428 - PINEWOOD,507,939,219,26,15,1706,3567,258,3825
2025 November General,11/4/2025 0:00,FAIRFAX COUNTY,429 - HYBLA VALLEY,388,977,160,28,18,1571,3758,455,4213
2025 November General,11/4/2025 0:00,FAIRFAX COUNTY,431 - WEST SPRINGFIELD,642,1120,256,15,38,2071,3117,185,3302
2025 November General,11/4/2025 0:00,FAIRFAX COUNTY,432 - EDISON #2,617,1031,299,28,23,1998,3532,321,3853
2025 November General,11/4/2025 0:00,FAIRFAX COUNTY,433 - LYNBROOK #2,9,57,8,,2,76,186,12,198
2025 November General,11/4/2025 0:00,FAIRFAX COUNTY,501 - BAILEYS,537,1171,247,52,38,2045,3865,336,4201
2025 November General,11/4/2025 0:00,FAIRFAX COUNTY,502 - BARCROFT,414,505,133,7,19,1078,1460,54,1514
2025 November General,11/4/2025 0:00,FAIRFAX COUNTY,503 - BELVEDERE,421,560,151,14,23,1169,1735,97,1832
2025 November General,11/4/2025 0:00,FAIRFAX COUNTY,504 - BRISTOW,253,884,125,34,10,1306,2921,202,3123
2025 November General,11/4/2025 0:00,FAIRFAX COUNTY,505 - GLEN FOREST,364,943,206,27,28,1568,3222,269,3491
2025 November General,11/4/2025 0:00,FAIRFAX COUNTY,506 - HOLMES,73,216,28,14,2,333,854,38,892
2025 November General,11/4/2025 0:00,FAIRFAX COUNTY,507 - LINCOLNIA,577,1006,244,30,24,1881,3600,378,3978
2025 November General,11/4/2025 0:00,FAIRFAX COUNTY,508 - MASONVILLE,431,747,157,28,13,1376,2253,85,2338
2025 November General,11/4/2025 0:00,FAIRFAX COUNTY,509 - PLAZA,35,453,29,22,3,542,1069,185,1254
2025 November General,11/4/2025 0:00,FAIRFAX COUNTY,510 - PARKLAWN,358,766,167,23,30,1344,2397,118,2515
2025 November General,11/4/2025 0:00,FAIRFAX COUNTY,511 - RAVENWOOD,336,663,151,12,28,1190,1782,96,1878
2025 November General,11/4/2025 0:00,FAIRFAX COUNTY,512 - SLEEPY HOLLOW,664,1122,294,17,36,2133,3312,124,3436
2025 November General,11/4/2025 0:00,FAIRFAX COUNTY,513 - SAINT ALBANS,524,869,233,22,30,1678,2703,109,2812
2025 November General,11/4/2025 0:00,FAIRFAX COUNTY,514 - CROSSROADS,92,372,211,21,16,712,1274,105,1379
2025 November General,11/4/2025 0:00,FAIRFAX COUNTY,515 - WESTLAWN,238,649,113,16,8,1024,1947,73,2020
2025 November General,11/4/2025 0:00,FAIRFAX COUNTY,516 - WEYANOKE,386,1069,199,25,28,1707,3431,322,3753
2025 November General,11/4/2025 0:00,FAIRFAX COUNTY,517 - WILLSTON,166,553,72,32,14,837,1906,245,2151
2025 November General,11/4/2025 0:00,FAIRFAX COUNTY,518 - COLUMBIA,368,892,158,30,16,1464,2957,220,3177
2025 November General,11/4/2025 0:00,FAIRFAX COUNTY,520 - SKYLINE,399,638,205,38,27,1307,2856,399,3255
2025 November General,11/4/2025 0:00,FAIRFAX COUNTY,521 - BROOK HILL,270,766,142,17,22,1217,2449,147,2596
2025 November General,11/4/2025 0:00,FAIRFAX COUNTY,522 - CAMELOT,350,950,192,10,27,1529,2133,89,2222
2025 November General,11/4/2025 0:00,FAIRFAX COUNTY,523 - POE,467,940,229,31,21,1688,2948,180,3128
2025 November General,11/4/2025 0:00,FAIRFAX COUNTY,525 - WALNUT HILL,675,1186,240,27,22,2150,4032,270,4302
2025 November General,11/4/2025 0:00,FAIRFAX COUNTY,526 - BREN MAR,496,1314,259,38,39,2146,3998,411,4409
2025 November General,11/4/2025 0:00,FAIRFAX COUNTY,527 - EDSALL,225,817,132,16,22,1212,2396,104,2500
2025 November General,11/4/2025 0:00,FAIRFAX COUNTY,528 - RIDGELEA,88,271,44,2,7,412,605,35,640
2025 November General,11/4/2025 0:00,FAIRFAX COUNTY,530 - TRIPPS,232,554,116,10,15,927,1913,127,2040
2025 November General,11/4/2025 0:00,FAIRFAX COUNTY,535 - FORT BUFFALO,298,740,120,23,24,1205,2199,194,2393
2025 November General,11/4/2025 0:00,FAIRFAX COUNTY,536 - WOODBURN,624,1094,279,32,34,2063,3497,166,3663
2025 November General,11/4/2025 0:00,FAIRFAX COUNTY,601 - BELLE HAVEN,534,918,169,19,25,1665,2751,167,2918
2025 November General,11/4/2025 0:00,FAIRFAX COUNTY,602 - BELLEVIEW,516,758,163,23,19,1479,2190,257,2447
2025 November General,11/4/2025 0:00,FAIRFAX COUNTY,604 - BUCKNELL,723,1183,250,49,32,2237,4337,543,4880
2025 November General,11/4/2025 0:00,FAIRFAX COUNTY,605 - FORT HUNT,747,852,156,14,26,1795,2543,109,2652
2025 November General,11/4/2025 0:00,FAIRFAX COUNTY,606 - HOLLIN HALL,920,965,215,17,38,2155,2914,141,3055
2025 November General,11/4/2025 0:00,FAIRFAX COUNTY,607 - HUNTINGTON,372,863,171,23,33,1462,3011,545,3556
2025 November General,11/4/2025 0:00,FAIRFAX COUNTY,608 - KIRKSIDE,652,649,162,14,15,1492,2178,107,2285
2025 November General,11/4/2025 0:00,FAIRFAX COUNTY,609 - MARLAN,666,764,198,18,21,1667,2387,132,2519
2025 November General,11/4/2025 0:00,FAIRFAX COUNTY,610 - SHERWOOD,603,598,123,15,12,1351,2383,192,2575
2025 November General,11/4/2025 0:00,FAIRFAX COUNTY,611 - STRATFORD,1045,1051,210,14,37,2357,3234,122,3356
2025 November General,11/4/2025 0:00,FAIRFAX COUNTY,612 - WAYNEWOOD,362,553,104,12,13,1044,1438,90,1528
2025 November General,11/4/2025 0:00,FAIRFAX COUNTY,613 - WESTGATE,914,1222,285,16,27,2464,3438,162,3600
2025 November General,11/4/2025 0:00,FAIRFAX COUNTY,614 - RIVERSIDE,638,696,185,13,13,1545,2190,137,2327
2025 November General,11/4/2025 0:00,FAIRFAX COUNTY,615 - WOODLEY,653,977,239,36,21,1926,3210,236,3446
2025 November General,11/4/2025 0:00,FAIRFAX COUNTY,616 - GUNSTON,377,755,135,31,22,1320,2803,481,3284
2025 November General,11/4/2025 0:00,FAIRFAX COUNTY,617 - LORTON,676,1103,173,40,25,2017,4071,383,4454
2025 November General,11/4/2025 0:00,FAIRFAX COUNTY,618 - NEWINGTON #1,271,978,124,15,17,1405,2290,133,2423
2025 November General,11/4/2025 0:00,FAIRFAX COUNTY,621 - GROSVENOR,342,825,148,42,30,1387,2710,458,3168
2025 November General,11/4/2025 0:00,FAIRFAX COUNTY,622 - LORTON STATION,629,1125,244,40,44,2082,4059,437,4496
2025 November General,11/4/2025 0:00,FAIRFAX COUNTY,623 - ALBAN,380,1078,165,35,28,1686,2992,206,3198
2025 November General,11/4/2025 0:00,FAIRFAX COUNTY,627 - WOODLAWN #1,291,641,114,11,7,1064,2197,204,2401
2025 November General,11/4/2025 0:00,FAIRFAX COUNTY,628 - LAUREL HILL #1,410,1148,190,25,42,1815,3407,262,3669
2025 November General,11/4/2025 0:00,FAIRFAX COUNTY,629 - SOUTH COUNTY,466,784,236,24,37,1547,2498,233,2731
2025 November General,11/4/2025 0:00,FAIRFAX COUNTY,630 - ARMY,493,775,193,18,27,1506,2384,157,2541
2025 November General,11/4/2025 0:00,FAIRFAX COUNTY,631 - POHICK CREEK,454,587,273,34,37,1385,2445,168,2613
2025 November General,11/4/2025 0:00,FAIRFAX COUNTY,632 - HALLEY #1,253,360,77,6,11,707,1107,53,1160
2025 November General,11/4/2025 0:00,FAIRFAX COUNTY,633 - HALLEY #2,82,88,27,2,11,210,329,14,343
2025 November General,11/4/2025 0:00,FAIRFAX COUNTY,634 - NEWINGTON #2,480,1058,191,24,26,1779,3306,202,3508
2025 November General,11/4/2025 0:00,FAIRFAX COUNTY,635 - WOODLAWN #2,279,629,157,47,18,1130,2723,444,3167
2025 November General,11/4/2025 0:00,FAIRFAX COUNTY,636 - LAUREL HILL #2,209,440,80,15,18,762,1673,125,1798
2025 November General,11/4/2025 0:00,FAIRFAX COUNTY,637 - MONTEBELLO,233,485,175,17,17,927,1226,61,1287
2025 November General,11/4/2025 0:00,FAIRFAX COUNTY,701 - BLAKE,881,1414,398,40,46,2779,4898,436,5334
2025 November General,11/4/2025 0:00,FAIRFAX COUNTY,704 - FREEDOM HILL,399,871,196,16,38,1520,2567,160,2727
2025 November General,11/4/2025 0:00,FAIRFAX COUNTY,705 - GRAHAM-GREENWAY,718,1287,237,24,51,2317,3680,197,3877
2025 November General,11/4/2025 0:00,FAIRFAX COUNTY,707 - MANTUA,442,919,270,19,40,1690,2543,110,2653
2025 November General,11/4/2025 0:00,FAIRFAX COUNTY,708 - MARSHALL,724,1185,298,33,34,2274,4006,550,4556
2025 November General,11/4/2025 0:00,FAIRFAX COUNTY,709 - MOSBY #1,410,715,167,35,23,1350,2604,293,2897
2025 November General,11/4/2025 0:00,FAIRFAX COUNTY,710 - PINE SPRING,394,808,147,22,28,1399,2406,169,2575
2025 November General,11/4/2025 0:00,FAIRFAX COUNTY,711 - PRICE,331,803,157,13,21,1325,2217,154,2371
2025 November General,11/4/2025 0:00,FAIRFAX COUNTY,712 - SHREVE,630,981,288,16,36,1951,2680,77,2757
2025 November General,11/4/2025 0:00,FAIRFAX COUNTY,713 - TIMBER LANE,540,1173,213,31,32,1989,3443,251,3694
2025 November General,11/4/2025 0:00,FAIRFAX COUNTY,714 - WALKER,626,1187,278,35,46,2172,3931,205,4136
2025 November General,11/4/2025 0:00,FAIRFAX COUNTY,718 - PINE RIDGE,411,810,214,11,26,1472,2594,179,2773
2025 November General,11/4/2025 0:00,FAIRFAX COUNTY,720 - THOREAU,533,1145,331,14,49,2072,3063,133,3196
2025 November General,11/4/2025 0:00,FAIRFAX COUNTY,721 - MERRIFIELD,656,1208,342,54,43,2303,4168,638,4806
2025 November General,11/4/2025 0:00,FAIRFAX COUNTY,723 - GALLOWS EAST,375,681,170,21,34,1281,2484,323,2807
2025 November General,11/4/2025 0:00,FAIRFAX COUNTY,726 - MAGARITY,756,1392,322,45,50,2565,5101,477,5578
2025 November General,11/4/2025 0:00,FAIRFAX COUNTY,727 - OAKTON,605,873,291,10,26,1805,2671,139,2810
2025 November General,11/4/2025 0:00,FAIRFAX COUNTY,729 - NOTTOWAY,980,959,395,24,44,2402,3821,325,4146
2025 November General,11/4/2025 0:00,FAIRFAX COUNTY,731 - TYSONS,456,625,251,58,11,1401,3119,452,3571
2025 November General,11/4/2025 0:00,FAIRFAX COUNTY,732 - OAKTREE CROSSING,859,1314,368,29,32,2602,4038,220,4258
2025 November General,11/4/2025 0:00,FAIRFAX COUNTY,733 - KILMER,781,1463,428,39,59,2770,4682,400,5082
2025 November General,11/4/2025 0:00,FAIRFAX COUNTY,734 - HUNTERS BRANCH,828,684,224,22,23,1781,2902,263,3165
2025 November General,11/4/2025 0:00,FAIRFAX COUNTY,735 - ROTONDA,95,576,58,14,10,753,1448,118,1566
2025 November General,11/4/2025 0:00,FAIRFAX COUNTY,736 - BEDFORD,52,145,26,7,7,237,612,153,765
2025 November General,11/4/2025 0:00,FAIRFAX COUNTY,737 - MOSBY #2,228,214,112,10,7,571,1074,118,1192
2025 November General,11/4/2025 0:00,FAIRFAX COUNTY,738 - JONES BRANCH,268,619,124,25,14,1050,2426,347,2773
2025 November General,11/4/2025 0:00,FAIRFAX COUNTY,801 - BURKE #1,525,858,185,15,13,1596,2839,227,3066
2025 November General,11/4/2025 0:00,FAIRFAX COUNTY,802 - CEDAR LAKE,315,452,129,16,18,930,1770,189,1959
2025 November General,11/4/2025 0:00,FAIRFAX COUNTY,803 - CLIFTON SOUTH,655,842,219,6,28,1750,2601,121,2722
2025 November General,11/4/2025 0:00,FAIRFAX COUNTY,804 - COLCHESTER,438,689,150,11,15,1303,1926,85,2011
2025 November General,11/4/2025 0:00,FAIRFAX COUNTY,805 - FAIRFAX STATION,476,557,107,9,9,1158,1637,50,1687
2025 November General,11/4/2025 0:00,FAIRFAX COUNTY,806 - SYDENSTRICKER,714,1176,274,22,26,2212,3281,141,3422
2025 November General,11/4/2025 0:00,FAIRFAX COUNTY,807 - HUNT VALLEY,436,1010,177,12,23,1658,2433,129,2562
2025 November General,11/4/2025 0:00,FAIRFAX COUNTY,811 - POHICK,351,705,130,11,28,1225,2186,162,2348
2025 November General,11/4/2025 0:00,FAIRFAX COUNTY,812 - VALLEY,655,1086,234,19,41,2035,3064,163,3227
2025 November General,11/4/2025 0:00,FAIRFAX COUNTY,815 - WOODYARD,430,479,145,6,14,1074,1635,68,1703
2025 November General,11/4/2025 0:00,FAIRFAX COUNTY,824 - ORANGE,849,1509,332,21,39,2750,4082,200,4282
2025 November General,11/4/2025 0:00,FAIRFAX COUNTY,825 - CHERRY RUN,662,1062,273,8,44,2049,2953,139,3092
2025 November General,11/4/2025 0:00,FAIRFAX COUNTY,833 - WHITE OAKS,464,1261,231,31,29,2016,3360,147,3507
2025 November General,11/4/2025 0:00,FAIRFAX COUNTY,838 - SANGSTER,552,898,208,14,22,1694,2370,98,2468
2025 November General,11/4/2025 0:00,FAIRFAX COUNTY,839 - SILVERBROOK,755,1327,284,15,31,2412,3603,150,3753
2025 November General,11/4/2025 0:00,FAIRFAX COUNTY,841 - POPES HEAD,371,601,113,4,15,1104,1656,87,1743
2025 November General,11/4/2025 0:00,FAIRFAX COUNTY,842 - PARKWAY,476,886,175,8,22,1567,2412,90,2502
2025 November General,11/4/2025 0:00,FAIRFAX COUNTY,843 - FAIR LAKES,528,1163,245,26,29,1991,3508,286,3794
2025 November General,11/4/2025 0:00,FAIRFAX COUNTY,844 - CENTERPOINTE,562,723,246,36,24,1591,3351,507,3858
2025 November General,11/4/2025 0:00,FAIRFAX COUNTY,845 - FOUNTAINHEAD,805,1309,315,22,27,2478,3805,195,4000
2025 November General,11/4/2025 0:00,FAIRFAX COUNTY,846 - GREENBRIAR EAST,606,1127,244,37,40,2054,3728,407,4135
2025 November General,11/4/2025 0:00,FAIRFAX COUNTY,847 - GREENBRIAR WEST,366,917,177,14,22,1496,2522,162,2684
2025 November General,11/4/2025 0:00,FAIRFAX COUNTY,848 - FAIR OAKS,831,961,351,26,33,2202,4475,315,4790
2025 November General,11/4/2025 0:00,FAIRFAX COUNTY,849 - NEWGATE NORTH,630,1039,211,8,27,1915,2866,123,2989
2025 November General,11/4/2025 0:00,FAIRFAX COUNTY,850 - SOUTH RUN,781,989,294,13,36,2113,3039,126,3165
2025 November General,11/4/2025 0:00,FAIRFAX COUNTY,851 - WILLOW SPRINGS #1,224,399,155,7,9,794,1289,64,1353
2025 November General,11/4/2025 0:00,FAIRFAX COUNTY,854 - NEWGATE SOUTH,632,1075,174,16,17,1914,2936,169,3105
2025 November General,11/4/2025 0:00,FAIRFAX COUNTY,855 - SARATOGA,559,1353,290,44,34,2280,3818,228,4046
2025 November General,11/4/2025 0:00,FAIRFAX COUNTY,856 - PENDERBROOK,559,1347,249,24,33,2212,3985,378,4363
2025 November General,11/4/2025 0:00,FAIRFAX COUNTY,857 - ISLAND POND,25,60,27,2,,114,209,4,213
2025 November General,11/4/2025 0:00,FAIRFAX COUNTY,858 - CLIFTON TOWN,37,91,11,1,2,142,201,6,207
2025 November General,11/4/2025 0:00,FAIRFAX COUNTY,859 - LIBERTY,553,655,206,16,13,1443,2237,81,2318
2025 November General,11/4/2025 0:00,FAIRFAX COUNTY,860 - SANDY RUN,286,398,92,13,13,802,1234,48,1282
2025 November General,11/4/2025 0:00,FAIRFAX COUNTY,861 - BURKE #2,387,768,166,9,27,1357,2331,147,2478
2025 November General,11/4/2025 0:00,FAIRFAX COUNTY,862 - WILLOW SPRINGS #2,374,521,143,5,10,1053,1735,81,1816
2025 November General,11/4/2025 0:00,FAIRFAX COUNTY,901 - CENTRE RIDGE,603,981,196,29,36,1845,3681,300,3981
2025 November General,11/4/2025 0:00,FAIRFAX COUNTY,902 - BROOKFIELD,520,1456,252,39,33,2300,4546,280,4826
2025 November General,11/4/2025 0:00,FAIRFAX COUNTY,903 - CUB RUN,1110,1451,276,27,31,2895,4857,361,5218
2025 November General,11/4/2025 0:00,FAIRFAX COUNTY,904 - STONECROFT,315,651,107,20,14,1107,2186,98,2284
2025 November General,11/4/2025 0:00,FAIRFAX COUNTY,905 - FRANKLIN,635,1085,202,8,15,1945,2872,99,2971
2025 November General,11/4/2025 0:00,FAIRFAX COUNTY,908 - HIDDEN MEADOW,519,876,213,22,15,1645,2378,121,2499
2025 November General,11/4/2025 0:00,FAIRFAX COUNTY,909 - OAK HILL,436,863,152,7,17,1475,2177,68,2245
2025 November General,11/4/2025 0:00,FAIRFAX COUNTY,910 - LONDON TOWNE,589,1323,210,28,24,2174,4279,256,4535
2025 November General,11/4/2025 0:00,FAIRFAX COUNTY,911 - NAVY,877,1272,337,30,45,2561,4246,186,4432
2025 November General,11/4/2025 0:00,FAIRFAX COUNTY,913 - ROCKY RUN,1083,1570,381,32,40,3106,5279,129,5408
2025 November General,11/4/2025 0:00,FAIRFAX COUNTY,914 - VALE,633,881,277,14,24,1829,2736,129,2865
2025 November General,11/4/2025 0:00,FAIRFAX COUNTY,915 - VIRGINIA RUN,638,1028,169,9,30,1874,2962,114,3076
2025 November General,11/4/2025 0:00,FAIRFAX COUNTY,916 - WAPLES MILL,1133,1404,455,15,32,3039,4469,189,4658
2025 November General,11/4/2025 0:00,FAIRFAX COUNTY,917 - STONE,703,1264,232,26,27,2252,4074,237,4311
2025 November General,11/4/2025 0:00,FAIRFAX COUNTY,918 - CENTREVILLE,647,1523,310,35,35,2550,5054,428,5482
2025 November General,11/4/2025 0:00,FAIRFAX COUNTY,919 - GREEN TRAILS,657,1483,293,37,33,2503,4744,247,4991
2025 November General,11/4/2025 0:00,FAIRFAX COUNTY,920 - CHANTILLY,386,648,192,18,16,1260,2401,96,2497
2025 November General,11/4/2025 0:00,FAIRFAX COUNTY,921 - DEER PARK,673,1199,230,18,29,2149,3482,139,3621
2025 November General,11/4/2025 0:00,FAIRFAX COUNTY,923 - BULL RUN,561,947,166,21,24,1719,2803,110,2913
2025 November General,11/4/2025 0:00,FAIRFAX COUNTY,924 - SPINDLE,373,562,101,23,19,1078,2420,255,2675
2025 November General,11/4/2025 0:00,FAIRFAX COUNTY,925 - OLD MILL,321,674,101,18,12,1126,2032,80,2112
2025 November General,11/4/2025 0:00,FAIRFAX COUNTY,926 - POWELL,556,1389,277,49,34,2305,4950,262,5212
2025 November General,11/4/2025 0:00,FAIRFAX COUNTY,927 - ARMFIELD,459,981,203,27,24,1694,3217,227,3444
2025 November General,11/4/2025 0:00,FAIRFAX COUNTY,928 - POPLAR TREE,571,1102,177,14,23,1887,2999,107,3106
2025 November General,11/4/2025 0:00,FAIRFAX COUNTY,929 - DIFFICULT RUN,122,206,51,2,8,389,576,22,598
2025 November General,11/4/2025 0:00,FAIRFAX COUNTY,931 - CARSON,395,866,219,23,23,1526,2499,116,2615
2025 November General,11/4/2025 0:00,FAIRFAX COUNTY,934 - FOX VALLEY,188,517,91,7,12,815,1461,85,1546
2025 November General,11/4/2025 0:00,FAIRFAX COUNTY,935 - ROBINSON MILL,107,204,40,11,4,366,899,104,1003
2025 November General,11/4/2025 0:00,FALLS CHURCH CITY,001 - FIRST WARD,1025,1080,250,34,7,2396,3655,180,3835
2025 November General,11/4/2025 0:00,FALLS CHURCH CITY,002 - SECOND WARD,1207,971,238,39,9,2464,3573,299,3872
2025 November General,11/4/2025 0:00,FALLS CHURCH CITY,003 - THIRD WARD,1324,1038,355,44,13,2774,4093,184,4277
2025 November General,11/4/2025 0:00,FAUQUIER COUNTY,101 - KETTLE RUN,394,648,73,7,8,1130,1769,46,1815
2025 November General,11/4/2025 0:00,FAUQUIER COUNTY,102 - CATLETT,711,1133,118,9,10,1981,3401,99,3500
2025 November General,11/4/2025 0:00,FAUQUIER COUNTY,103 - CASANOVA,1116,985,138,12,22,2273,3628,108,3736
2025 November General,11/4/2025 0:00,FAUQUIER COUNTY,104 - LOIS,284,529,50,8,3,874,1450,38,1488
2025 November General,11/4/2025 0:00,FAUQUIER COUNTY,105 - OPAL,326,590,35,11,1,963,1586,53,1639
2025 November General,11/4/2025 0:00,FAUQUIER COUNTY,201 - WARD 1,374,482,88,9,6,959,1601,65,1666
2025 November General,11/4/2025 0:00,FAUQUIER COUNTY,202 - WARD 2,353,366,64,7,6,796,1351,84,1435
2025 November General,11/4/2025 0:00,FAUQUIER COUNTY,203 - WARD 3,327,447,60,11,3,848,1484,55,1539
2025 November General,11/4/2025 0:00,FAUQUIER COUNTY,204 - WARD 4,448,437,69,8,7,969,1491,46,1537
2025 November General,11/4/2025 0:00,FAUQUIER COUNTY,205 - WARD 5,406,391,68,8,5,878,1394,64,1458
2025 November General,11/4/2025 0:00,FAUQUIER COUNTY,206 - AIRLIE,713,979,164,9,16,1881,2845,86,2931
2025 November General,11/4/2025 0:00,FAUQUIER COUNTY,301 - MORRISVILLE,648,1101,101,15,11,1876,3512,113,3625
2025 November General,11/4/2025 0:00,FAUQUIER COUNTY,302 - BOTHA,602,1137,113,12,8,1872,3263,106,3369
2025 November General,11/4/2025 0:00,FAUQUIER COUNTY,303 - BEALETON,552,1011,95,14,10,1682,3266,158,3424
2025 November General,11/4/2025 0:00,FAUQUIER COUNTY,304 - REMINGTON,52,139,7,3,,201,397,19,416
2025 November General,11/4/2025 0:00,FAUQUIER COUNTY,401 - SALEM,805,1094,188,10,24,2121,3407,136,3543
2025 November General,11/4/2025 0:00,FAUQUIER COUNTY,402 - LEEDS,782,1299,219,17,15,2332,3414,107,3521
2025 November General,11/4/2025 0:00,FAUQUIER COUNTY,403 - WATERLOO,1092,995,236,16,9,2348,3477,86,3563
2025 November General,11/4/2025 0:00,FAUQUIER COUNTY,404 - SPRINGS VALLEY,399,464,72,4,5,944,1455,46,1501
2025 November General,11/4/2025 0:00,FAUQUIER COUNTY,501 - HOPEWELL,317,521,92,10,9,949,1456,75,1531
2025 November General,11/4/2025 0:00,FAUQUIER COUNTY,502 - NEW BALTIMORE,1044,1249,210,18,16,2537,3837,154,3991
2025 November General,11/4/2025 0:00,FAUQUIER COUNTY,503 - BROAD RUN,709,830,153,14,9,1715,2491,72,2563
2025 November General,11/4/2025 0:00,FAUQUIER COUNTY,504 - VINT HILL,1248,921,206,19,10,2404,3601,123,3724
2025 November General,11/4/2025 0:00,FAUQUIER COUNTY,505 - THE PLAINS,31,85,5,2,,123,208,14,222
2025 November General,11/4/2025 0:00,FLOYD COUNTY,101 - LOCUST GROVE,420,919,92,6,4,1441,2414,42,2456
2025 November General,11/4/2025 0:00,FLOYD COUNTY,201 - LITTLE RIVER,677,754,112,3,4,1550,2392,49,2441
2025 November General,11/4/2025 0:00,FLOYD COUNTY,301 - COURTHOUSE,639,683,83,7,5,1417,2340,43,2383
2025 November General,11/4/2025 0:00,FLOYD COUNTY,401 - BURKS FORK,567,812,89,8,4,1480,2413,55,2468
2025 November General,11/4/2025 0:00,FLOYD COUNTY,501 - INDIAN VALLEY,522,914,99,11,5,1551,2395,45,2440
2025 November General,11/4/2025 0:00,FLUVANNA COUNTY,101 - PALMYRA,1190,1020,304,27,9,2550,4272,105,4377
2025 November General,11/4/2025 0:00,FLUVANNA COUNTY,201 - COLUMBIA,1024,1258,250,14,8,2554,4057,94,4151
2025 November General,11/4/2025 0:00,FLUVANNA COUNTY,301 - FORK UNION,1141,1213,227,9,12,2602,4337,103,4440
2025 November General,11/4/2025 0:00,FLUVANNA COUNTY,401 - CUNNINGHAM,1494,958,217,13,7,2689,4122,94,4216
2025 November General,11/4/2025 0:00,FLUVANNA COUNTY,501 - RIVANNA,1855,1000,237,13,4,3109,4628,143,4771
2025 November General,11/4/2025 0:00,FRANKLIN CITY,101 - PRECINCT 1-1,281,330,57,6,1,675,1049,34,1083
2025 November General,11/4/2025 0:00,FRANKLIN CITY,201 - PRECINCT 2-1,195,365,49,6,1,616,1129,49,1178
2025 November General,11/4/2025 0:00,FRANKLIN CITY,301 - PRECINCT 3-1,114,226,41,3,1,385,862,29,891
2025 November General,11/4/2025 0:00,FRANKLIN CITY,401 - PRECINCT 4-1,120,203,38,7,,368,924,40,964
2025 November General,11/4/2025 0:00,FRANKLIN CITY,501 - PRECINCT 5-1,104,206,33,4,3,350,837,35,872
2025 November General,11/4/2025 0:00,FRANKLIN CITY,601 - PRECINCT 6-1,190,308,52,1,,551,1113,30,1143
2025 November General,11/4/2025 0:00,FRANKLIN COUNTY,102 - BURNT CHIMNEY,729,1340,235,7,18,2329,3612,197,3809
2025 November General,11/4/2025 0:00,FRANKLIN COUNTY,103 - SCRUGGS,748,1344,191,8,13,2304,3231,79,3310
2025 November General,11/4/2025 0:00,FRANKLIN COUNTY,201 - GLADE HILL,199,485,22,5,4,715,1266,24,1290
2025 November General,11/4/2025 0:00,FRANKLIN COUNTY,202 - PENHOOK,397,640,99,5,5,1146,1641,78,1719
2025 November General,11/4/2025 0:00,FRANKLIN COUNTY,203 - HODGESVILLE,255,516,54,5,1,831,1531,51,1582
2025 November General,11/4/2025 0:00,FRANKLIN COUNTY,204 - DUDLEY,313,725,88,,9,1135,1865,59,1924
2025 November General,11/4/2025 0:00,FRANKLIN COUNTY,301 - SNOW CREEK,136,412,30,3,2,583,1088,26,1114
2025 November General,11/4/2025 0:00,FRANKLIN COUNTY,302 - FORK MOUNTAIN,133,426,13,3,1,576,1072,28,1100
2025 November General,11/4/2025 0:00,FRANKLIN COUNTY,303 - SONTAG,311,642,44,1,2,1000,2126,45,2171
2025 November General,11/4/2025 0:00,FRANKLIN COUNTY,304 - DICKINSON,201,388,35,1,1,626,1108,21,1129
2025 November General,11/4/2025 0:00,FRANKLIN COUNTY,401 - HENRY,178,531,46,1,,756,1404,68,1472
2025 November General,11/4/2025 0:00,FRANKLIN COUNTY,402 - FERRUM,186,479,27,9,6,707,1418,44,1462
2025 November General,11/4/2025 0:00,FRANKLIN COUNTY,403 - ENDICOTT,89,345,29,,,463,809,21,830
2025 November General,11/4/2025 0:00,FRANKLIN COUNTY,404 - WAIDSBORO,163,406,27,1,1,598,1213,27,1240
2025 November General,11/4/2025 0:00,FRANKLIN COUNTY,502 - CALLAWAY,299,796,40,5,4,1144,1892,39,1931
2025 November General,11/4/2025 0:00,FRANKLIN COUNTY,503 - BOWMANS,320,695,78,4,3,1100,1761,42,1803
2025 November General,11/4/2025 0:00,FRANKLIN COUNTY,504 - GOGGINSVILLE,363,777,48,3,2,1193,1979,54,2033
2025 November General,11/4/2025 0:00,FRANKLIN COUNTY,601 - BOONES MILL,403,911,95,5,9,1423,2628,73,2701
2025 November General,11/4/2025 0:00,FRANKLIN COUNTY,602 - BONBROOK,275,784,52,4,6,1121,1879,42,1921
2025 November General,11/4/2025 0:00,FRANKLIN COUNTY,603 - COOPERS COVE,140,595,54,4,4,797,1274,28,1302
2025 November General,11/4/2025 0:00,FRANKLIN COUNTY,701 - ROCKY MOUNT EAST,322,510,63,3,2,900,1780,63,1843
2025 November General,11/4/2025 0:00,FRANKLIN COUNTY,702 - ROCKY MOUNT WEST,387,605,67,7,4,1070,2021,76,2097
2025 November General,11/4/2025 0:00,FRANKLIN COUNTY,703 - ROCKY MOUNT SOUTH,290,413,62,1,1,767,1384,41,1425
2025 November General,11/4/2025 0:00,FREDERICK COUNTY,101 - RUSSELLS,747,1038,132,19,11,1947,3228,110,3338
2025 November General,11/4/2025 0:00,FREDERICK COUNTY,102 - GORE,472,1240,81,14,9,1816,3546,193,3739
2025 November General,11/4/2025 0:00,FREDERICK COUNTY,103 - KERNSTOWN,773,1042,172,9,6,2002,3023,143,3166
2025 November General,11/4/2025 0:00,FREDERICK COUNTY,104 - CEDAR CREEK,167,479,31,7,2,686,1085,44,1129
2025 November General,11/4/2025 0:00,FREDERICK COUNTY,105 - MIDDLETOWN ,124,545,40,8,2,719,1367,76,1443
2025 November General,11/4/2025 0:00,FREDERICK COUNTY,201 - GAINESBOROUGH,457,678,63,6,3,1207,2079,91,2170
2025 November General,11/4/2025 0:00,FREDERICK COUNTY,202 - ALBIN,771,673,107,11,6,1568,2446,108,2554
2025 November General,11/4/2025 0:00,FREDERICK COUNTY,203 - REDLAND,858,1110,125,16,11,2120,3759,252,4011
2025 November General,11/4/2025 0:00,FREDERICK COUNTY,204 - NAIN,647,462,155,7,8,1279,2239,96,2335
2025 November General,11/4/2025 0:00,FREDERICK COUNTY,205 - WHITE HALL,432,475,47,5,5,964,1578,58,1636
2025 November General,11/4/2025 0:00,FREDERICK COUNTY,301 - CLEAR BROOK,521,845,61,7,3,1437,2599,135,2734
2025 November General,11/4/2025 0:00,FREDERICK COUNTY,302 - NEFF'S TOWN,103,228,42,5,2,380,994,93,1087
2025 November General,11/4/2025 0:00,FREDERICK COUNTY,303 - JORDAN SPRINGS,681,1256,139,20,10,2106,3693,203,3896
2025 November General,11/4/2025 0:00,FREDERICK COUNTY,304 - GIBSON SCHOOL,131,248,27,8,6,420,1166,99,1265
2025 November General,11/4/2025 0:00,FREDERICK COUNTY,305 - SUNNYSIDE,444,361,90,8,6,909,1577,107,1684
2025 November General,11/4/2025 0:00,FREDERICK COUNTY,401 - ARMEL,380,870,80,6,5,1341,2302,122,2424
2025 November General,11/4/2025 0:00,FREDERICK COUNTY,402 - SHENANDOAH,857,1062,118,21,12,2070,3695,184,3879
2025 November General,11/4/2025 0:00,FREDERICK COUNTY,403 - PARKIN'S MILL,421,1062,103,11,7,1604,3177,259,3436
2025 November General,11/4/2025 0:00,FREDERICK COUNTY,404 - WHITE OAK SCHOOL,582,864,94,10,4,1554,2577,111,2688
2025 November General,11/4/2025 0:00,FREDERICK COUNTY,501 - STEPHENS CITY,275,592,69,11,6,953,1993,124,2117
2025 November General,11/4/2025 0:00,FREDERICK COUNTY,502 - BASS-HOOVER,294,854,85,11,7,1251,2563,206,2769
2025 November General,11/4/2025 0:00,FREDERICK COUNTY,503 - CANTERBURG,1222,927,218,10,2,2379,3483,120,3603
2025 November General,11/4/2025 0:00,FREDERICK COUNTY,504 - VAUCLUSE SPRING,532,966,98,7,9,1612,2861,136,2997
2025 November General,11/4/2025 0:00,FREDERICK COUNTY,505 - AYLOR,306,613,67,13,10,1009,1618,95,1713
2025 November General,11/4/2025 0:00,FREDERICK COUNTY,601 - MILLBROOK,419,899,80,19,4,1421,2742,158,2900
2025 November General,11/4/2025 0:00,FREDERICK COUNTY,602 - ASH HOLLOW,544,862,94,12,7,1519,3144,215,3359
2025 November General,11/4/2025 0:00,FREDERICK COUNTY,603 - GREENWOOD,708,1290,108,17,6,2129,3633,188,3821
2025 November General,11/4/2025 0:00,FREDERICK COUNTY,604 - CARPERS VALLEY,141,317,28,1,1,488,970,40,1010
2025 November General,11/4/2025 0:00,FREDERICK COUNTY,605 - SULPHUR SPRING,78,68,23,1,,170,311,10,321
2025 November General,11/4/2025 0:00,FREDERICKSBURG CITY,101 - HUGH MERCER,762,1232,297,31,35,2357,4590,349,4939
2025 November General,11/4/2025 0:00,FREDERICKSBURG CITY,201 - DOROTHY HART,955,1492,252,129,15,2843,4239,221,4460
2025 November General,11/4/2025 0:00,FREDERICKSBURG CITY,301 - GLADYS WEST,1040,1441,325,40,35,2881,5295,322,5617
2025 November General,11/4/2025 0:00,FREDERICKSBURG CITY,401 - FCPS ADMINISTRATION,551,656,175,27,21,1430,2662,171,2833
2025 November General,11/4/2025 0:00,FREDERICKSBURG CITY,402 - V.F.W 3103,361,564,143,25,12,1105,2556,262,2818
2025 November General,11/4/2025 0:00,GALAX CITY,001 - EAST,275,487,61,6,2,831,1918,79,1997
2025 November General,11/4/2025 0:00,GALAX CITY,005 - WEST,441,570,55,2,2,1070,2095,96,2191
2025 November General,11/4/2025 0:00,GILES COUNTY,102 - RICH CREEK,143,300,23,2,,468,1067,57,1124
2025 November General,11/4/2025 0:00,GILES COUNTY,103 - NARROWS,559,685,34,4,1,1283,2476,153,2629
2025 November General,11/4/2025 0:00,GILES COUNTY,201 - PEARISBURG,962,802,78,8,4,1854,3252,110,3362
2025 November General,11/4/2025 0:00,GILES COUNTY,202 - STAFFORDSVILLE,81,240,9,2,1,333,529,15,544
2025 November General,11/4/2025 0:00,GILES COUNTY,203 - WHITE GATE,39,136,6,2,,183,294,9,303
2025 November General,11/4/2025 0:00,GILES COUNTY,301 - EGGLESTON,176,369,26,1,,572,902,19,921
2025 November General,11/4/2025 0:00,GILES COUNTY,302 - PEMBROKE,470,847,52,6,1,1376,2340,61,2401
2025 November General,11/4/2025 0:00,GILES COUNTY,303 - NEWPORT,234,494,33,5,2,768,1164,26,1190
2025 November General,11/4/2025 0:00,GLOUCESTER COUNTY,101 - HARCUM,449,846,64,3,1,1363,2257,55,2312
2025 November General,11/4/2025 0:00,GLOUCESTER COUNTY,102 - SALEM,299,688,38,3,1,1029,1914,47,1961
2025 November General,11/4/2025 0:00,GLOUCESTER COUNTY,103 - PEASLEY,266,665,53,2,2,988,1669,36,1705
2025 November General,11/4/2025 0:00,GLOUCESTER COUNTY,201 - COURTHOUSE,638,781,92,4,8,1523,2436,54,2490
2025 November General,11/4/2025 0:00,GLOUCESTER COUNTY,202 - BOTETOURT,840,1094,122,7,4,2067,3549,107,3656
2025 November General,11/4/2025 0:00,GLOUCESTER COUNTY,301 - WHITE MARSH,811,1217,131,12,1,2172,3794,108,3902
2025 November General,11/4/2025 0:00,GLOUCESTER COUNTY,302 - ROANES,599,749,109,3,,1460,2557,73,2630
2025 November General,11/4/2025 0:00,GLOUCESTER COUNTY,401 - HAYES,541,1017,107,8,3,1676,3245,132,3377
2025 November General,11/4/2025 0:00,GLOUCESTER COUNTY,402 - SARAHS CREEK,406,1022,91,5,2,1526,2601,102,2703
2025 November General,11/4/2025 0:00,GLOUCESTER COUNTY,501 - ACHILLES,619,1460,113,10,3,2205,3692,101,3793
2025 November General,11/4/2025 0:00,GLOUCESTER COUNTY,502 - WALKER,476,835,69,7,1,1388,2544,79,2623
2025 November General,11/4/2025 0:00,GOOCHLAND COUNTY,101 - FIFE,483,638,55,13,3,1192,1889,28,1917
2025 November General,11/4/2025 0:00,GOOCHLAND COUNTY,102 - HADENSVILLE,607,841,72,3,6,1529,2375,44,2419
2025 November General,11/4/2025 0:00,GOOCHLAND COUNTY,201 - THREE SQUARE,747,530,65,9,4,1355,2045,40,2085
2025 November General,11/4/2025 0:00,GOOCHLAND COUNTY,202 - SANDY HOOK,777,608,81,4,2,1472,2112,52,2164
2025 November General,11/4/2025 0:00,GOOCHLAND COUNTY,301 - BEAVERDAM,1011,663,85,7,6,1772,2430,57,2487
2025 November General,11/4/2025 0:00,GOOCHLAND COUNTY,302 - RANDOLPH,634,520,69,8,1,1232,1661,28,1689
2025 November General,11/4/2025 0:00,GOOCHLAND COUNTY,401 - SHALLOW WELL,342,457,56,4,4,863,1191,27,1218
2025 November General,11/4/2025 0:00,GOOCHLAND COUNTY,402 - CENTERVILLE,1069,1031,241,10,13,2364,3002,48,3050
2025 November General,11/4/2025 0:00,GOOCHLAND COUNTY,403 - WEST CREEK,228,781,147,16,5,1177,1547,113,1660
2025 November General,11/4/2025 0:00,GOOCHLAND COUNTY,501 - MANAKIN,699,903,171,7,7,1787,2343,38,2381
2025 November General,11/4/2025 0:00,GOOCHLAND COUNTY,502 - BLAIR,907,1121,335,14,19,2396,3156,49,3205
2025 November General,11/4/2025 0:00,GRAYSON COUNTY,101 - BRIDLE CREEK,131,249,26,,,406,675,14,689
2025 November General,11/4/2025 0:00,GRAYSON COUNTY,102 - FLATRIDGE,25,120,4,,,149,262,7,269
2025 November General,11/4/2025 0:00,GRAYSON COUNTY,103 - GRANT,53,214,27,,,294,443,13,456
2025 November General,11/4/2025 0:00,GRAYSON COUNTY,104 - MOUTH OF WILSON,40,105,12,,,157,293,20,313
2025 November General,11/4/2025 0:00,GRAYSON COUNTY,105 - MOUNT ROGERS,15,147,7,,4,173,362,8,370
2025 November General,11/4/2025 0:00,GRAYSON COUNTY,106 - RUGBY,28,132,11,,,171,313,4,317
2025 November General,11/4/2025 0:00,GRAYSON COUNTY,107 - TROUTDALE,15,82,2,2,1,102,187,8,195
2025 November General,11/4/2025 0:00,GRAYSON COUNTY,108 - COMERS ROCK,40,106,11,,2,159,235,9,244
2025 November General,11/4/2025 0:00,GRAYSON COUNTY,202 - ELK CREEK,155,281,27,1,,464,772,17,789
2025 November General,11/4/2025 0:00,GRAYSON COUNTY,203 - INDEPENDENCE,411,508,39,,2,960,1776,59,1835
2025 November General,11/4/2025 0:00,GRAYSON COUNTY,301 - BAYWOOD,181,413,33,3,,630,1153,40,1193
2025 November General,11/4/2025 0:00,GRAYSON COUNTY,302 - FAIRVIEW,180,599,54,4,,837,1567,64,1631
2025 November General,11/4/2025 0:00,GRAYSON COUNTY,401 - FRIES,56,273,16,6,,351,712,13,725
2025 November General,11/4/2025 0:00,GRAYSON COUNTY,402 - PROVIDENCE,154,559,40,2,1,756,1328,35,1363
2025 November General,11/4/2025 0:00,GRAYSON COUNTY,403 - OLDTOWN,52,229,26,,,307,625,39,664
2025 November General,11/4/2025 0:00,GREENE COUNTY,101 - DYKE,297,505,29,5,,836,1388,29,1417
2025 November General,11/4/2025 0:00,GREENE COUNTY,102 - SWIFT RUN,503,700,118,17,3,1341,2362,47,2409
2025 November General,11/4/2025 0:00,GREENE COUNTY,201 - RUCKERSVILLE,823,1212,183,33,6,2257,3895,174,4069
2025 November General,11/4/2025 0:00,GREENE COUNTY,301 - STANARDSVILLE,1169,1014,123,11,1,2318,3681,103,3784
2025 November General,11/4/2025 0:00,GREENE COUNTY,302 - STANARDSVILLE TOWN,55,37,9,1,1,103,225,10,235
2025 November General,11/4/2025 0:00,GREENE COUNTY,401 - MIDWAY,1235,1179,260,18,10,2702,4207,92,4299
2025 November General,11/4/2025 0:00,GREENSVILLE COUNTY,101 - PRECINCT 1-A,51,199,28,,1,279,529,7,536
2025 November General,11/4/2025 0:00,GREENSVILLE COUNTY,102 - PRECINCT 1-B,45,104,11,1,,161,267,5,272
2025 November General,11/4/2025 0:00,GREENSVILLE COUNTY,103 - PRECINCT 1-C,92,219,35,1,,347,817,33,850
2025 November General,11/4/2025 0:00,GREENSVILLE COUNTY,201 - PRECINCT 2-A,97,259,33,3,,392,771,26,797
2025 November General,11/4/2025 0:00,GREENSVILLE COUNTY,202 - PRECINCT 2-B,168,365,39,,,572,956,30,986
2025 November General,11/4/2025 0:00,GREENSVILLE COUNTY,302 - PRECINCT 3-A,205,355,93,6,,659,1241,30,1271
2025 November General,11/4/2025 0:00,GREENSVILLE COUNTY,401 - PRECINCT 4-A,48,184,18,,,250,416,5,421
2025 November General,11/4/2025 0:00,GREENSVILLE COUNTY,402 - PRECINCT 4-B,96,256,29,2,,383,780,23,803
2025 November General,11/4/2025 0:00,GREENSVILLE COUNTY,403 - PRECINCT 4-C,122,156,24,1,,303,558,11,569
2025 November General,11/4/2025 0:00,HALIFAX COUNTY,101 - CHILDREY,126,478,21,2,1,628,1107,20,1127
2025 November General,11/4/2025 0:00,HALIFAX COUNTY,102 - LIBERTY,88,227,22,1,,338,600,14,614
2025 November General,11/4/2025 0:00,HALIFAX COUNTY,103 - REPUBLICAN GROVE,172,497,36,2,,707,1329,35,1364
2025 November General,11/4/2025 0:00,HALIFAX COUNTY,201 - CLAYS MILL,170,267,23,1,,461,803,16,819
2025 November General,11/4/2025 0:00,HALIFAX COUNTY,202 - CROSSROADS,107,300,22,,1,430,760,19,779
2025 November General,11/4/2025 0:00,HALIFAX COUNTY,203 - CLOVER,201,473,33,2,2,711,1258,41,1299
2025 November General,11/4/2025 0:00,HALIFAX COUNTY,302 - MEADVILLE,73,181,22,,1,277,531,16,547
2025 November General,11/4/2025 0:00,HALIFAX COUNTY,304 - VERNON HILL,118,375,28,2,2,525,873,29,902
2025 November General,11/4/2025 0:00,HALIFAX COUNTY,305 - SINAI,419,394,83,,1,897,1855,104,1959
2025 November General,11/4/2025 0:00,HALIFAX COUNTY,401 - COURTHOUSE,457,369,32,5,1,864,1525,37,1562
2025 November General,11/4/2025 0:00,HALIFAX COUNTY,403 - CENTER,428,421,53,2,1,905,1643,52,1695
2025 November General,11/4/2025 0:00,HALIFAX COUNTY,502 - DAN RIVER,442,549,69,3,2,1065,2023,69,2092
2025 November General,11/4/2025 0:00,HALIFAX COUNTY,503 - SCOTTSBURG,139,383,7,1,,530,994,21,1015
2025 November General,11/4/2025 0:00,HALIFAX COUNTY,601 - BLACK WALNUT,248,383,39,1,1,672,1260,32,1292
2025 November General,11/4/2025 0:00,HALIFAX COUNTY,603 - MT CARMEL,246,612,66,1,3,928,1670,39,1709
2025 November General,11/4/2025 0:00,HALIFAX COUNTY,605 - UNION,81,208,15,2,1,307,531,12,543
2025 November General,11/4/2025 0:00,HALIFAX COUNTY,701 - HYCO,267,590,44,2,,903,1613,39,1652
2025 November General,11/4/2025 0:00,HALIFAX COUNTY,702 - MIDWAY,134,457,19,3,,613,1041,23,1064
2025 November General,11/4/2025 0:00,HALIFAX COUNTY,703 - VIRGILINA,71,343,18,3,1,436,764,19,783
2025 November General,11/4/2025 0:00,HALIFAX COUNTY,801 - SOUTH BOSTON,477,581,126,5,5,1194,2698,110,2808
2025 November General,11/4/2025 0:00,HAMPTON CITY,101 - ABERDEEN,461,873,141,26,14,1515,3310,214,3524
2025 November General,11/4/2025 0:00,HAMPTON CITY,102 - BASSETTE,437,843,128,18,5,1431,3050,164,3214
2025 November General,11/4/2025 0:00,HAMPTON CITY,103 - CITY HALL,338,578,83,29,5,1033,2528,197,2725
2025 November General,11/4/2025 0:00,HAMPTON CITY,104 - COOPER,581,1234,232,32,31,2110,5486,610,6096
2025 November General,11/4/2025 0:00,HAMPTON CITY,105 - EAST HAMPTON,311,575,87,384,5,1362,3900,374,4274
2025 November General,11/4/2025 0:00,HAMPTON CITY,106 - ARMSTRONG,569,979,134,22,11,1715,3251,151,3402
2025 November General,11/4/2025 0:00,HAMPTON CITY,107 - LINDSAY,449,841,151,8,11,1460,2680,112,2792
2025 November General,11/4/2025 0:00,HAMPTON CITY,108 - THOMAS,613,904,168,39,11,1735,3999,322,4321
2025 November General,11/4/2025 0:00,HAMPTON CITY,109 - PHENIX,499,1037,183,30,4,1753,3804,210,4014
2025 November General,11/4/2025 0:00,HAMPTON CITY,110 - PHOEBUS,108,290,29,5,2,434,830,57,887
2025 November General,11/4/2025 0:00,HAMPTON CITY,111 - HAMPTON LIBRARY,296,325,46,10,1,678,1192,61,1253
2025 November General,11/4/2025 0:00,HAMPTON CITY,112 - SMITH,615,1162,267,29,11,2084,4237,244,4481
2025 November General,11/4/2025 0:00,HAMPTON CITY,115 - WYTHE,305,653,92,6,8,1064,1828,94,1922
2025 November General,11/4/2025 0:00,HAMPTON CITY,116 - JONES,196,480,69,8,8,761,1647,69,1716
2025 November General,11/4/2025 0:00,HAMPTON CITY,117 - KECOUGHTAN,358,815,102,17,7,1299,2953,227,3180
2025 November General,11/4/2025 0:00,HAMPTON CITY,118 - MALLORY,516,978,184,19,10,1707,3551,200,3751
2025 November General,11/4/2025 0:00,HAMPTON CITY,201 - PATRICK,492,1186,172,17,10,1877,3405,197,3602
2025 November General,11/4/2025 0:00,HAMPTON CITY,202 - BRYAN,567,1076,216,34,8,1901,3544,201,3745
2025 November General,11/4/2025 0:00,HAMPTON CITY,203 - BURBANK,371,817,111,27,10,1336,2823,239,3062
2025 November General,11/4/2025 0:00,HAMPTON CITY,204 - FORREST,341,946,123,22,8,1440,2764,170,2934
2025 November General,11/4/2025 0:00,HAMPTON CITY,205 - ASBURY,754,1637,221,15,10,2637,4467,192,4659
2025 November General,11/4/2025 0:00,HAMPTON CITY,208 - KRAFT,657,1567,226,25,15,2490,4789,221,5010
2025 November General,11/4/2025 0:00,HAMPTON CITY,209 - LANGLEY,434,927,145,19,12,1537,3319,214,3533
2025 November General,11/4/2025 0:00,HAMPTON CITY,210 - MACHEN,900,1470,240,40,25,2675,5331,383,5714
2025 November General,11/4/2025 0:00,HAMPTON CITY,212 - BETHEL,999,1356,332,29,21,2737,4309,138,4447
2025 November General,11/4/2025 0:00,HAMPTON CITY,213 - PHILLIPS,682,1517,221,20,8,2448,4292,162,4454
2025 November General,11/4/2025 0:00,HAMPTON CITY,214 - JACKSON,493,1162,178,19,19,1871,3934,273,4207
2025 November General,11/4/2025 0:00,HAMPTON CITY,215 - PEAKE,120,274,47,6,4,451,1073,71,1144
2025 November General,11/4/2025 0:00,HAMPTON CITY,216 - SANDY BOTTOM,285,756,74,8,18,1141,2101,64,2165
2025 November General,11/4/2025 0:00,HAMPTON CITY,217 - SYMS,276,507,56,4,15,858,1512,66,1578
2025 November General,11/4/2025 0:00,HANOVER COUNTY,101 - ASHLAND,427,766,117,13,13,1336,2136,85,2221
2025 November General,11/4/2025 0:00,HANOVER COUNTY,104 - SLIDING HILL,556,838,108,9,12,1523,2246,67,2313
2025 November General,11/4/2025 0:00,HANOVER COUNTY,105 - BERKLEY,495,783,133,17,10,1438,2341,201,2542
2025 November General,11/4/2025 0:00,HANOVER COUNTY,106 - KERSEY CREEK,350,492,50,2,4,898,1251,33,1284
2025 November General,11/4/2025 0:00,HANOVER COUNTY,108 - HONEY MEADOWS,789,1281,172,16,6,2264,3166,64,3230
2025 November General,11/4/2025 0:00,HANOVER COUNTY,201 - BEAVERDAM,570,1370,144,10,10,2104,3158,80,3238
2025 November General,11/4/2025 0:00,HANOVER COUNTY,202 - BLUNTS,288,618,27,4,3,940,1380,43,1423
2025 November General,11/4/2025 0:00,HANOVER COUNTY,203 - WILMINGTON PARISH,733,1125,175,13,9,2055,2798,79,2877
2025 November General,11/4/2025 0:00,HANOVER COUNTY,206 - COURTHOUSE,847,819,114,10,8,1798,2546,57,2603
2025 November General,11/4/2025 0:00,HANOVER COUNTY,208 - OAK KNOLL,670,734,92,8,6,1510,2076,55,2131
2025 November General,11/4/2025 0:00,HANOVER COUNTY,210 - OAK HILL,293,391,85,2,2,773,1084,12,1096
2025 November General,11/4/2025 0:00,HANOVER COUNTY,301 - CLAY,791,853,140,12,7,1803,2514,57,2571
2025 November General,11/4/2025 0:00,HANOVER COUNTY,303 - SHADY GROVE,681,1086,124,3,5,1899,2656,65,2721
2025 November General,11/4/2025 0:00,HANOVER COUNTY,304 - ATLEE,868,1170,166,9,6,2219,3144,74,3218
2025 November General,11/4/2025 0:00,HANOVER COUNTY,305 - COOL SPRING,663,1067,122,11,13,1876,2558,84,2642
2025 November General,11/4/2025 0:00,HANOVER COUNTY,306 - RUTLAND,593,886,117,9,9,1614,2220,55,2275
2025 November General,11/4/2025 0:00,HANOVER COUNTY,401 - BATTLEFIELD,697,1204,124,13,7,2045,2794,47,2841
2025 November General,11/4/2025 0:00,HANOVER COUNTY,403 - COLD HARBOR,678,1730,134,15,13,2570,4048,120,4168
2025 November General,11/4/2025 0:00,HANOVER COUNTY,404 - BLACK CREEK,386,852,60,5,3,1306,1778,40,1818
2025 November General,11/4/2025 0:00,HANOVER COUNTY,405 - PEBBLE CREEK,269,842,67,9,10,1197,1708,39,1747
2025 November General,11/4/2025 0:00,HANOVER COUNTY,407 - OLD CHURCH,408,971,69,5,3,1456,1961,39,2000
2025 November General,11/4/2025 0:00,HANOVER COUNTY,502 - RURAL POINT,817,1145,133,15,11,2121,2971,80,3051
2025 November General,11/4/2025 0:00,HANOVER COUNTY,503 - NEWMAN,411,945,101,7,3,1467,2318,67,2385
2025 November General,11/4/2025 0:00,HANOVER COUNTY,504 - STUDLEY,402,854,49,5,6,1316,1731,32,1763
2025 November General,11/4/2025 0:00,HANOVER COUNTY,505 - TOTOPOTOMOY,143,284,17,4,,448,691,8,699
2025 November General,11/4/2025 0:00,HANOVER COUNTY,506 - GEORGETOWN,820,787,104,8,6,1725,2371,47,2418
2025 November General,11/4/2025 0:00,HANOVER COUNTY,507 - LAUREL MEADOW,490,1138,103,10,7,1748,2554,59,2613
2025 November General,11/4/2025 0:00,HANOVER COUNTY,601 - VILLAGE,749,1341,134,11,7,2242,3391,80,3471
2025 November General,11/4/2025 0:00,HANOVER COUNTY,602 - LEE DAVIS,621,988,163,12,5,1789,2771,69,2840
2025 November General,11/4/2025 0:00,HANOVER COUNTY,603 - MECHANICSVILLE,466,1124,159,18,11,1778,3038,143,3181
2025 November General,11/4/2025 0:00,HANOVER COUNTY,604 - HANOVER GROVE,628,1046,197,18,7,1896,2863,107,2970
2025 November General,11/4/2025 0:00,HANOVER COUNTY,701 - FARRINGTON,635,1042,180,12,14,1883,2719,51,2770
2025 November General,11/4/2025 0:00,HANOVER COUNTY,702 - MONTPELIER,507,1310,144,14,14,1989,2860,72,2932
2025 November General,11/4/2025 0:00,HANOVER COUNTY,703 - ROCKVILLE,397,1282,161,9,13,1862,2598,49,2647
2025 November General,11/4/2025 0:00,HANOVER COUNTY,704 - ELMONT,920,1451,210,16,4,2601,3775,82,3857
2025 November General,11/4/2025 0:00,HANOVER COUNTY,705 - SOUTH ANNA,279,708,62,8,4,1061,1457,47,1504
2025 November General,11/4/2025 0:00,HARRISONBURG CITY,101 - NORTHEAST,607,888,88,80,4,1667,3757,295,4052
2025 November General,11/4/2025 0:00,HARRISONBURG CITY,102 - EAST CENTRAL,611,614,50,42,14,1331,2410,141,2551
2025 November General,11/4/2025 0:00,HARRISONBURG CITY,103 - SOUTHEAST,432,762,61,285,11,1551,3440,224,3664
2025 November General,11/4/2025 0:00,HARRISONBURG CITY,104 - EAST,486,768,79,265,9,1607,3649,225,3874
2025 November General,11/4/2025 0:00,HARRISONBURG CITY,105 - SOUTH EAST CENTRAL,78,350,5,495,1,929,1673,77,1750
2025 November General,11/4/2025 0:00,HARRISONBURG CITY,201 - NORTHWEST,1013,970,213,30,17,2243,3904,210,4114
2025 November General,11/4/2025 0:00,HARRISONBURG CITY,202 - SOUTHWEST,708,859,94,160,10,1831,3588,176,3764
2025 November General,11/4/2025 0:00,HARRISONBURG CITY,203 -  WEST,1050,913,90,45,12,2110,3549,146,3695
2025 November General,11/4/2025 0:00,HENRICO COUNTY,101 - COALPIT,910,1546,299,32,15,2802,4217,122,4339
2025 November General,11/4/2025 0:00,HENRICO COUNTY,102 - DUMBARTON,616,997,244,23,12,1892,3726,235,3961
2025 November General,11/4/2025 0:00,HENRICO COUNTY,103 - GLEN ALLEN,1220,1549,375,20,30,3194,4667,132,4799
2025 November General,11/4/2025 0:00,HENRICO COUNTY,104 - GREENDALE,230,602,104,13,7,956,1717,85,1802
2025 November General,11/4/2025 0:00,HENRICO COUNTY,105 - HERMITAGE,710,1272,232,26,12,2252,4019,163,4182
2025 November General,11/4/2025 0:00,HENRICO COUNTY,106 - HOLLADAY,329,577,122,18,3,1049,1689,52,1741
2025 November General,11/4/2025 0:00,HENRICO COUNTY,107 - HUNGARY CREEK,1216,1101,411,16,14,2758,3845,90,3935
2025 November General,11/4/2025 0:00,HENRICO COUNTY,108 - HUNTON,160,504,49,5,2,720,1059,29,1088
2025 November General,11/4/2025 0:00,HENRICO COUNTY,109 - JOHNSON,386,968,146,53,10,1563,2719,144,2863
2025 November General,11/4/2025 0:00,HENRICO COUNTY,110 - LONGAN,680,1346,257,30,8,2321,3980,180,4160
2025 November General,11/4/2025 0:00,HENRICO COUNTY,111 - MAUDE TREVVETT,746,1178,274,24,20,2242,4157,234,4391
2025 November General,11/4/2025 0:00,HENRICO COUNTY,112 - MONUMENT HILLS,136,559,43,7,8,753,1062,50,1112
2025 November General,11/4/2025 0:00,HENRICO COUNTY,113 - SPRINGFIELD,653,1382,297,40,31,2403,3799,184,3983
2025 November General,11/4/2025 0:00,HENRICO COUNTY,114 - STAPLES MILL,990,1008,274,11,12,2295,3260,61,3321
2025 November General,11/4/2025 0:00,HENRICO COUNTY,115 - WESTWOOD,488,807,235,14,15,1559,2193,75,2268
2025 November General,11/4/2025 0:00,HENRICO COUNTY,201 - AZALEA,453,1109,144,30,8,1744,3800,243,4043
2025 November General,11/4/2025 0:00,HENRICO COUNTY,202 - BELMONT,690,1498,229,35,16,2468,4090,178,4268
2025 November General,11/4/2025 0:00,HENRICO COUNTY,203 - BROOKLAND,238,547,90,3,4,882,1569,66,1635
2025 November General,11/4/2025 0:00,HENRICO COUNTY,204 - CANTERBURY,99,525,51,11,,686,829,7,836
2025 November General,11/4/2025 0:00,HENRICO COUNTY,205 - CENTRAL GARDENS,575,831,148,10,6,1570,2975,105,3080
2025 November General,11/4/2025 0:00,HENRICO COUNTY,206 - CHAMBERLAYNE,631,1010,181,16,2,1840,2688,62,2750
2025 November General,11/4/2025 0:00,HENRICO COUNTY,207 - EASTBOURNE,325,332,83,3,8,751,1183,30,1213
2025 November General,11/4/2025 0:00,HENRICO COUNTY,209 - FAIRFIELD,403,519,92,23,4,1041,2149,155,2304
2025 November General,11/4/2025 0:00,HENRICO COUNTY,210 - GLEN LEA,481,814,111,31,11,1448,2332,60,2392
2025 November General,11/4/2025 0:00,HENRICO COUNTY,211 - GREENWOOD,206,290,67,6,9,578,928,31,959
2025 November General,11/4/2025 0:00,HENRICO COUNTY,212 - HIGHLAND GARDENS,207,640,113,9,4,973,2355,164,2519
2025 November General,11/4/2025 0:00,HENRICO COUNTY,214 - HUNGARY,355,636,124,4,12,1131,1975,77,2052
2025 November General,11/4/2025 0:00,HENRICO COUNTY,215 - LAKESIDE,720,1639,229,22,24,2634,4051,110,4161
2025 November General,11/4/2025 0:00,HENRICO COUNTY,216 - LONGDALE,458,1360,177,22,21,2038,3329,101,3430
2025 November General,11/4/2025 0:00,HENRICO COUNTY,217 - MAPLEWOOD,682,1088,140,16,8,1934,3094,106,3200
2025 November General,11/4/2025 0:00,HENRICO COUNTY,218 - MOODY,138,425,48,6,4,621,971,40,1011
2025 November General,11/4/2025 0:00,HENRICO COUNTY,219 - MOUNTAIN,165,355,45,1,3,569,892,36,928
2025 November General,11/4/2025 0:00,HENRICO COUNTY,220 - NORTH PARK,278,287,82,3,7,657,974,45,1019
2025 November General,11/4/2025 0:00,HENRICO COUNTY,222 - RANDOLPH,61,116,26,3,2,208,340,6,346
2025 November General,11/4/2025 0:00,HENRICO COUNTY,223 - RATCLIFFE,744,1153,211,26,12,2146,3888,138,4026
2025 November General,11/4/2025 0:00,HENRICO COUNTY,225 - WILDER,529,712,136,7,11,1395,2031,60,2091
2025 November General,11/4/2025 0:00,HENRICO COUNTY,226 - YELLOW TAVERN,791,1285,308,31,17,2432,3954,134,4088
2025 November General,11/4/2025 0:00,HENRICO COUNTY,301 - CAUSEWAY,527,992,210,18,10,1757,2753,154,2907
2025 November General,11/4/2025 0:00,HENRICO COUNTY,302 - CEDARFIELD,509,1105,290,12,8,1924,2702,67,2769
2025 November General,11/4/2025 0:00,HENRICO COUNTY,303 - COLONIAL TRAIL,495,1003,228,23,16,1765,2887,180,3067
2025 November General,11/4/2025 0:00,HENRICO COUNTY,304 - INNSBROOK,346,1013,123,39,9,1530,2501,70,2571
2025 November General,11/4/2025 0:00,HENRICO COUNTY,305 - JACKSON DAVIS,292,709,173,12,6,1192,1827,58,1885
2025 November General,11/4/2025 0:00,HENRICO COUNTY,306 - NUCKOLS FARM,827,1647,297,17,21,2809,3835,127,3962
2025 November General,11/4/2025 0:00,HENRICO COUNTY,307 - POCAHONTAS,583,1202,221,34,12,2052,3414,219,3633
2025 November General,11/4/2025 0:00,HENRICO COUNTY,308 - RIDGE,204,650,88,11,6,959,1536,57,1593
2025 November General,11/4/2025 0:00,HENRICO COUNTY,309 - RIVERS EDGE,645,1510,271,28,14,2468,3480,117,3597
2025 November General,11/4/2025 0:00,HENRICO COUNTY,310 - SADLER,661,1465,342,26,23,2517,3857,124,3981
2025 November General,11/4/2025 0:00,HENRICO COUNTY,311 - SHADY GROVE,588,1600,318,25,16,2547,3730,156,3886
2025 November General,11/4/2025 0:00,HENRICO COUNTY,312 - SHORT PUMP,480,988,218,33,21,1740,2644,70,2714
2025 November General,11/4/2025 0:00,HENRICO COUNTY,313 - STONEY RUN,807,1626,354,34,23,2844,4189,161,4350
2025 November General,11/4/2025 0:00,HENRICO COUNTY,314 - THREE CHOPT,436,964,176,12,10,1598,2506,74,2580
2025 November General,11/4/2025 0:00,HENRICO COUNTY,315 - TUCKER,569,1234,180,44,17,2044,4304,339,4643
2025 November General,11/4/2025 0:00,HENRICO COUNTY,401 - CRESTVIEW,326,1136,129,27,8,1626,2698,114,2812
2025 November General,11/4/2025 0:00,HENRICO COUNTY,402 - DERBYSHIRE,358,1047,135,17,6,1563,1994,41,2035
2025 November General,11/4/2025 0:00,HENRICO COUNTY,403 - FREEMAN,403,1036,109,20,12,1580,2361,88,2449
2025 November General,11/4/2025 0:00,HENRICO COUNTY,404 - GAYTON,821,1308,324,29,19,2501,3359,63,3422
2025 November General,11/4/2025 0:00,HENRICO COUNTY,405 - GODWIN,491,1053,219,10,11,1784,2411,48,2459
2025 November General,11/4/2025 0:00,HENRICO COUNTY,406 - LAKEWOOD,349,941,228,10,8,1536,2271,63,2334
2025 November General,11/4/2025 0:00,HENRICO COUNTY,407 - LAUDERDALE,390,1065,192,31,21,1699,2817,159,2976
2025 November General,11/4/2025 0:00,HENRICO COUNTY,408 - MAYBEURY,517,1155,156,24,13,1865,2550,85,2635
2025 November General,11/4/2025 0:00,HENRICO COUNTY,409 - MOORELAND,312,837,97,13,16,1275,1745,40,1785
2025 November General,11/4/2025 0:00,HENRICO COUNTY,410 - PEMBERTON,437,1000,195,16,13,1661,2855,155,3010
2025 November General,11/4/2025 0:00,HENRICO COUNTY,411 - PINCHBECK,477,1286,225,19,13,2020,3358,141,3499
2025 November General,11/4/2025 0:00,HENRICO COUNTY,412 - QUIOCCASIN ,563,1232,238,36,9,2078,3053,119,3172
2025 November General,11/4/2025 0:00,HENRICO COUNTY,413 - RIDGEFIELD,551,1440,257,23,14,2285,3334,79,3413
2025 November General,11/4/2025 0:00,HENRICO COUNTY,414 - ROLLINGWOOD,371,1050,121,8,9,1559,1970,38,2008
2025 November General,11/4/2025 0:00,HENRICO COUNTY,415 - SKIPWITH,291,673,93,36,8,1101,1918,81,1999
2025 November General,11/4/2025 0:00,HENRICO COUNTY,416 - SPOTTSWOOD,160,626,55,7,6,854,1145,31,1176
2025 November General,11/4/2025 0:00,HENRICO COUNTY,417 - TUCKAHOE,994,1460,390,32,33,2909,3914,112,4026
2025 November General,11/4/2025 0:00,HENRICO COUNTY,418 - WELBORNE,298,864,135,20,11,1328,2253,149,2402
2025 November General,11/4/2025 0:00,HENRICO COUNTY,419 - WEST END,462,1246,191,19,14,1932,2803,102,2905
2025 November General,11/4/2025 0:00,HENRICO COUNTY,501 - ADAMS,723,633,205,15,10,1586,2806,85,2891
2025 November General,11/4/2025 0:00,HENRICO COUNTY,502 - ANTIOCH,342,905,81,5,10,1343,1984,20,2004
2025 November General,11/4/2025 0:00,HENRICO COUNTY,503 - CEDAR FORK,476,594,103,15,4,1192,2127,50,2177
2025 November General,11/4/2025 0:00,HENRICO COUNTY,504 - CHICKAHOMINY,543,926,137,13,2,1621,2777,81,2858
2025 November General,11/4/2025 0:00,HENRICO COUNTY,505 - DONAHOE,398,723,87,6,5,1219,2332,66,2398
2025 November General,11/4/2025 0:00,HENRICO COUNTY,506 - DOREY,910,1242,122,18,18,2310,3490,80,3570
2025 November General,11/4/2025 0:00,HENRICO COUNTY,507 - EANES,793,945,253,14,19,2024,3609,171,3780
2025 November General,11/4/2025 0:00,HENRICO COUNTY,508 - ELKO,148,361,20,1,,530,791,15,806
2025 November General,11/4/2025 0:00,HENRICO COUNTY,509 - HIGHLAND SPRINGS,388,712,107,16,6,1229,2574,122,2696
2025 November General,11/4/2025 0:00,HENRICO COUNTY,510 - LABURNUM,515,617,120,15,2,1269,2618,130,2748
2025 November General,11/4/2025 0:00,HENRICO COUNTY,511 - MEHFOUD,634,716,121,10,7,1488,2344,41,2385
2025 November General,11/4/2025 0:00,HENRICO COUNTY,512 - MONTROSE,650,852,122,15,8,1647,3036,152,3188
2025 November General,11/4/2025 0:00,HENRICO COUNTY,513 - NINE MILE,200,484,55,8,7,754,1513,75,1588
2025 November General,11/4/2025 0:00,HENRICO COUNTY,514 - PLEASANTS,643,1090,121,26,13,1893,3838,161,3999
2025 November General,11/4/2025 0:00,HENRICO COUNTY,515 - ROLFE,963,1194,194,15,14,2380,3783,113,3896
2025 November General,11/4/2025 0:00,HENRICO COUNTY,516 - SANDSTON,262,987,75,13,4,1341,2393,68,2461
2025 November General,11/4/2025 0:00,HENRICO COUNTY,517 - SULLIVANS,1125,1067,226,16,14,2448,3950,117,4067
2025 November General,11/4/2025 0:00,HENRICO COUNTY,518 - TOWN HALL,266,422,34,3,4,729,1054,16,1070
2025 November General,11/4/2025 0:00,HENRICO COUNTY,519 - WHITLOCKS,530,957,115,9,1,1612,2320,46,2366
2025 November General,11/4/2025 0:00,HENRY COUNTY,101 - BASSETT #2,114,269,20,2,2,407,925,63,988
2025 November General,11/4/2025 0:00,HENRY COUNTY,102 - GUNVILLE,195,562,34,2,,793,1669,105,1774
2025 November General,11/4/2025 0:00,HENRY COUNTY,103 - SCOTT'S TANYARD,452,844,83,6,4,1389,2866,116,2982
2025 November General,11/4/2025 0:00,HENRY COUNTY,201 - FIELDALE,165,250,51,7,5,478,1056,63,1119
2025 November General,11/4/2025 0:00,HENRY COUNTY,202 - HORSEPASTURE #1,247,572,74,,3,896,1715,84,1799
2025 November General,11/4/2025 0:00,HENRY COUNTY,203-HORSEPASTURE #2,224,412,71,3,2,712,1510,81,1591
2025 November General,11/4/2025 0:00,HENRY COUNTY,204 - SPENCER,208,584,32,1,1,826,1636,74,1710
2025 November General,11/4/2025 0:00,HENRY COUNTY,302 - AXTON,171,389,20,1,,581,1143,43,1186
2025 November General,11/4/2025 0:00,HENRY COUNTY,303 - IRISBURG,326,582,85,3,3,999,2191,125,2316
2025 November General,11/4/2025 0:00,HENRY COUNTY,304 - MOUNT OLIVET,529,535,82,1,5,1152,2040,115,2155
2025 November General,11/4/2025 0:00,HENRY COUNTY,305 - MOUNTAIN VALLEY,170,319,44,1,,534,1028,27,1055
2025 November General,11/4/2025 0:00,HENRY COUNTY,401 - COLLINSVILLE #1,251,288,41,4,2,586,1210,56,1266
2025 November General,11/4/2025 0:00,HENRY COUNTY,402 - DANIELS CREEK,249,305,59,3,1,617,1428,95,1523
2025 November General,11/4/2025 0:00,HENRY COUNTY,404 - COLLINSVILLE #2,471,531,86,7,1,1096,2106,122,2228
2025 November General,11/4/2025 0:00,HENRY COUNTY,405 - MOUNTAIN VIEW,133,264,31,2,,430,841,46,887
2025 November General,11/4/2025 0:00,HENRY COUNTY,501 - BASSETT #1,131,275,31,3,,440,967,64,1031
2025 November General,11/4/2025 0:00,HENRY COUNTY,502 - FIGSBORO,254,397,33,,1,685,1258,48,1306
2025 November General,11/4/2025 0:00,HENRY COUNTY,503 - STANLEYTOWN,384,613,58,3,3,1061,2114,100,2214
2025 November General,11/4/2025 0:00,HENRY COUNTY,504 - OAK LEVEL,112,203,19,,,334,645,26,671
2025 November General,11/4/2025 0:00,HENRY COUNTY,505 - DYERS STORE,238,348,30,7,,623,1077,26,1103
2025 November General,11/4/2025 0:00,HENRY COUNTY,601 - FONTAINE,354,555,64,4,2,979,1906,90,1996
2025 November General,11/4/2025 0:00,HENRY COUNTY,602 - HILLCREST,75,203,12,,,290,615,26,641
2025 November General,11/4/2025 0:00,HENRY COUNTY,603 - RIDGEWAY #1,294,621,38,3,1,957,2088,103,2191
2025 November General,11/4/2025 0:00,HENRY COUNTY,604 - RIDGEWAY #2,189,538,47,2,2,778,1459,67,1526
2025 November General,11/4/2025 0:00,HIGHLAND COUNTY,001 - MONTEREY,126,234,9,1,,370,597,9,606
2025 November General,11/4/2025 0:00,HIGHLAND COUNTY,003 - WILSONS MILL,16,76,2,,,94,132,1,133
2025 November General,11/4/2025 0:00,HIGHLAND COUNTY,005 - BLUE GRASS,74,164,12,4,,254,364,7,371
2025 November General,11/4/2025 0:00,HIGHLAND COUNTY,007 - MILL GAP,38,95,11,1,,145,203,1,204
2025 November General,11/4/2025 0:00,HIGHLAND COUNTY,008 - MCDOWELL,63,258,20,,,341,536,4,540
2025 November General,11/4/2025 0:00,HOPEWELL CITY,101 - WARD ONE,270,401,66,13,,750,2094,126,2220
2025 November General,11/4/2025 0:00,HOPEWELL CITY,201 - WARD TWO,208,381,59,14,,662,1970,125,2095
2025 November General,11/4/2025 0:00,HOPEWELL CITY,301 - WARD THREE,468,732,83,5,,1288,2439,77,2516
2025 November General,11/4/2025 0:00,HOPEWELL CITY,401 - WARD FOUR,612,675,123,19,,1429,2659,86,2745
2025 November General,11/4/2025 0:00,HOPEWELL CITY,501 - WARD FIVE,398,509,72,1,1,981,2211,115,2326
2025 November General,11/4/2025 0:00,HOPEWELL CITY,601 - WARD SIX,241,457,73,13,,784,2039,94,2133
2025 November General,11/4/2025 0:00,HOPEWELL CITY,701 - WARD SEVEN,278,475,66,20,1,840,2032,113,2145
2025 November General,11/4/2025 0:00,ISLE OF WIGHT COUNTY,101 - PAGAN RIVER,657,1133,177,9,7,1983,3113,95,3208
2025 November General,11/4/2025 0:00,ISLE OF WIGHT COUNTY,102 - CYPRESS CREEK A,739,1214,165,17,17,2152,3299,105,3404
2025 November General,11/4/2025 0:00,ISLE OF WIGHT COUNTY,103 - CYPRESS CREEK B,44,61,16,,,121,192,5,197
2025 November General,11/4/2025 0:00,ISLE OF WIGHT COUNTY,201 - BARTLETT,582,1305,175,20,10,2092,3448,138,3586
2025 November General,11/4/2025 0:00,ISLE OF WIGHT COUNTY,202 - NIKE PARK A,556,1078,150,15,7,1806,2821,90,2911
2025 November General,11/4/2025 0:00,ISLE OF WIGHT COUNTY,203 - NIKE PARK B,57,102,14,1,2,176,309,7,316
2025 November General,11/4/2025 0:00,ISLE OF WIGHT COUNTY,301 - RUSHMERE,344,539,89,8,17,997,1700,54,1754
2025 November General,11/4/2025 0:00,ISLE OF WIGHT COUNTY,302 - PONS,554,684,163,8,4,1413,2614,68,2682
2025 November General,11/4/2025 0:00,ISLE OF WIGHT COUNTY,303 - BENNS CHURCH,264,589,71,20,3,947,1708,52,1760
2025 November General,11/4/2025 0:00,ISLE OF WIGHT COUNTY,304 - NEW TOWNE,65,145,32,3,2,247,509,26,535
2025 November General,11/4/2025 0:00,ISLE OF WIGHT COUNTY,401 - BOWLING GREEN,407,592,72,2,3,1076,1648,34,1682
2025 November General,11/4/2025 0:00,ISLE OF WIGHT COUNTY,402 - WINDSOR,457,919,133,12,9,1530,2724,84,2808
2025 November General,11/4/2025 0:00,ISLE OF WIGHT COUNTY,403 - CEDAR GROVE,313,748,60,5,7,1133,1712,45,1757
2025 November General,11/4/2025 0:00,ISLE OF WIGHT COUNTY,501 - WALTERS,156,564,40,3,3,766,1219,23,1242
2025 November General,11/4/2025 0:00,ISLE OF WIGHT COUNTY,502 - BEAVER DAM,155,617,44,5,2,823,1450,59,1509
2025 November General,11/4/2025 0:00,ISLE OF WIGHT COUNTY,503 - FIRE TOWER,376,643,82,6,3,1110,1984,62,2046
2025 November General,11/4/2025 0:00,ISLE OF WIGHT COUNTY,504 - BETHANY CHURCH,287,522,58,5,5,877,1337,22,1359
2025 November General,11/4/2025 0:00,JAMES CITY COUNTY,101 - BERKELEY A,1660,1319,242,26,10,3257,4643,126,4769
2025 November General,11/4/2025 0:00,JAMES CITY COUNTY,102 - BERKELEY B,1175,742,233,18,6,2174,3131,101,3232
2025 November General,11/4/2025 0:00,JAMES CITY COUNTY,103 - BERKELEY C,1308,698,325,17,5,2353,3164,99,3263
2025 November General,11/4/2025 0:00,JAMES CITY COUNTY,104- BERKELEY D,437,410,82,16,4,949,1411,43,1454
2025 November General,11/4/2025 0:00,JAMES CITY COUNTY,201 - JAMESTOWN A,828,548,132,27,3,1538,2297,96,2393
2025 November General,11/4/2025 0:00,JAMES CITY COUNTY,202 - JAMESTOWN B,913,733,237,33,7,1923,3449,228,3677
2025 November General,11/4/2025 0:00,JAMES CITY COUNTY,203 - JAMESTOWN C,1022,754,239,28,5,2048,2946,225,3171
2025 November General,11/4/2025 0:00,JAMES CITY COUNTY,204 - JAMESTOWN D,1848,846,331,14,4,3043,3930,90,4020
2025 November General,11/4/2025 0:00,JAMES CITY COUNTY,301 - POWHATAN A,1836,821,377,12,7,3053,4182,147,4329
2025 November General,11/4/2025 0:00,JAMES CITY COUNTY,302 - POWHATAN B,298,470,76,6,2,852,1478,34,1512
2025 November General,11/4/2025 0:00,JAMES CITY COUNTY,303 - POWHATAN C,694,1195,116,13,2,2020,3207,103,3310
2025 November General,11/4/2025 0:00,JAMES CITY COUNTY,304 - POWHATAN D,976,1052,180,19,10,2237,3881,201,4082
2025 November General,11/4/2025 0:00,JAMES CITY COUNTY,401 - STONEHOUSE A,1121,1420,191,8,5,2745,4534,160,4694
2025 November General,11/4/2025 0:00,JAMES CITY COUNTY,402 - STONEHOUSE B,2253,1254,452,25,9,3993,5428,149,5577
2025 November General,11/4/2025 0:00,JAMES CITY COUNTY,403 - STONEHOUSE C,1329,1474,242,20,2,3067,4525,102,4627
2025 November General,11/4/2025 0:00,JAMES CITY COUNTY,501 - ROBERTS A,188,633,78,16,1,916,2080,103,2183
2025 November General,11/4/2025 0:00,JAMES CITY COUNTY,502 - ROBERTS B,1888,1068,332,26,9,3323,4823,160,4983
2025 November General,11/4/2025 0:00,JAMES CITY COUNTY,503 - ROBERTS C,1662,1286,382,32,8,3370,4666,156,4822
2025 November General,11/4/2025 0:00,KING & QUEEN COUNTY,101 - OWENTON,96,519,46,6,1,668,1167,34,1201
2025 November General,11/4/2025 0:00,KING & QUEEN COUNTY,201 - CLARKS,124,454,46,2,,626,1006,27,1033
2025 November General,11/4/2025 0:00,KING & QUEEN COUNTY,301 - SHACKLEFORDS,149,433,50,1,2,635,1074,41,1115
2025 November General,11/4/2025 0:00,KING & QUEEN COUNTY,401 - COURTHOUSE,263,388,51,3,,705,1098,23,1121
2025 November General,11/4/2025 0:00,KING & QUEEN COUNTY,501 - OLDMILL,149,473,26,1,1,650,1051,52,1103
2025 November General,11/4/2025 0:00,KING GEORGE COUNTY,101 - COURTHOUSE,808,1055,108,16,7,1994,3303,93,3396
2025 November General,11/4/2025 0:00,KING GEORGE COUNTY,102 - PASSAPATANZY,361,768,54,8,4,1195,2167,73,2240
2025 November General,11/4/2025 0:00,KING GEORGE COUNTY,201 - MONROE,1466,1444,240,7,14,3171,5281,215,5496
2025 November General,11/4/2025 0:00,KING GEORGE COUNTY,301 - DAHLGREN,1032,1140,200,11,10,2393,4495,262,4757
2025 November General,11/4/2025 0:00,KING GEORGE COUNTY,401 - SHILOH,1309,1396,201,8,12,2926,5308,179,5487
2025 November General,11/4/2025 0:00,KING WILLIAM COUNTY,101 - WEST POINT,216,1173,94,12,4,1499,2503,66,2569
2025 November General,11/4/2025 0:00,KING WILLIAM COUNTY,201 - SWEET HALL,186,457,27,3,1,674,1037,15,1052
2025 November General,11/4/2025 0:00,KING WILLIAM COUNTY,202 - COURTHOUSE,582,684,37,5,1,1309,2130,53,2183
2025 November General,11/4/2025 0:00,KING WILLIAM COUNTY,301 - AYLETT,507,1171,85,16,2,1781,2937,64,3001
2025 November General,11/4/2025 0:00,KING WILLIAM COUNTY,401 - MANQUIN,507,1264,100,10,6,1887,3045,54,3099
2025 November General,11/4/2025 0:00,KING WILLIAM COUNTY,501 - MANGOHICK,557,1256,119,3,7,1942,3048,54,3102
2025 November General,11/4/2025 0:00,LANCASTER COUNTY,101 - PRECINCT 1-1,540,600,57,2,3,1202,1830,48,1878
2025 November General,11/4/2025 0:00,LANCASTER COUNTY,201 - PRECINCT 2-1,446,473,50,1,3,973,1673,66,1739
2025 November General,11/4/2025 0:00,LANCASTER COUNTY,301 - PRECINCT 3-1,346,556,58,4,4,968,1424,50,1474
2025 November General,11/4/2025 0:00,LANCASTER COUNTY,302 - PRECINCT 3-2,181,248,33,1,2,465,630,23,653
2025 November General,11/4/2025 0:00,LANCASTER COUNTY,401 - PRECINCT 4-1,394,593,73,3,4,1067,1787,83,1870
2025 November General,11/4/2025 0:00,LANCASTER COUNTY,501 - PRECINCT 5-1,557,701,125,4,2,1389,1909,64,1973
2025 November General,11/4/2025 0:00,LEE COUNTY,101 - ELYDALE,30,236,36,,7,309,830,36,866
2025 November General,11/4/2025 0:00,LEE COUNTY,102 - EWING,60,221,25,,,306,878,40,918
2025 November General,11/4/2025 0:00,LEE COUNTY,103 - ROSE HILL,110,433,36,2,,581,1517,62,1579
2025 November General,11/4/2025 0:00,LEE COUNTY,201 - BLACKWATER,20,115,2,1,,138,307,3,310
2025 November General,11/4/2025 0:00,LEE COUNTY,202 - FLATWOODS,146,368,18,3,3,538,1111,32,1143
2025 November General,11/4/2025 0:00,LEE COUNTY,203 - JONESVILLE,319,605,29,8,2,963,1957,111,2068
2025 November General,11/4/2025 0:00,LEE COUNTY,301 - BEN HUR,213,437,26,5,1,682,1411,37,1448
2025 November General,11/4/2025 0:00,LEE COUNTY,302 - WOODWAY,54,280,4,,,338,810,33,843
2025 November General,11/4/2025 0:00,LEE COUNTY,401 - STICKLEYVILLE,79,381,17,,1,478,1087,21,1108
2025 November General,11/4/2025 0:00,LEE COUNTY,402 - JASPER,16,219,7,2,2,246,536,16,552
2025 November General,11/4/2025 0:00,LEE COUNTY,403 - SEMINARY,34,300,2,2,,338,664,12,676
2025 November General,11/4/2025 0:00,LEE COUNTY,404 - DRYDEN,71,451,19,3,1,545,1253,40,1293
2025 November General,11/4/2025 0:00,LEE COUNTY,501 - SAINT CHARLES,16,175,9,2,1,203,696,27,723
2025 November General,11/4/2025 0:00,LEE COUNTY,502 - PENNINGTON,137,500,29,9,1,676,1724,98,1822
2025 November General,11/4/2025 0:00,LEE COUNTY,503 - ROBBINS CHAPEL,7,65,1,,,73,185,10,195
2025 November General,11/4/2025 0:00,LEE COUNTY,504 - KEOKEE,6,92,3,,,101,276,12,288
2025 November General,11/4/2025 0:00,LEXINGTON CITY,001 - LEXINGTON,942,973,218,39,10,2182,3573,744,4317
2025 November General,11/4/2025 0:00,LOUDOUN COUNTY,107 - LITTLE RIVER,619,1122,162,14,30,1947,3272,130,3402
2025 November General,11/4/2025 0:00,LOUDOUN COUNTY,108 - MERCER,450,1086,86,30,5,1657,3034,111,3145
2025 November General,11/4/2025 0:00,LOUDOUN COUNTY,112 - FREEDOM,533,744,125,28,15,1445,2719,112,2831
2025 November General,11/4/2025 0:00,LOUDOUN COUNTY,114 - DULLES SOUTH,522,787,180,13,29,1531,3259,187,3446
2025 November General,11/4/2025 0:00,LOUDOUN COUNTY,119 - ARCOLA,640,1370,224,45,35,2314,4738,291,5029
2025 November General,11/4/2025 0:00,LOUDOUN COUNTY,120 - LUNSFORD,590,1244,211,28,34,2107,3955,150,4105
2025 November General,11/4/2025 0:00,LOUDOUN COUNTY,121 - TOWN HALL,271,711,78,13,14,1087,1906,115,2021
2025 November General,11/4/2025 0:00,LOUDOUN COUNTY,122 - HUTCHISON FARM,661,1068,182,21,41,1973,3666,178,3844
2025 November General,11/4/2025 0:00,LOUDOUN COUNTY,123 - CARDINAL RIDGE,364,647,77,11,11,1110,1802,83,1885
2025 November General,11/4/2025 0:00,LOUDOUN COUNTY,124 - LIBERTY,447,726,113,12,30,1328,2760,126,2886
2025 November General,11/4/2025 0:00,LOUDOUN COUNTY,126-GOSHEN POST,422,1000,214,21,18,1675,3310,161,3471
2025 November General,11/4/2025 0:00,LOUDOUN COUNTY,207 - RIVER BEND,390,690,118,3,31,1232,1823,64,1887
2025 November General,11/4/2025 0:00,LOUDOUN COUNTY,208 - ALGONKIAN,293,759,119,12,15,1198,1859,94,1953
2025 November General,11/4/2025 0:00,LOUDOUN COUNTY,209 - POTOMAC FALLS,743,1208,213,15,32,2211,3571,195,3766
2025 November General,11/4/2025 0:00,LOUDOUN COUNTY,210 - CASCADES,594,1119,207,34,22,1976,3582,248,3830
2025 November General,11/4/2025 0:00,LOUDOUN COUNTY,213 - COUNTRYSIDE,200,427,74,12,18,731,1368,108,1476
2025 November General,11/4/2025 0:00,LOUDOUN COUNTY,214 - SUGARLAND NORTH,451,944,298,10,32,1735,2711,132,2843
2025 November General,11/4/2025 0:00,LOUDOUN COUNTY,215 - SUGARLAND SOUTH,322,1209,209,23,31,1794,3216,166,3382
2025 November General,11/4/2025 0:00,LOUDOUN COUNTY,216 - LOWES ISLAND,414,1073,179,22,17,1705,2757,147,2904
2025 November General,11/4/2025 0:00,LOUDOUN COUNTY,217 - SOUTH BANK,537,1134,255,22,29,1977,3375,133,3508
2025 November General,11/4/2025 0:00,LOUDOUN COUNTY,218 - UNIVERSITY CENTER,279,791,162,26,24,1282,2703,330,3033
2025 November General,11/4/2025 0:00,LOUDOUN COUNTY,219 - GALILEE CHURCH,289,913,135,32,23,1392,2578,216,2794
2025 November General,11/4/2025 0:00,LOUDOUN COUNTY,220 - MIRROR RIDGE,399,930,148,27,33,1537,3006,175,3181
2025 November General,11/4/2025 0:00,LOUDOUN COUNTY,221 - SENECA,520,855,198,16,33,1622,2704,133,2837
2025 November General,11/4/2025 0:00,LOUDOUN COUNTY,307 - MIDDLEBURG,184,607,79,8,7,885,1345,136,1481
2025 November General,11/4/2025 0:00,LOUDOUN COUNTY,308 - ST LOUIS,270,559,91,9,6,935,1425,85,1510
2025 November General,11/4/2025 0:00,LOUDOUN COUNTY,309 - ALDIE,197,411,59,2,8,677,1050,56,1106
2025 November General,11/4/2025 0:00,LOUDOUN COUNTY,312 - BRIAR WOODS,352,755,133,14,24,1278,2288,186,2474
2025 November General,11/4/2025 0:00,LOUDOUN COUNTY,313 - PINEBROOK,314,820,99,12,20,1265,2236,78,2314
2025 November General,11/4/2025 0:00,LOUDOUN COUNTY,314 - LEGACY,396,1197,169,15,27,1804,3148,104,3252
2025 November General,11/4/2025 0:00,LOUDOUN COUNTY,319 - JOHN CHAMPE,335,554,150,9,13,1061,1857,35,1892
2025 November General,11/4/2025 0:00,LOUDOUN COUNTY,321 - BRAMBLETON MIDDLE,506,1199,202,27,31,1965,3523,148,3671
2025 November General,11/4/2025 0:00,LOUDOUN COUNTY,322 - BUFFALO TRAIL,393,930,158,11,17,1509,2736,108,2844
2025 November General,11/4/2025 0:00,LOUDOUN COUNTY,323 - SYCOLIN CREEK,675,824,137,10,10,1656,2461,120,2581
2025 November General,11/4/2025 0:00,LOUDOUN COUNTY,324 - MADISON,335,630,135,12,20,1132,2043,107,2150
2025 November General,11/4/2025 0:00,LOUDOUN COUNTY,325 - CREIGHTON,864,1086,373,31,38,2392,3936,141,4077
2025 November General,11/4/2025 0:00,LOUDOUN COUNTY,326 - INDEPENDENCE,679,1066,303,21,27,2096,3554,131,3685
2025 November General,11/4/2025 0:00,LOUDOUN COUNTY,327 - WILLARD,376,490,151,15,9,1041,1652,66,1718
2025 November General,11/4/2025 0:00,LOUDOUN COUNTY,328 - HOVATTER,420,780,171,19,20,1410,2377,64,2441
2025 November General,11/4/2025 0:00,LOUDOUN COUNTY,329 - LIGHTRIDGE,647,1080,250,19,25,2021,3174,81,3255
2025 November General,11/4/2025 0:00,LOUDOUN COUNTY,401 - WEST LOVETTSVILLE,720,1604,272,25,32,2653,3947,249,4196
2025 November General,11/4/2025 0:00,LOUDOUN COUNTY,402 - WATERFORD,737,1030,208,21,14,2010,2937,142,3079
2025 November General,11/4/2025 0:00,LOUDOUN COUNTY,403 - LUCKETTS,546,940,160,8,15,1669,2671,161,2832
2025 November General,11/4/2025 0:00,LOUDOUN COUNTY,409 - CLARKES GAP,920,986,250,12,24,2192,3359,160,3519
2025 November General,11/4/2025 0:00,LOUDOUN COUNTY,411 - EAST LOVETTSVILLE,463,1038,182,16,9,1708,2495,127,2622
2025 November General,11/4/2025 0:00,LOUDOUN COUNTY,413 - TUSCARORA,463,416,154,5,8,1046,1594,83,1677
2025 November General,11/4/2025 0:00,LOUDOUN COUNTY,416 - HAMILTON,684,950,189,14,21,1858,2690,111,2801
2025 November General,11/4/2025 0:00,LOUDOUN COUNTY,421 - BETWEEN THE HILLS,46,185,20,2,1,254,380,29,409
2025 November General,11/4/2025 0:00,LOUDOUN COUNTY,423 - SIMPSON,213,169,56,5,3,446,728,44,772
2025 November General,11/4/2025 0:00,LOUDOUN COUNTY,424 - PURCELLVILLE,1119,1007,231,23,20,2400,3467,175,3642
2025 November General,11/4/2025 0:00,LOUDOUN COUNTY,425 - ROUND HILL,706,1150,155,24,22,2057,2973,145,3118
2025 November General,11/4/2025 0:00,LOUDOUN COUNTY,426 - HILLSBORO,680,916,225,13,27,1861,2764,160,2924
2025 November General,11/4/2025 0:00,LOUDOUN COUNTY,427 - PHILOMONT,612,913,156,15,13,1709,2403,113,2516
2025 November General,11/4/2025 0:00,LOUDOUN COUNTY,428 - MOUNTAIN VIEW,951,1260,227,48,26,2512,4004,214,4218
2025 November General,11/4/2025 0:00,LOUDOUN COUNTY,429 - ROUND HILL ELEMENTARY,751,1407,212,19,21,2410,3689,151,3840
2025 November General,11/4/2025 0:00,LOUDOUN COUNTY,430 - HARMONY,387,459,111,9,12,978,1422,56,1478
2025 November General,11/4/2025 0:00,LOUDOUN COUNTY,501 - WEST LEESBURG,708,933,196,10,18,1865,2915,177,3092
2025 November General,11/4/2025 0:00,LOUDOUN COUNTY,502 - EAST LEESBURG,573,962,209,17,27,1788,3622,312,3934
2025 November General,11/4/2025 0:00,LOUDOUN COUNTY,503 - DRY MILL,419,669,118,13,16,1235,1815,87,1902
2025 November General,11/4/2025 0:00,LOUDOUN COUNTY,504 - SMARTS MILL,842,945,219,20,30,2056,3275,253,3528
2025 November General,11/4/2025 0:00,LOUDOUN COUNTY,505 - COOL SPRING,836,1042,167,11,23,2079,3236,191,3427
2025 November General,11/4/2025 0:00,LOUDOUN COUNTY,506 - DOUGLASS,310,597,90,15,9,1021,2043,163,2206
2025 November General,11/4/2025 0:00,LOUDOUN COUNTY,507 - GREENWAY,457,407,122,7,14,1007,1608,136,1744
2025 November General,11/4/2025 0:00,LOUDOUN COUNTY,508 - BALLS BLUFF,522,1236,151,25,20,1954,3207,163,3370
2025 November General,11/4/2025 0:00,LOUDOUN COUNTY,509 - TOLBERT,647,1399,240,36,32,2354,4442,321,4763
2025 November General,11/4/2025 0:00,LOUDOUN COUNTY,510 - HERITAGE,552,579,131,8,11,1281,1840,82,1922
2025 November General,11/4/2025 0:00,LOUDOUN COUNTY,511 - EVERGREEN,863,1126,230,32,39,2290,3975,196,4171
2025 November General,11/4/2025 0:00,LOUDOUN COUNTY,512 - RIVER CREEK,742,629,185,25,13,1594,2556,127,2683
2025 November General,11/4/2025 0:00,LOUDOUN COUNTY,513 - RED ROCK,300,709,98,20,10,1137,1949,95,2044
2025 November General,11/4/2025 0:00,LOUDOUN COUNTY,615 - HILLSIDE,1001,1261,216,17,30,2525,4083,192,4275
2025 November General,11/4/2025 0:00,LOUDOUN COUNTY,616 - EAGLE RIDGE,698,1175,247,22,29,2171,4207,431,4638
2025 November General,11/4/2025 0:00,LOUDOUN COUNTY,620 - RUSSELL BRANCH,419,951,139,11,19,1539,2499,150,2649
2025 November General,11/4/2025 0:00,LOUDOUN COUNTY,621 - DOMINION TRAIL,610,1306,206,19,33,2174,3833,217,4050
2025 November General,11/4/2025 0:00,LOUDOUN COUNTY,622 - FARMWELL STATION,588,1167,291,19,28,2093,3470,229,3699
2025 November General,11/4/2025 0:00,LOUDOUN COUNTY,623 - WELLER,803,1233,428,28,37,2529,3893,198,4091
2025 November General,11/4/2025 0:00,LOUDOUN COUNTY,625 - MILL RUN,599,961,197,12,31,1800,2871,135,3006
2025 November General,11/4/2025 0:00,LOUDOUN COUNTY,626 - ASHBY PONDS,227,1151,323,18,31,1750,2137,35,2172
2025 November General,11/4/2025 0:00,LOUDOUN COUNTY,627 - ASHBROOK,353,575,144,15,12,1099,1911,152,2063
2025 November General,11/4/2025 0:00,LOUDOUN COUNTY,628 - MOOREFIELD STATION,417,720,153,25,30,1345,2579,167,2746
2025 November General,11/4/2025 0:00,LOUDOUN COUNTY,629 - DISCOVERY,243,421,67,11,9,751,1641,183,1824
2025 November General,11/4/2025 0:00,LOUDOUN COUNTY,630 - CROSON,539,946,218,27,40,1770,3284,227,3511
2025 November General,11/4/2025 0:00,LOUDOUN COUNTY,631 - MARBLEHEAD,308,587,172,19,17,1103,2504,265,2769
2025 November General,11/4/2025 0:00,LOUDOUN COUNTY,701 - SULLY,398,794,151,19,21,1383,2858,175,3033
2025 November General,11/4/2025 0:00,LOUDOUN COUNTY,702 - PARK VIEW,697,908,255,21,21,1902,3583,174,3757
2025 November General,11/4/2025 0:00,LOUDOUN COUNTY,703 - ROLLING RIDGE,288,970,155,19,26,1458,3000,200,3200
2025 November General,11/4/2025 0:00,LOUDOUN COUNTY,705 - FOREST GROVE,414,990,139,20,25,1588,3071,212,3283
2025 November General,11/4/2025 0:00,LOUDOUN COUNTY,707 - CLAUDE MOORE PARK,246,295,51,8,7,607,1206,54,1260
2025 November General,11/4/2025 0:00,LOUDOUN COUNTY,710 - STERLING,283,625,93,17,17,1035,2379,206,2585
2025 November General,11/4/2025 0:00,LOUDOUN COUNTY,711 - GUILFORD,378,433,99,10,17,937,2021,141,2162
2025 November General,11/4/2025 0:00,LOUDOUN COUNTY,712 - STONE HILL,269,850,114,21,19,1273,2488,175,2663
2025 November General,11/4/2025 0:00,LOUDOUN COUNTY,713 - CARTER,109,308,50,14,12,493,1175,144,1319
2025 November General,11/4/2025 0:00,LOUDOUN COUNTY,714 - ROCK RIDGE,305,1089,218,25,34,1671,3442,111,3553
2025 November General,11/4/2025 0:00,LOUDOUN COUNTY,715 - OAK GROVE,92,502,54,21,16,685,1458,93,1551
2025 November General,11/4/2025 0:00,LOUDOUN COUNTY,716 - RIDGETOP,227,493,75,12,10,817,2010,286,2296
2025 November General,11/4/2025 0:00,LOUDOUN COUNTY,808 - STONE BRIDGE,804,1282,194,22,32,2334,3784,181,3965
2025 November General,11/4/2025 0:00,LOUDOUN COUNTY,810 - CEDAR LANE,608,1021,167,24,22,1842,3062,169,3231
2025 November General,11/4/2025 0:00,LOUDOUN COUNTY,813 - SELDENS LANDING,351,905,134,19,30,1439,2681,262,2943
2025 November General,11/4/2025 0:00,LOUDOUN COUNTY,814 - NEWTON - LEE,768,1180,252,22,40,2262,3735,204,3939
2025 November General,11/4/2025 0:00,LOUDOUN COUNTY,815 - BELMONT RIDGE,989,943,480,26,36,2474,3756,204,3960
2025 November General,11/4/2025 0:00,LOUDOUN COUNTY,817 - SANDERS CORNER,631,949,150,15,18,1763,2787,190,2977
2025 November General,11/4/2025 0:00,LOUDOUN COUNTY,818 - EAST BROAD RUN,419,742,134,19,21,1335,2462,147,2609
2025 November General,11/4/2025 0:00,LOUDOUN COUNTY,819 - WEST BROAD RUN,515,735,109,9,15,1383,2207,98,2305
2025 November General,11/4/2025 0:00,LOUDOUN COUNTY,820 - BELMONT STATION,480,883,172,19,8,1562,2862,180,3042
2025 November General,11/4/2025 0:00,LOUDOUN COUNTY,822 - RIVERSIDE,444,837,169,19,21,1490,2476,110,2586
2025 November General,11/4/2025 0:00,LOUDOUN COUNTY,823 - HARPER PARK,560,795,157,10,26,1548,2552,107,2659
2025 November General,11/4/2025 0:00,LOUDOUN COUNTY,824 - GOOSE CREEK,219,328,68,4,12,631,1250,112,1362
2025 November General,11/4/2025 0:00,LOUDOUN COUNTY,825 - WAXPOOL,551,892,165,26,31,1665,2933,148,3081
2025 November General,11/4/2025 0:00,LOUISA COUNTY,101 - GREEN SPRINGS #1,754,1441,256,14,23,2488,3598,84,3682
2025 November General,11/4/2025 0:00,LOUISA COUNTY,102 - GREEN SPRINGS #2,310,479,67,3,11,870,1502,30,1532
2025 November General,11/4/2025 0:00,LOUISA COUNTY,201 - LOUISA #1,471,629,71,16,6,1193,2016,108,2124
2025 November General,11/4/2025 0:00,LOUISA COUNTY,202 - LOUISA #2,385,574,56,7,6,1028,1824,58,1882
2025 November General,11/4/2025 0:00,LOUISA COUNTY,203 - LOUISA #3,57,119,18,,1,195,340,3,343
2025 November General,11/4/2025 0:00,LOUISA COUNTY,301 - PATRICK HENRY #1,516,818,137,13,9,1493,2548,73,2621
2025 November General,11/4/2025 0:00,LOUISA COUNTY,302 - PATRICK HENRY #2,428,498,64,6,4,1000,1742,81,1823
2025 November General,11/4/2025 0:00,LOUISA COUNTY,401 - MINERAL,1370,1233,198,23,11,2835,4802,126,4928
2025 November General,11/4/2025 0:00,LOUISA COUNTY,501 - CUCKOO #1,267,348,67,5,5,692,1248,33,1281
2025 November General,11/4/2025 0:00,LOUISA COUNTY,502 - CUCKOO #2,237,495,54,7,3,796,1390,46,1436
2025 November General,11/4/2025 0:00,LOUISA COUNTY,503 - CUCKOO #3,605,791,120,8,12,1536,2172,56,2228
2025 November General,11/4/2025 0:00,LOUISA COUNTY,601 - JACKSON,674,1418,145,7,6,2250,3987,83,4070
2025 November General,11/4/2025 0:00,LOUISA COUNTY,701 - MOUNTAIN ROAD #1,302,856,72,5,9,1244,1957,36,1993
2025 November General,11/4/2025 0:00,LOUISA COUNTY,702 - MOUNTAIN ROAD #2,486,772,102,13,14,1387,2213,74,2287
2025 November General,11/4/2025 0:00,LUNENBURG COUNTY,101 - PLYMOUTH,213,281,28,2,2,526,992,36,1028
2025 November General,11/4/2025 0:00,LUNENBURG COUNTY,201 - BROWNS STORE,173,384,38,2,8,605,1026,20,1046
2025 November General,11/4/2025 0:00,LUNENBURG COUNTY,301 - ROSEBUD,64,209,13,1,,287,467,16,483
2025 November General,11/4/2025 0:00,LUNENBURG COUNTY,302 - FLAT ROCK,86,262,31,1,,380,640,27,667
2025 November General,11/4/2025 0:00,LUNENBURG COUNTY,401 - ARROWHEAD GUN CLUB,73,143,13,2,,231,380,15,395
2025 November General,11/4/2025 0:00,LUNENBURG COUNTY,402 - PLEASANT GROVE,161,257,21,3,1,443,822,15,837
2025 November General,11/4/2025 0:00,LUNENBURG COUNTY,501 - REEDY CREEK,192,133,18,1,1,345,624,13,637
2025 November General,11/4/2025 0:00,LUNENBURG COUNTY,502 - PEOPLES COMMUNITY CENTER,172,177,35,2,1,387,674,25,699
2025 November General,11/4/2025 0:00,LUNENBURG COUNTY,601 - HOUNDS CREEK,215,364,63,3,3,648,1110,32,1142
2025 November General,11/4/2025 0:00,LUNENBURG COUNTY,701 - MEHERRIN FIRE DEPARTMENT,100,200,13,5,2,320,627,10,637
2025 November General,11/4/2025 0:00,LUNENBURG COUNTY,702 - VICTORIA PUBLIC LIBRARY,158,155,31,1,,345,612,21,633
2025 November General,11/4/2025 0:00,LYNCHBURG CITY,101 - FIRST WARD FIRST PRECINCT,670,1427,219,29,21,2366,4862,286,5148
2025 November General,11/4/2025 0:00,LYNCHBURG CITY,102 - FIRST WARD SECOND PRECINCT,917,1353,250,22,27,2569,3925,142,4067
2025 November General,11/4/2025 0:00,LYNCHBURG CITY,103 - FIRST WARD THIRD PRECINCT,651,916,259,17,13,1856,2530,76,2606
2025 November General,11/4/2025 0:00,LYNCHBURG CITY,104 - FIRST WARD FOURTH PRECINCT,207,422,85,31,7,752,1467,91,1558
2025 November General,11/4/2025 0:00,LYNCHBURG CITY,105 - FIRST WARD FIFTH PRECINCT,375,680,91,23,5,1174,1734,75,1809
2025 November General,11/4/2025 0:00,LYNCHBURG CITY,201 - SECOND WARD FIRST PRECINCT,660,1060,240,29,21,2010,5059,334,5393
2025 November General,11/4/2025 0:00,LYNCHBURG CITY,202 - SECOND WARD SECOND PRECINCT,587,861,175,26,12,1661,4531,337,4868
2025 November General,11/4/2025 0:00,LYNCHBURG CITY,203 - SECOND WARD THIRD PRECINCT,133,300,48,7,3,491,1334,92,1426
2025 November General,11/4/2025 0:00,LYNCHBURG CITY,204 - SECOND WARD FOURTH PRECINCT,128,292,35,4,4,463,1211,80,1291
2025 November General,11/4/2025 0:00,LYNCHBURG CITY,301 - THIRD WARD FIRST PRECINCT,192,398,53,14,4,661,1318,85,1403
2025 November General,11/4/2025 0:00,LYNCHBURG CITY,302 - THIRD WARD SECOND PRECINCT,12,757,1,768,,1538,4837,256,5093
2025 November General,11/4/2025 0:00,LYNCHBURG CITY,303 - THIRD WARD THIRD PRECINCT,240,515,91,15,3,864,1904,104,2008
2025 November General,11/4/2025 0:00,LYNCHBURG CITY,304 - THIRD WARD FOURTH PRECINCT,264,617,61,22,3,967,1900,134,2034
2025 November General,11/4/2025 0:00,LYNCHBURG CITY,305 - THIRD WARD FIFTH PRECINCT,540,1236,179,24,10,1989,4243,316,4559
2025 November General,11/4/2025 0:00,LYNCHBURG CITY,401 - FOURTH WARD FIRST PRECINCT,874,1558,305,33,30,2800,5370,358,5728
2025 November General,11/4/2025 0:00,LYNCHBURG CITY,402 - FOURTH WARD SECOND PRECINCT,274,605,86,12,29,1006,1700,90,1790
2025 November General,11/4/2025 0:00,LYNCHBURG CITY,403 - FOURTH WARD THIRD PRECINCT,476,1091,119,23,28,1737,3717,226,3943
2025 November General,11/4/2025 0:00,LYNCHBURG CITY,404 - FOURTH WARD FOURTH PRECINCT,755,1107,205,11,36,2114,3649,185,3834
2025 November General,11/4/2025 0:00,MADISON COUNTY,001 - OAK PARK,264,467,39,1,2,773,1291,45,1336
2025 November General,11/4/2025 0:00,MADISON COUNTY,002 - RADIANT,413,645,55,6,1,1120,1863,58,1921
2025 November General,11/4/2025 0:00,MADISON COUNTY,003 - ROCHELLE,158,414,28,,,600,884,12,896
2025 November General,11/4/2025 0:00,MADISON COUNTY,004 - GRAVES MILL/WOLFTOWN,239,457,32,,,728,1128,27,1155
2025 November General,11/4/2025 0:00,MADISON COUNTY,005 - MADISON,513,650,61,7,2,1233,1993,45,2038
2025 November General,11/4/2025 0:00,MADISON COUNTY,006 - ETLAN,134,227,26,3,1,391,560,17,577
2025 November General,11/4/2025 0:00,MADISON COUNTY,007 - BRIGHTWOOD,428,775,56,3,5,1267,1994,40,2034
2025 November General,11/4/2025 0:00,MADISON COUNTY,008 - CRIGLERSVILLE,209,329,21,,1,560,865,11,876
2025 November General,11/4/2025 0:00,MANASSAS CITY,001 - DEAN,708,913,200,31,19,1871,4007,322,4329
2025 November General,11/4/2025 0:00,MANASSAS CITY,002 - WEEMS,678,1049,237,29,14,2007,4234,264,4498
2025 November General,11/4/2025 0:00,MANASSAS CITY,003 - METZ,843,1053,249,21,24,2190,4035,247,4282
2025 November General,11/4/2025 0:00,MANASSAS CITY,004 - HAYDON,741,1011,193,20,10,1975,3684,259,3943
2025 November General,11/4/2025 0:00,MANASSAS CITY,005 - BALDWIN,781,868,178,29,12,1868,3707,304,4011
2025 November General,11/4/2025 0:00,MANASSAS CITY,006 - ROUND,697,934,221,17,15,1884,3063,171,3234
2025 November General,11/4/2025 0:00,MANASSAS PARK CITY,001 - PRECINCT ONE,598,719,190,20,15,1542,3268,214,3482
2025 November General,11/4/2025 0:00,MANASSAS PARK CITY,002 - PRECINCT TWO,294,636,97,21,8,1056,2911,105,3016
2025 November General,11/4/2025 0:00,MANASSAS PARK CITY,003 - PRECINCT THREE,563,689,131,23,12,1418,3040,155,3195
2025 November General,11/4/2025 0:00,MARTINSVILLE CITY,001 - PRECINCT #1,116,220,48,4,,388,757,53,810
2025 November General,11/4/2025 0:00,MARTINSVILLE CITY,002 - PRECINCT #2,264,525,92,6,,887,1882,177,2059
2025 November General,11/4/2025 0:00,MARTINSVILLE CITY,003 - PRECINCT #3,129,277,52,1,1,460,1318,150,1468
2025 November General,11/4/2025 0:00,MARTINSVILLE CITY,004 - PRECINCT #4,250,431,101,5,1,788,1893,164,2057
2025 November General,11/4/2025 0:00,MARTINSVILLE CITY,005 - PRECINCT #5,426,776,97,5,1,1305,2093,136,2229
2025 November General,11/4/2025 0:00,MARTINSVILLE CITY,006 - PRECINCT #6,51,129,23,1,,204,403,38,441
2025 November General,11/4/2025 0:00,MATHEWS COUNTY,001 - CHESAPEAKE,593,417,52,3,4,1069,1635,41,1676
2025 November General,11/4/2025 0:00,MATHEWS COUNTY,002 - WESTVILLE,1049,612,79,2,1,1743,2602,56,2658
2025 November General,11/4/2025 0:00,MATHEWS COUNTY,003 - PIANKATANK,1182,751,85,7,2,2027,3106,67,3173
2025 November General,11/4/2025 0:00,MECKLENBURG COUNTY,101 - PALMER SPRINGS,81,317,31,2,1,432,864,39,903
2025 November General,11/4/2025 0:00,MECKLENBURG COUNTY,102 - ANTIOCH CHURCH,33,148,7,2,1,191,311,22,333
2025 November General,11/4/2025 0:00,MECKLENBURG COUNTY,103 - CLARKSVILLE SOUTH,172,408,50,9,0,639,1257,98,1355
2025 November General,11/4/2025 0:00,MECKLENBURG COUNTY,201 - CHASE CITY,208,530,74,9,3,824,1762,126,1888
2025 November General,11/4/2025 0:00,MECKLENBURG COUNTY,202 - BLUESTONE,69,116,9,1,,195,386,20,406
2025 November General,11/4/2025 0:00,MECKLENBURG COUNTY,301 - BRACEY,158,660,56,2,4,880,1533,131,1664
2025 November General,11/4/2025 0:00,MECKLENBURG COUNTY,302 - LACROSSE,80,390,19,4,0,493,1024,73,1097
2025 November General,11/4/2025 0:00,MECKLENBURG COUNTY,401 - SOUTH HILL WEST,271,704,127,3,4,1109,2302,174,2476
2025 November General,11/4/2025 0:00,MECKLENBURG COUNTY,501 - SOUTH HILL EAST,289,763,97,11,8,1168,2293,155,2448
2025 November General,11/4/2025 0:00,MECKLENBURG COUNTY,601 - BASKERVILLE,113,203,12,1,1,330,621,19,640
2025 November General,11/4/2025 0:00,MECKLENBURG COUNTY,602 - UNION LEVEL,53,170,10,,1,234,454,34,488
2025 November General,11/4/2025 0:00,MECKLENBURG COUNTY,603 - SMITH CROSSROADS,88,257,16,1,1,363,631,30,661
2025 November General,11/4/2025 0:00,MECKLENBURG COUNTY,604 - LAKE GASTON,162,346,42,1,2,553,1027,91,1118
2025 November General,11/4/2025 0:00,MECKLENBURG COUNTY,701 - MIDWAY,143,126,26,2,,297,548,28,576
2025 November General,11/4/2025 0:00,MECKLENBURG COUNTY,702 - WILLIAMS GROVE,181,335,35,1,1,553,1000,47,1047
2025 November General,11/4/2025 0:00,MECKLENBURG COUNTY,703 - CHASE CITY EAST,151,261,33,2,,447,827,32,859
2025 November General,11/4/2025 0:00,MECKLENBURG COUNTY,801 - BOYDTON,176,152,15,1,2,346,620,42,662
2025 November General,11/4/2025 0:00,MECKLENBURG COUNTY,802 - CLARKSVILLE VFW,301,410,47,4,,762,1269,49,1318
2025 November General,11/4/2025 0:00,MECKLENBURG COUNTY,803 - CHASE CITY WEST,171,252,24,1,1,449,794,26,820
2025 November General,11/4/2025 0:00,MECKLENBURG COUNTY,901 - NELSON,31,141,12,,,184,394,11,405
2025 November General,11/4/2025 0:00,MECKLENBURG COUNTY,902 - BUFFALO JUNCTION,90,300,12,,1,403,677,32,709
2025 November General,11/4/2025 0:00,MECKLENBURG COUNTY,903 - CLARKSVILLE NORTH,387,550,71,9,,1017,1631,92,1723
2025 November General,11/4/2025 0:00,MIDDLESEX COUNTY,101 - SALUDA,178,217,20,2,,417,647,46,693
2025 November General,11/4/2025 0:00,MIDDLESEX COUNTY,102 - URBANNA,301,369,28,1,4,703,974,28,1002
2025 November General,11/4/2025 0:00,MIDDLESEX COUNTY,201 - NEW MARKET,509,731,63,2,1,1306,1813,68,1881
2025 November General,11/4/2025 0:00,MIDDLESEX COUNTY,302 - CHURCH VIEW,335,592,54,3,3,987,1617,80,1697
2025 November General,11/4/2025 0:00,MIDDLESEX COUNTY,401- HARMONY VILLAGE,384,547,66,6,8,1011,1667,88,1755
2025 November General,11/4/2025 0:00,MIDDLESEX COUNTY,501 - WILTON,474,700,71,8,5,1258,1864,50,1914
2025 November General,11/4/2025 0:00,MONTGOMERY COUNTY,101 - PRECINCT A-1,542,918,194,10,14,1678,2245,81,2326
2025 November General,11/4/2025 0:00,MONTGOMERY COUNTY,102 - PRECINCT A-2,580,667,142,95,8,1492,2565,267,2832
2025 November General,11/4/2025 0:00,MONTGOMERY COUNTY,103 - PRECINCT A-3,5,91,1,71,1,169,329,110,439
2025 November General,11/4/2025 0:00,MONTGOMERY COUNTY,104 - PRECINCT A-4 ,549,749,180,67,8,1553,2591,212,2803
2025 November General,11/4/2025 0:00,MONTGOMERY COUNTY,105 - PRECINCT A-5,563,584,143,4,8,1302,1843,95,1938
2025 November General,11/4/2025 0:00,MONTGOMERY COUNTY,201 - PRECINCT B-1,215,268,24,4,1,512,870,27,897
2025 November General,11/4/2025 0:00,MONTGOMERY COUNTY,202 - PRECINCT B-2,724,814,150,11,5,1704,2689,153,2842
2025 November General,11/4/2025 0:00,MONTGOMERY COUNTY,203 - PRECINCT B-3,213,333,28,3,1,578,1188,104,1292
2025 November General,11/4/2025 0:00,MONTGOMERY COUNTY,204 - PRECINCT B-4,855,973,141,13,8,1990,3270,214,3484
2025 November General,11/4/2025 0:00,MONTGOMERY COUNTY,205 - PRECINCT B-5,538,621,85,9,7,1260,2215,112,2327
2025 November General,11/4/2025 0:00,MONTGOMERY COUNTY,301 - PRECINCT C-1,486,1110,63,8,8,1675,3167,102,3269
2025 November General,11/4/2025 0:00,MONTGOMERY COUNTY,302 - PRECINCT C-2,367,408,70,2,3,850,1348,48,1396
2025 November General,11/4/2025 0:00,MONTGOMERY COUNTY,303 - PRECINCT C-3,192,504,39,,4,739,1283,35,1318
2025 November General,11/4/2025 0:00,MONTGOMERY COUNTY,304 - PRECINCT C-4,509,681,117,12,2,1321,2603,176,2779
2025 November General,11/4/2025 0:00,MONTGOMERY COUNTY,305 - PRECINCT C-5,432,531,78,,3,1044,1626,100,1726
2025 November General,11/4/2025 0:00,MONTGOMERY COUNTY,401 - PRECINCT D-1,756,876,106,9,3,1750,3083,99,3182
2025 November General,11/4/2025 0:00,MONTGOMERY COUNTY,402 - PRECINCT D-2,931,1112,116,6,5,2170,3170,65,3235
2025 November General,11/4/2025 0:00,MONTGOMERY COUNTY,403 - PRECINCT D-3,793,918,128,16,6,1861,3133,132,3265
2025 November General,11/4/2025 0:00,MONTGOMERY COUNTY,404 - PRECINCT D-4,299,519,45,5,1,869,1350,18,1368
2025 November General,11/4/2025 0:00,MONTGOMERY COUNTY,501 - PRECINCT E-1,589,697,215,28,8,1537,2785,194,2979
2025 November General,11/4/2025 0:00,MONTGOMERY COUNTY,502 - PRECINCT E-2,355,764,62,5,5,1191,1904,49,1953
2025 November General,11/4/2025 0:00,MONTGOMERY COUNTY,503 - PRECINCT E-3,29,694,4,504,,1231,2244,274,2518
2025 November General,11/4/2025 0:00,MONTGOMERY COUNTY,504 - PRECINCT E-4,108,179,52,30,2,371,676,51,727
2025 November General,11/4/2025 0:00,MONTGOMERY COUNTY,601 - PRECINCT F-1,589,832,191,114,15,1741,2890,187,3077
2025 November General,11/4/2025 0:00,MONTGOMERY COUNTY,602 - PRECINCT F-2,484,866,164,230,10,1754,3196,292,3488
2025 November General,11/4/2025 0:00,MONTGOMERY COUNTY,603 - PRECINCT F-3,11,303,2,194,1,511,1158,267,1425
2025 November General,11/4/2025 0:00,MONTGOMERY COUNTY,701 - PRECINCT G-1,272,748,65,307,16,1408,3370,303,3673
2025 November General,11/4/2025 0:00,MONTGOMERY COUNTY,702 - PRECINCT G-2,380,665,134,188,8,1375,2643,187,2830
2025 November General,11/4/2025 0:00,MONTGOMERY COUNTY,703 - PRECINCT G-3 ,503,653,119,85,13,1373,2091,215,2306
2025 November General,11/4/2025 0:00,NELSON COUNTY,101 - ROCKFISH,330,1158,103,7,2,1600,2198,51,2249
2025 November General,11/4/2025 0:00,NELSON COUNTY,201 - LOVINGSTON,366,425,50,3,,844,1390,33,1423
2025 November General,11/4/2025 0:00,NELSON COUNTY,202 - SCHUYLER,139,379,37,2,,557,925,22,947
2025 November General,11/4/2025 0:00,NELSON COUNTY,301 - SHIPMAN,438,578,74,6,4,1100,1896,36,1932
2025 November General,11/4/2025 0:00,NELSON COUNTY,302 - GLADSTONE,26,139,4,3,,172,308,6,314
2025 November General,11/4/2025 0:00,NELSON COUNTY,401 - ROSELAND,392,723,67,3,,1185,1908,36,1944
2025 November General,11/4/2025 0:00,NELSON COUNTY,402 - MONTEBELLO,17,98,7,,,122,177,7,184
2025 November General,11/4/2025 0:00,NELSON COUNTY,501 - FABER,205,348,29,1,1,584,835,13,848
2025 November General,11/4/2025 0:00,NELSON COUNTY,502 - NELLYSFORD,577,874,142,3,4,1600,2144,65,2209
2025 November General,11/4/2025 0:00,NEW KENT COUNTY,102 - TUNSTALL,273,675,30,4,4,986,1500,32,1532
2025 November General,11/4/2025 0:00,NEW KENT COUNTY,103 - SOUTHERN BRANCH,443,918,45,3,,1409,2071,50,2121
2025 November General,11/4/2025 0:00,NEW KENT COUNTY,201 - QUINTON,422,1117,104,11,7,1661,2428,64,2492
2025 November General,11/4/2025 0:00,NEW KENT COUNTY,202 - KENTWOOD,187,733,30,1,3,954,1397,20,1417
2025 November General,11/4/2025 0:00,NEW KENT COUNTY,301 - WATKINS,983,1290,170,20,4,2467,3585,64,3649
2025 November General,11/4/2025 0:00,NEW KENT COUNTY,302 - CUMBERLAND,405,612,80,1,,1098,1693,39,1732
2025 November General,11/4/2025 0:00,NEW KENT COUNTY,401 - PROVIDENCE FORGE,926,1109,202,19,4,2260,3299,67,3366
2025 November General,11/4/2025 0:00,NEW KENT COUNTY,403 - MOUNTCASTLE,159,447,48,3,3,660,1152,19,1171
2025 November General,11/4/2025 0:00,NEW KENT COUNTY,501 - ELTHAM,316,590,100,8,1,1015,1605,50,1655
2025 November General,11/4/2025 0:00,NEW KENT COUNTY,502 - CHICKAHOMINY RIVER,414,926,69,12,3,1424,2169,39,2208
2025 November General,11/4/2025 0:00,NEWPORT NEWS CITY,101 - DENBIGH,417,1220,203,28,18,1886,4278,346,4624
2025 November General,11/4/2025 0:00,NEWPORT NEWS CITY,102 - STONEY RUN,407,1254,188,48,15,1912,4699,362,5061
2025 November General,11/4/2025 0:00,NEWPORT NEWS CITY,104 - MCINTOSH,261,879,118,19,9,1286,2920,262,3182
2025 November General,11/4/2025 0:00,NEWPORT NEWS CITY,106 - RESERVOIR,316,748,93,13,11,1181,3288,367,3655
2025 November General,11/4/2025 0:00,NEWPORT NEWS CITY,107 - RICHNECK,697,1548,257,36,31,2569,4703,239,4942
2025 November General,11/4/2025 0:00,NEWPORT NEWS CITY,108 - KATHERINE JOHNSON,161,423,58,6,4,652,1309,107,1416
2025 November General,11/4/2025 0:00,NEWPORT NEWS CITY,109 - WINDSOR,186,749,96,10,10,1051,2245,154,2399
2025 November General,11/4/2025 0:00,NEWPORT NEWS CITY,110 - GREENWOOD,404,1252,189,26,19,1890,4123,334,4457
2025 November General,11/4/2025 0:00,NEWPORT NEWS CITY,111 - STONEYBROOK,574,1123,263,31,12,2003,4428,407,4835
2025 November General,11/4/2025 0:00,NEWPORT NEWS CITY,112 - KNOLLWOOD MEADOWS,541,1575,208,27,26,2377,4135,187,4322
2025 November General,11/4/2025 0:00,NEWPORT NEWS CITY,113 - SANFORD,156,649,61,6,9,881,1374,47,1421
2025 November General,11/4/2025 0:00,NEWPORT NEWS CITY,201 - BLAND,72,246,30,4,1,353,970,177,1147
2025 November General,11/4/2025 0:00,NEWPORT NEWS CITY,202 - BOULEVARD,267,970,87,12,11,1347,2578,136,2714
2025 November General,11/4/2025 0:00,NEWPORT NEWS CITY,203 - CHARLES,543,1649,214,15,19,2440,4229,197,4426
2025 November General,11/4/2025 0:00,NEWPORT NEWS CITY,204 - MARINERS' MUSEUM,200,595,114,245,11,1165,2131,157,2288
2025 November General,11/4/2025 0:00,NEWPORT NEWS CITY,205 - DEEP CREEK,478,1316,145,24,12,1975,3044,114,3158
2025 November General,11/4/2025 0:00,NEWPORT NEWS CITY,208 - HIDENWOOD,299,831,96,10,3,1239,1738,75,1813
2025 November General,11/4/2025 0:00,NEWPORT NEWS CITY,211 - PALMER,429,1051,124,36,15,1655,3922,463,4385
2025 November General,11/4/2025 0:00,NEWPORT NEWS CITY,212 - RIVERSIDE,210,745,67,10,9,1041,1466,79,1545
2025 November General,11/4/2025 0:00,NEWPORT NEWS CITY,216 - YATES,487,1017,204,13,19,1740,3095,202,3297
2025 November General,11/4/2025 0:00,NEWPORT NEWS CITY,217 - RIVERVIEW,421,1008,169,5,10,1613,2562,95,2657
2025 November General,11/4/2025 0:00,NEWPORT NEWS CITY,218 - KILN CREEK,823,1616,370,39,16,2864,4745,348,5093
2025 November General,11/4/2025 0:00,NEWPORT NEWS CITY,219 - DEER PARK,695,1096,220,38,14,2063,4633,527,5160
2025 November General,11/4/2025 0:00,NEWPORT NEWS CITY,220 -JENKINS,321,1252,172,35,18,1798,4031,393,4424
2025 November General,11/4/2025 0:00,NEWPORT NEWS CITY,302 - BRIARFIELD,188,649,129,14,7,987,2893,255,3148
2025 November General,11/4/2025 0:00,NEWPORT NEWS CITY,303 - CARVER,118,483,76,7,3,687,1774,160,1934
2025 November General,11/4/2025 0:00,NEWPORT NEWS CITY,304 - CHESTNUT,84,330,40,7,2,463,1274,96,1370
2025 November General,11/4/2025 0:00,NEWPORT NEWS CITY,305 - DOWNTOWN,96,190,17,6,4,313,972,121,1093
2025 November General,11/4/2025 0:00,NEWPORT NEWS CITY,308 - JEFFERSON,96,243,39,2,1,381,1142,104,1246
2025 November General,11/4/2025 0:00,NEWPORT NEWS CITY,309 - MAGRUDER,91,340,57,6,6,500,1233,75,1308
2025 November General,11/4/2025 0:00,NEWPORT NEWS CITY,310 - MARSHALL,110,382,80,8,1,581,1666,115,1781
2025 November General,11/4/2025 0:00,NEWPORT NEWS CITY,311 - NEWMARKET,315,972,156,22,16,1481,3166,143,3309
2025 November General,11/4/2025 0:00,NEWPORT NEWS CITY,312 - NEWSOME PARK,55,216,31,2,7,311,941,102,1043
2025 November General,11/4/2025 0:00,NEWPORT NEWS CITY,313 - REED,223,546,111,9,15,904,2419,185,2604
2025 November General,11/4/2025 0:00,NEWPORT NEWS CITY,314 - RIVER,165,505,83,10,7,770,1593,153,1746
2025 November General,11/4/2025 0:00,NEWPORT NEWS CITY,315 - SEDGEFIELD,246,784,73,11,5,1119,2215,117,2332
2025 November General,11/4/2025 0:00,NEWPORT NEWS CITY,316 - SOUTH MORRISON,334,862,110,8,22,1336,2880,220,3100
2025 November General,11/4/2025 0:00,NEWPORT NEWS CITY,317 - WASHINGTON,96,349,34,6,2,487,1454,166,1620
2025 November General,11/4/2025 0:00,NEWPORT NEWS CITY,318 - WILSON,103,424,40,5,2,574,1240,69,1309
2025 November General,11/4/2025 0:00,NEWPORT NEWS CITY,319 - SAUNDERS,507,1191,235,26,13,1972,4106,311,4417
2025 November General,11/4/2025 0:00,NEWPORT NEWS CITY,320 - WATKINS,700,1589,194,29,14,2526,4889,290,5179
2025 November General,11/4/2025 0:00,NEWPORT NEWS CITY,321 - HILTON,352,1029,135,21,7,1544,2385,103,2488
2025 November General,11/4/2025 0:00,NEWPORT NEWS CITY,322 - WARWICK,181,627,67,13,8,896,1865,178,2043
2025 November General,11/4/2025 0:00,NORFOLK CITY,101 - GRANBY,469,1081,267,23,19,1859,3919,384,4303
2025 November General,11/4/2025 0:00,NORFOLK CITY,102 - OCEAN VIEW SCHOOL,280,441,87,14,6,828,1846,184,2030
2025 November General,11/4/2025 0:00,NORFOLK CITY,103 - NORTHSIDE,291,841,125,14,13,1284,2460,139,2599
2025 November General,11/4/2025 0:00,NORFOLK CITY,104 - TITUSTOWN ,90,423,75,28,5,621,2393,272,2665
2025 November General,11/4/2025 0:00,NORFOLK CITY,106 - SECOND PRESBYTERIAN,422,1114,197,23,31,1787,3648,367,4015
2025 November General,11/4/2025 0:00,NORFOLK CITY,107 - WESLEY,209,750,101,17,9,1086,2686,243,2929
2025 November General,11/4/2025 0:00,NORFOLK CITY,201 - LARCHMONT SCHOOL,453,1023,170,254,17,1917,3171,189,3360
2025 November General,11/4/2025 0:00,NORFOLK CITY,203 - GHENT SQUARE,217,605,102,18,15,957,1647,162,1809
2025 November General,11/4/2025 0:00,NORFOLK CITY,207 - LAMBERT'S POINT,336,868,114,186,19,1523,3722,376,4098
2025 November General,11/4/2025 0:00,NORFOLK CITY,208 - LARCHMONT UMC,422,658,121,11,24,1236,1773,71,1844
2025 November General,11/4/2025 0:00,NORFOLK CITY,210 - MAURY,414,886,178,33,16,1527,2669,290,2959
2025 November General,11/4/2025 0:00,NORFOLK CITY,211 - CHRYSLER MUSEUM,727,1225,361,63,30,2406,4275,419,4694
2025 November General,11/4/2025 0:00,NORFOLK CITY,212 - PARK PLACE,180,735,64,20,15,1014,2384,207,2591
2025 November General,11/4/2025 0:00,NORFOLK CITY,213 - TAYLOR ELEMENTARY SCHOOL,434,1231,181,37,23,1906,2956,210,3166
2025 November General,11/4/2025 0:00,NORFOLK CITY,214 - VIRGINIA ZOO,513,1063,210,27,21,1834,2910,222,3132
2025 November General,11/4/2025 0:00,NORFOLK CITY,215 - SUBURBAN PARK,291,780,159,10,11,1251,2211,132,2343
2025 November General,11/4/2025 0:00,NORFOLK CITY,218 - WILLARD,686,1279,321,22,32,2340,3612,159,3771
2025 November General,11/4/2025 0:00,NORFOLK CITY,301 - BALLENTINE,322,683,149,36,10,1200,2869,231,3100
2025 November General,11/4/2025 0:00,NORFOLK CITY,302 - TANNERS CREEK,123,525,96,,4,748,1968,188,2156
2025 November General,11/4/2025 0:00,NORFOLK CITY,303 - BROAD CREEK,372,880,195,18,12,1477,3204,204,3408
2025 November General,11/4/2025 0:00,NORFOLK CITY,304 - COLEMAN PLACE SCHOOL,121,461,81,17,4,684,1631,112,1743
2025 November General,11/4/2025 0:00,NORFOLK CITY,305 - LAFAYETTE-WINONA,201,642,196,10,10,1059,2192,124,2316
2025 November General,11/4/2025 0:00,NORFOLK CITY,306 - LINDENWOOD,181,502,97,19,8,807,1827,124,1951
2025 November General,11/4/2025 0:00,NORFOLK CITY,309 - NORVIEW,445,1240,295,42,19,2041,4845,320,5165
2025 November General,11/4/2025 0:00,NORFOLK CITY,310 - ROSEMONT,351,1074,250,30,18,1723,3919,295,4214
2025 November General,11/4/2025 0:00,NORFOLK CITY,311 - SHERWOOD,446,1333,231,30,8,2048,4927,337,5264
2025 November General,11/4/2025 0:00,NORFOLK CITY,313 - UNION CHAPEL,98,407,55,4,3,567,1526,116,1642
2025 November General,11/4/2025 0:00,NORFOLK CITY,402 - BERKLEY,213,635,86,12,3,949,2107,105,2212
2025 November General,11/4/2025 0:00,NORFOLK CITY,404 - CAMPOSTELLA,179,728,106,17,8,1038,2654,182,2836
2025 November General,11/4/2025 0:00,NORFOLK CITY,405 - CHESTERFIELD,265,732,115,148,9,1269,3123,172,3295
2025 November General,11/4/2025 0:00,NORFOLK CITY,406 - BARRON BLACK,201,583,108,10,12,914,1914,78,1992
2025 November General,11/4/2025 0:00,NORFOLK CITY,408 - EASTSIDE,322,921,200,18,15,1476,3175,186,3361
2025 November General,11/4/2025 0:00,NORFOLK CITY,409 - FAIRLAWN,148,742,156,23,21,1090,2276,124,2400
2025 November General,11/4/2025 0:00,NORFOLK CITY,411 - RUFFNER ACADEMY,113,350,61,26,4,554,1664,177,1841
2025 November General,11/4/2025 0:00,NORFOLK CITY,412 - INGLESIDE,258,741,140,15,11,1165,2179,178,2357
2025 November General,11/4/2025 0:00,NORFOLK CITY,413 - POPLAR HALLS,446,978,231,29,26,1710,3678,235,3913
2025 November General,11/4/2025 0:00,NORFOLK CITY,414 - YOUNG PARK,199,552,145,10,10,916,2758,220,2978
2025 November General,11/4/2025 0:00,NORFOLK CITY,415 - LAKE TAYLOR HIGH SCHOOL,243,688,145,24,19,1119,2651,180,2831
2025 November General,11/4/2025 0:00,NORFOLK CITY,501 - BAYVIEW,460,962,172,22,12,1628,3286,266,3552
2025 November General,11/4/2025 0:00,NORFOLK CITY,503 - EAST OCEAN VIEW,731,1033,311,38,16,2129,4025,325,4350
2025 November General,11/4/2025 0:00,NORFOLK CITY,504 - LARRYMORE,249,858,160,16,13,1296,2436,150,2586
2025 November General,11/4/2025 0:00,NORFOLK CITY,505 - LITTLE CREEK,189,698,91,7,6,991,2077,153,2230
2025 November General,11/4/2025 0:00,NORFOLK CITY,506 - OCEAN VIEW GOLF COURSE,522,990,179,37,20,1748,4037,407,4444
2025 November General,11/4/2025 0:00,NORFOLK CITY,507 - PRETLOW,482,752,136,18,22,1410,3141,273,3414
2025 November General,11/4/2025 0:00,NORFOLK CITY,509 - TARRALLTON,273,936,189,8,7,1413,2974,172,3146
2025 November General,11/4/2025 0:00,NORFOLK CITY,510 - THIRD PRESBYTERIAN,324,1097,160,19,11,1611,3090,151,3241
2025 November General,11/4/2025 0:00,NORFOLK CITY,511 - CROSSROADS,367,890,121,15,22,1415,2991,203,3194
2025 November General,11/4/2025 0:00,NORFOLK CITY,512 - AZALEA GARDENS,234,606,100,10,6,956,1760,111,1871
2025 November General,11/4/2025 0:00,NORTHAMPTON COUNTY,101 - PRECINCT 1-1,718,672,154,8,9,1561,2331,63,2394
2025 November General,11/4/2025 0:00,NORTHAMPTON COUNTY,201 - PRECINCT 2-1,397,503,86,6,6,998,1883,42,1925
2025 November General,11/4/2025 0:00,NORTHAMPTON COUNTY,301 - PRECINCT 3-1,277,517,129,4,1,928,1781,46,1827
2025 November General,11/4/2025 0:00,NORTHAMPTON COUNTY,401 - PRECINCT 4-1,615,476,92,6,4,1193,1914,50,1964
2025 November General,11/4/2025 0:00,NORTHAMPTON COUNTY,501 - PRECINCT 5-1,295,496,96,6,1,894,1760,46,1806
2025 November General,11/4/2025 0:00,NORTHUMBERLAND COUNTY,101 - 1A,503,605,63,2,,1173,1838,65,1903
2025 November General,11/4/2025 0:00,NORTHUMBERLAND COUNTY,201 - 2A,685,560,54,1,2,1302,1980,77,2057
2025 November General,11/4/2025 0:00,NORTHUMBERLAND COUNTY,301 - 3A,523,417,64,3,1,1008,1902,82,1984
2025 November General,11/4/2025 0:00,NORTHUMBERLAND COUNTY,401 - 4A,706,856,109,11,4,1686,2223,96,2319
2025 November General,11/4/2025 0:00,NORTHUMBERLAND COUNTY,501 - 5A,719,887,90,6,7,1709,2393,91,2484
2025 November General,11/4/2025 0:00,NORTON CITY,001 - EAST WARD,434,553,73,3,1,1064,2536,114,2650
2025 November General,11/4/2025 0:00,NOTTOWAY COUNTY,101 - PRECINCT 1-1,366,482,90,5,,943,1559,58,1617
2025 November General,11/4/2025 0:00,NOTTOWAY COUNTY,201 - PRECINCT 2-1,451,709,37,4,1,1202,2102,84,2186
2025 November General,11/4/2025 0:00,NOTTOWAY COUNTY,301 - PRECINCT 3-1,296,451,52,5,,804,1516,68,1584
2025 November General,11/4/2025 0:00,NOTTOWAY COUNTY,302 - PRECINCT 3-2,103,133,16,,1,253,393,11,404
2025 November General,11/4/2025 0:00,NOTTOWAY COUNTY,401 - PRECINCT 4-1,180,349,39,7,1,576,1227,94,1321
2025 November General,11/4/2025 0:00,NOTTOWAY COUNTY,402 - PRECINCT 4-2,94,354,23,4,3,478,795,39,834
2025 November General,11/4/2025 0:00,NOTTOWAY COUNTY,501 - PRECINCT 5-1,380,719,39,13,3,1154,1920,118,2038
2025 November General,11/4/2025 0:00,ORANGE COUNTY,101 - ONE WEST,517,1068,108,7,3,1703,2631,61,2692
2025 November General,11/4/2025 0:00,ORANGE COUNTY,102 - ONE EAST,456,684,67,7,2,1216,1963,41,2004
2025 November General,11/4/2025 0:00,ORANGE COUNTY,103 - ONE TOWN,180,359,45,6,3,593,1084,45,1129
2025 November General,11/4/2025 0:00,ORANGE COUNTY,201 - TWO WEST,603,786,112,14,6,1521,2671,72,2743
2025 November General,11/4/2025 0:00,ORANGE COUNTY,202 - TWO EAST,504,1162,94,16,8,1784,3142,108,3250
2025 November General,11/4/2025 0:00,ORANGE COUNTY,301 - THREE WEST,194,173,31,3,,401,602,15,617
2025 November General,11/4/2025 0:00,ORANGE COUNTY,302 - THREE EAST,353,528,40,4,9,934,1568,47,1615
2025 November General,11/4/2025 0:00,ORANGE COUNTY,303 - THREE TOWN,696,806,156,12,15,1685,3093,148,3241
2025 November General,11/4/2025 0:00,ORANGE COUNTY,401 - FOUR WEST,450,1196,122,13,8,1789,3191,105,3296
2025 November General,11/4/2025 0:00,ORANGE COUNTY,402 - FOUR EAST,309,1122,162,18,10,1621,3095,119,3214
2025 November General,11/4/2025 0:00,ORANGE COUNTY,501 - FIVE SOUTH,389,1222,234,14,8,1867,2902,120,3022
2025 November General,11/4/2025 0:00,ORANGE COUNTY,502 - FIVE NORTH,574,1430,259,14,19,2296,3480,111,3591
2025 November General,11/4/2025 0:00,PAGE COUNTY,101 - WEST LURAY,695,1095,140,14,5,1949,3579,110,3689
2025 November General,11/4/2025 0:00,PAGE COUNTY,201 - EAST LURAY,670,1168,91,6,6,1941,3510,93,3603
2025 November General,11/4/2025 0:00,PAGE COUNTY,301 - MARKSVILLE,559,1403,90,5,10,2067,3819,106,3925
2025 November General,11/4/2025 0:00,PAGE COUNTY,401 - NEWPORT,476,1057,71,4,5,1613,3162,82,3244
2025 November General,11/4/2025 0:00,PAGE COUNTY,501 - SHENANDOAH,207,1498,94,8,2,1809,3377,64,3441
2025 November General,11/4/2025 0:00,PATRICK COUNTY,101 - ARARAT,48,333,17,,3,401,923,30,953
2025 November General,11/4/2025 0:00,PATRICK COUNTY,102 - CLAUDVILLE,71,271,24,1,1,368,808,25,833
2025 November General,11/4/2025 0:00,PATRICK COUNTY,103 - WILLIS GAP,27,366,23,1,,417,944,40,984
2025 November General,11/4/2025 0:00,PATRICK COUNTY,201 - DRY POND,98,214,11,,,323,622,11,633
2025 November General,11/4/2025 0:00,PATRICK COUNTY,202 - PATRICK SPRINGS,162,375,18,2,,557,1084,26,1110
2025 November General,11/4/2025 0:00,PATRICK COUNTY,203 - RUSSELL CREEK,183,324,25,1,3,536,982,28,1010
2025 November General,11/4/2025 0:00,PATRICK COUNTY,301 - CRITZ/STELLA,250,536,44,2,2,834,1721,48,1769
2025 November General,11/4/2025 0:00,PATRICK COUNTY,302 - LIBERTY,132,342,12,2,2,490,942,19,961
2025 November General,11/4/2025 0:00,PATRICK COUNTY,401 - MEADOWS OF DAN,100,473,48,1,1,623,1053,30,1083
2025 November General,11/4/2025 0:00,PATRICK COUNTY,402 - STUART FAIRGROUNDS,132,188,30,,1,351,804,31,835
2025 November General,11/4/2025 0:00,PATRICK COUNTY,403 - STUART COMMUNITY,126,177,14,,,317,590,21,611
2025 November General,11/4/2025 0:00,PATRICK COUNTY,502 - ELAMSVILLE,146,479,37,4,2,668,1308,29,1337
2025 November General,11/4/2025 0:00,PATRICK COUNTY,503 - WOOLWINE,178,530,48,4,2,762,1274,31,1305
2025 November General,11/4/2025 0:00,PETERSBURG CITY,101 - FIRST WARD FIRST PRECINCT,400,528,196,14,11,1149,2898,265,3163
2025 November General,11/4/2025 0:00,PETERSBURG CITY,201 - SECOND WARD FIRST PRECINCT,488,880,214,47,12,1641,3348,313,3661
2025 November General,11/4/2025 0:00,PETERSBURG CITY,301 - THIRD WARD FIRST PRECINCT,754,909,282,15,12,1972,3552,233,3785
2025 November General,11/4/2025 0:00,PETERSBURG CITY,401 - FOURTH WARD FIRST PRECINCT,521,593,210,14,8,1346,3048,299,3347
2025 November General,11/4/2025 0:00,PETERSBURG CITY,501 - FIFTH WARD FIRST PRECINCT,448,586,155,14,6,1209,3142,314,3456
2025 November General,11/4/2025 0:00,PETERSBURG CITY,601 - SIXTH WARD FIRST PRECINCT,405,617,201,20,6,1249,3250,341,3591
2025 November General,11/4/2025 0:00,PETERSBURG CITY,701 - SEVENTH WARD FIRST PRECINCT,499,759,215,23,5,1501,3296,262,3558
2025 November General,11/4/2025 0:00,PITTSYLVANIA COUNTY,103 - TWIN SPRINGS,676,1228,134,3,7,2048,3367,101,3468
2025 November General,11/4/2025 0:00,PITTSYLVANIA COUNTY,105 - CHATHAM,308,281,41,6,,636,1032,40,1072
2025 November General,11/4/2025 0:00,PITTSYLVANIA COUNTY,106 - TUNSTALL,310,565,62,2,2,941,1557,78,1635
2025 November General,11/4/2025 0:00,PITTSYLVANIA COUNTY,108 - WEST BLAIRS,158,349,26,,1,534,876,20,896
2025 November General,11/4/2025 0:00,PITTSYLVANIA COUNTY,201 - CALLANDS,221,523,30,,1,775,1318,24,1342
2025 November General,11/4/2025 0:00,PITTSYLVANIA COUNTY,202- BEARSKIN,132,262,35,1,1,431,830,19,849
2025 November General,11/4/2025 0:00,PITTSYLVANIA COUNTY,204 - SANDY LEVEL,111,399,32,2,,544,994,22,1016
2025 November General,11/4/2025 0:00,PITTSYLVANIA COUNTY,206 - CLIMAX,257,306,26,,1,590,967,25,992
2025 November General,11/4/2025 0:00,PITTSYLVANIA COUNTY,207 - GRETNA,290,767,48,1,1,1107,2102,73,2175
2025 November General,11/4/2025 0:00,PITTSYLVANIA COUNTY,301 - CENTRAL,354,347,64,4,1,770,1485,41,1526
2025 November General,11/4/2025 0:00,PITTSYLVANIA COUNTY,305 - RICEVILLE,196,369,61,3,2,631,1090,32,1122
2025 November General,11/4/2025 0:00,PITTSYLVANIA COUNTY,307 - EAST BLAIRS,211,596,71,2,2,882,1812,76,1888
2025 November General,11/4/2025 0:00,PITTSYLVANIA COUNTY,308 - MT AIRY,99,364,31,2,1,497,957,25,982
2025 November General,11/4/2025 0:00,PITTSYLVANIA COUNTY,309 - EAST GRETNA,86,294,12,4,,396,771,29,800
2025 November General,11/4/2025 0:00,PITTSYLVANIA COUNTY,402 - KEELING,182,545,47,4,2,780,1393,34,1427
2025 November General,11/4/2025 0:00,PITTSYLVANIA COUNTY,404 - KENTUCK,318,1027,72,3,4,1424,2484,62,2546
2025 November General,11/4/2025 0:00,PITTSYLVANIA COUNTY,405 - RINGGOLD,254,1154,64,6,3,1481,2814,73,2887
2025 November General,11/4/2025 0:00,PITTSYLVANIA COUNTY,501 - HURT,197,962,79,3,8,1249,2428,60,2488
2025 November General,11/4/2025 0:00,PITTSYLVANIA COUNTY,502 - MOTLEY SYCAMORE,378,1082,88,9,1,1558,2890,77,2967
2025 November General,11/4/2025 0:00,PITTSYLVANIA COUNTY,503 - RENAN,111,440,34,1,3,589,1011,25,1036
2025 November General,11/4/2025 0:00,PITTSYLVANIA COUNTY,603 - STONY MILL,174,742,51,8,4,979,1822,42,1864
2025 November General,11/4/2025 0:00,PITTSYLVANIA COUNTY,604 - SWANSONVILLE,119,414,34,,,567,1037,33,1070
2025 November General,11/4/2025 0:00,PITTSYLVANIA COUNTY,605 - WHITMELL,117,580,36,1,1,735,1362,46,1408
2025 November General,11/4/2025 0:00,PITTSYLVANIA COUNTY,606 - BROSVILLE,86,630,24,4,2,746,1468,62,1530
2025 November General,11/4/2025 0:00,PITTSYLVANIA COUNTY,607 - DRY FORK,85,265,16,1,,367,596,10,606
2025 November General,11/4/2025 0:00,PITTSYLVANIA COUNTY,702 - BACHELORS HALL,170,832,61,5,2,1070,1781,69,1850
2025 November General,11/4/2025 0:00,PITTSYLVANIA COUNTY,703 - FERRY ROAD,16,183,13,3,,215,430,28,458
2025 November General,11/4/2025 0:00,PITTSYLVANIA COUNTY,704 - MT HERMON,409,1017,101,3,4,1534,2864,71,2935
2025 November General,11/4/2025 0:00,PITTSYLVANIA COUNTY,705 - MT CROSS,124,596,37,6,,763,1390,63,1453
2025 November General,11/4/2025 0:00,POQUOSON CITY,001 - CENTRAL,968,947,93,10,23,2041,3446,127,3573
2025 November General,11/4/2025 0:00,POQUOSON CITY,002 - EASTERN,792,1101,68,9,12,1982,3273,105,3378
2025 November General,11/4/2025 0:00,POQUOSON CITY,003 - WESTERN,1042,1069,108,13,20,2252,3182,89,3271
2025 November General,11/4/2025 0:00,PORTSMOUTH CITY,001 - EMANUEL A. M. E. CHURCH ,442,691,93,23,5,1254,2650,280,2930
2025 November General,11/4/2025 0:00,PORTSMOUTH CITY,005 - CHARLES A. FISHER MEMORIAL ACADEMY,146,333,84,14,2,579,1636,138,1774
2025 November General,11/4/2025 0:00,PORTSMOUTH CITY,007- PARK VIEW ELEMENTARY SCHOOL,176,535,59,11,7,788,1669,135,1804
2025 November General,11/4/2025 0:00,PORTSMOUTH CITY,009 - THIRD BAPTIST CHURCH,263,648,117,25,5,1058,2357,144,2501
2025 November General,11/4/2025 0:00,PORTSMOUTH CITY,010 - MOUNT HERMON PRESCHOOL CENTER,134,407,42,12,5,600,1277,92,1369
2025 November General,11/4/2025 0:00,PORTSMOUTH CITY,011 - JOSEPH E. PARKER RECREATION CENTER,164,478,61,9,2,714,1659,102,1761
2025 November General,11/4/2025 0:00,PORTSMOUTH CITY,013 - ST. MARK MISSIONARY BAPTIST CHURCH,91,263,39,7,4,404,1336,118,1454
2025 November General,11/4/2025 0:00,PORTSMOUTH CITY,014 - BRIGHTON ELEMENTARY SCHOOL,192,490,104,20,3,809,2093,166,2259
2025 November General,11/4/2025 0:00,PORTSMOUTH CITY,016 - CRADOCK MIDDLE SCHOOL,132,543,75,11,2,763,2266,194,2460
2025 November General,11/4/2025 0:00,PORTSMOUTH CITY,017 - VICTORY LIFE FELLOWSHIP,239,672,106,22,3,1042,2863,225,3088
2025 November General,11/4/2025 0:00,PORTSMOUTH CITY,019 - VICTORY ELEMENTARY SCHOOL,105,354,37,4,1,501,1201,74,1275
2025 November General,11/4/2025 0:00,PORTSMOUTH CITY,020 - NOBLE STREET BAPTIST CHURCH,205,717,80,20,7,1029,2297,144,2441
2025 November General,11/4/2025 0:00,PORTSMOUTH CITY,021 - HENDRICKS/KENDALL RECREATION CENTER,109,338,70,9,3,529,1257,121,1378
2025 November General,11/4/2025 0:00,PORTSMOUTH CITY,022 - ST. MARK DELIVERANCE CENTER,115,665,100,10,11,901,2178,129,2307
2025 November General,11/4/2025 0:00,PORTSMOUTH CITY,023 - WESTHAVEN BAPTIST CHURCH,103,712,62,12,6,895,1881,97,1978
2025 November General,11/4/2025 0:00,PORTSMOUTH CITY,024 - THE SENIOR STATION,159,534,73,6,4,776,1639,96,1735
2025 November General,11/4/2025 0:00,PORTSMOUTH CITY,025 - WATERVIEW ELEMENTARY SCHOOL,219,817,79,17,5,1137,1942,107,2049
2025 November General,11/4/2025 0:00,PORTSMOUTH CITY,026 - WILLIAM E. WATERS MIDDLE SCHOOL,221,645,133,10,6,1015,1907,76,1983
2025 November General,11/4/2025 0:00,PORTSMOUTH CITY,027 - CAVALIER MANOR RECREATION CENTER,176,558,140,18,6,898,1830,98,1928
2025 November General,11/4/2025 0:00,PORTSMOUTH CITY,028 - LAKEVIEW ELEMENTARY SCHOOL,395,868,266,22,7,1558,2479,89,2568
2025 November General,11/4/2025 0:00,PORTSMOUTH CITY,029 - MANOR HIGH SCHOOL,111,478,46,9,4,648,1266,66,1332
2025 November General,11/4/2025 0:00,PORTSMOUTH CITY,030 - THE RESCUE CHURCH,93,700,40,4,3,840,1815,107,1922
2025 November General,11/4/2025 0:00,PORTSMOUTH CITY,031 - WEST PARK CHURCH OF CHRIST ,161,944,128,22,7,1262,2939,235,3174
2025 November General,11/4/2025 0:00,PORTSMOUTH CITY,032 - HODGES MANOR ELEMENTARY SCHOOL ,184,616,94,3,11,908,1477,59,1536
2025 November General,11/4/2025 0:00,PORTSMOUTH CITY,033- PINECREST BAPTIST CHURCH,105,620,37,4,1,767,1285,44,1329
2025 November General,11/4/2025 0:00,PORTSMOUTH CITY,034- CHURCHLAND BRANCH LIBRARY,231,763,116,9,12,1131,1760,79,1839
2025 November General,11/4/2025 0:00,PORTSMOUTH CITY,035 - CHURCHLAND ELEMENTARY SCHOOL,243,924,100,10,13,1290,2264,112,2376
2025 November General,11/4/2025 0:00,PORTSMOUTH CITY,036 - CHURCHLAND HIGH SCHOOL,586,1371,325,20,10,2312,3870,161,4031
2025 November General,11/4/2025 0:00,PORTSMOUTH CITY,037 - CHURCHLAND MIDDLE SCHOOL,367,1086,182,23,18,1676,3299,184,3483
2025 November General,11/4/2025 0:00,PORTSMOUTH CITY,038 - GROVE BAPTIST CHURCH,271,999,231,27,6,1534,3869,255,4124
2025 November General,11/4/2025 0:00,PORTSMOUTH CITY,039 - CHURCHLAND PRIMARY AND INTERMEDIATE SCHOOL,550,1215,332,18,10,2125,3569,148,3717
2025 November General,11/4/2025 0:00,POWHATAN COUNTY,101 - SUBLETTS,771,863,112,9,5,1760,2409,48,2457
2025 November General,11/4/2025 0:00,POWHATAN COUNTY,102 - MANAKIN,514,853,102,7,6,1482,1962,51,2013
2025 November General,11/4/2025 0:00,POWHATAN COUNTY,103 - FLAT ROCK,247,364,28,3,,642,1000,24,1024
2025 November General,11/4/2025 0:00,POWHATAN COUNTY,201 - POWHATAN STATION,483,775,50,5,1,1314,2004,39,2043
2025 November General,11/4/2025 0:00,POWHATAN COUNTY,202 - GRACELAND,615,1076,105,8,7,1811,2626,62,2688
2025 November General,11/4/2025 0:00,POWHATAN COUNTY,301 - BETHESDA,858,870,87,7,5,1827,2769,68,2837
2025 November General,11/4/2025 0:00,POWHATAN COUNTY,302 - LEE'S LANDING,816,865,98,3,7,1789,2461,49,2510
2025 November General,11/4/2025 0:00,POWHATAN COUNTY,401 - POWHATAN COURTHOUSE,1376,1009,118,8,5,2516,3559,73,3632
2025 November General,11/4/2025 0:00,POWHATAN COUNTY,402 - MT ZION ,423,506,41,2,1,973,1493,46,1539
2025 November General,11/4/2025 0:00,POWHATAN COUNTY,501 - SMITH CROSS ROADS,604,744,75,5,1,1429,2187,41,2228
2025 November General,11/4/2025 0:00,POWHATAN COUNTY,502 - PINEVILLE,303,487,30,4,1,825,1130,21,1151
2025 November General,11/4/2025 0:00,POWHATAN COUNTY,503 - TOBACCOVILLE,224,481,29,4,,738,1153,31,1184
2025 November General,11/4/2025 0:00,PRINCE EDWARD COUNTY,101 - FARMVILLE,401,530,107,6,4,1048,1864,76,1940
2025 November General,11/4/2025 0:00,PRINCE EDWARD COUNTY,201 - LOCKETT,325,761,74,13,3,1176,2061,82,2143
2025 November General,11/4/2025 0:00,PRINCE EDWARD COUNTY,301 - LEIGH,207,519,61,2,3,792,1485,37,1522
2025 November General,11/4/2025 0:00,PRINCE EDWARD COUNTY,302 - MT PLEASANT,60,281,23,,2,366,747,18,765
2025 November General,11/4/2025 0:00,PRINCE EDWARD COUNTY,401 - HAMPDEN,194,570,59,14,3,840,1428,113,1541
2025 November General,11/4/2025 0:00,PRINCE EDWARD COUNTY,501 - DARLINGTON HTS,130,402,22,9,2,565,960,32,992
2025 November General,11/4/2025 0:00,PRINCE EDWARD COUNTY,502 - BUFFALO HTS,97,191,18,1,5,312,675,39,714
2025 November General,11/4/2025 0:00,PRINCE EDWARD COUNTY,601 - PROSPECT,313,747,105,13,1,1179,2070,81,2151
2025 November General,11/4/2025 0:00,PRINCE EDWARD COUNTY,701 - WEST END,306,408,101,30,9,854,1317,74,1391
2025 November General,11/4/2025 0:00,PRINCE EDWARD COUNTY,801 - CENTER,84,228,26,26,,364,832,95,927
2025 November General,11/4/2025 0:00,PRINCE GEORGE COUNTY,101 - RICHARD BLAND,295,520,62,6,2,885,1371,42,1413
2025 November General,11/4/2025 0:00,PRINCE GEORGE COUNTY,102 - TEMPLETON,907,1469,129,10,11,2526,3915,87,4002
2025 November General,11/4/2025 0:00,PRINCE GEORGE COUNTY,103 - UNION BRANCH,466,877,92,8,3,1446,2382,56,2438
2025 November General,11/4/2025 0:00,PRINCE GEORGE COUNTY,104 - RIVES,387,379,71,7,,844,2133,236,2369
2025 November General,11/4/2025 0:00,PRINCE GEORGE COUNTY,105 - HARRISON,208,393,28,2,2,633,976,12,988
2025 November General,11/4/2025 0:00,PRINCE GEORGE COUNTY,201 - BLAND,1296,969,197,7,10,2479,4064,130,4194
2025 November General,11/4/2025 0:00,PRINCE GEORGE COUNTY,202 - BLACKWATER,663,764,81,13,1,1522,2698,88,2786
2025 November General,11/4/2025 0:00,PRINCE GEORGE COUNTY,203 - BRANDON,208,380,37,1,1,627,940,21,961
2025 November General,11/4/2025 0:00,PRINCE GEORGE COUNTY,204 - COURTS,817,840,138,12,4,1811,2958,88,3046
2025 November General,11/4/2025 0:00,PRINCE GEORGE COUNTY,205 - JEFFERSON PARK,362,563,80,11,5,1021,3043,317,3360
2025 November General,11/4/2025 0:00,PRINCE WILLIAM COUNTY,101 - BRENTSVILLE,819,1016,148,22,21,2026,3186,122,3308
2025 November General,11/4/2025 0:00,PRINCE WILLIAM COUNTY,102 - CEDAR POINT,615,894,169,20,39,1737,2737,106,2843
2025 November General,11/4/2025 0:00,PRINCE WILLIAM COUNTY,103 - GLENKIRK,765,1153,207,24,39,2188,3744,180,3924
2025 November General,11/4/2025 0:00,PRINCE WILLIAM COUNTY,104 - NOKESVILLE,917,1264,214,26,34,2455,4003,214,4217
2025 November General,11/4/2025 0:00,PRINCE WILLIAM COUNTY,105 - PINEY BRANCH,606,1001,151,31,30,1819,3204,153,3357
2025 November General,11/4/2025 0:00,PRINCE WILLIAM COUNTY,106 - UNITY REED,141,273,60,17,17,508,1295,137,1432
2025 November General,11/4/2025 0:00,PRINCE WILLIAM COUNTY,107 - MARSTELLER,813,1071,351,34,33,2302,3721,173,3894
2025 November General,11/4/2025 0:00,PRINCE WILLIAM COUNTY,108 - VICTORY,725,1163,179,32,25,2124,3745,246,3991
2025 November General,11/4/2025 0:00,PRINCE WILLIAM COUNTY,109 - CHRIS YUNG,627,1097,143,28,11,1906,3589,241,3830
2025 November General,11/4/2025 0:00,PRINCE WILLIAM COUNTY,110 - BUCKLAND MILLS,754,926,268,26,26,2000,3849,265,4114
2025 November General,11/4/2025 0:00,PRINCE WILLIAM COUNTY,111 - LIMESTONE,795,1295,242,29,36,2397,4224,202,4426
2025 November General,11/4/2025 0:00,PRINCE WILLIAM COUNTY,112 - BURKE-NICKENS,949,1339,318,26,38,2670,4539,224,4763
2025 November General,11/4/2025 0:00,PRINCE WILLIAM COUNTY,113 - LAKES,557,1135,151,23,29,1895,3208,123,3331
2025 November General,11/4/2025 0:00,PRINCE WILLIAM COUNTY,114 - BRISTOW RUN,903,1262,318,27,30,2540,4007,164,4171
2025 November General,11/4/2025 0:00,PRINCE WILLIAM COUNTY,201 - HYLTON,467,906,208,20,22,1623,3216,190,3406
2025 November General,11/4/2025 0:00,PRINCE WILLIAM COUNTY,202 - WEST GATE,190,518,84,26,14,832,2308,262,2570
2025 November General,11/4/2025 0:00,PRINCE WILLIAM COUNTY,203 - BENNETT,894,1228,274,34,34,2464,4123,175,4298
2025 November General,11/4/2025 0:00,PRINCE WILLIAM COUNTY,204 - ELLIS,333,627,143,24,22,1149,2600,185,2785
2025 November General,11/4/2025 0:00,PRINCE WILLIAM COUNTY,205 - BUCKHALL,586,724,204,17,16,1547,2432,109,2541
2025 November General,11/4/2025 0:00,PRINCE WILLIAM COUNTY,206 - COLES,713,1085,317,21,17,2153,3371,162,3533
2025 November General,11/4/2025 0:00,PRINCE WILLIAM COUNTY,207 - SPRIGGS,626,914,212,30,49,1831,3014,134,3148
2025 November General,11/4/2025 0:00,PRINCE WILLIAM COUNTY,208 - COLGAN,414,592,143,11,19,1179,1930,54,1984
2025 November General,11/4/2025 0:00,PRINCE WILLIAM COUNTY,209 - INDEPENDENT HILL,698,759,150,7,17,1631,2561,106,2667
2025 November General,11/4/2025 0:00,PRINCE WILLIAM COUNTY,210 - YATES FORD,763,1167,217,20,20,2187,3383,159,3542
2025 November General,11/4/2025 0:00,PRINCE WILLIAM COUNTY,211 - SIGNAL HILL,335,633,139,18,18,1143,2116,137,2253
2025 November General,11/4/2025 0:00,PRINCE WILLIAM COUNTY,212 - YORKSHIRE,247,820,125,29,19,1240,3227,173,3400
2025 November General,11/4/2025 0:00,PRINCE WILLIAM COUNTY,213 - PARKSIDE,317,615,139,17,14,1102,2580,159,2739
2025 November General,11/4/2025 0:00,PRINCE WILLIAM COUNTY,214 - LUCASVILLE,774,979,189,24,33,1999,3256,137,3393
2025 November General,11/4/2025 0:00,PRINCE WILLIAM COUNTY,215 - SAUNDERS,465,927,200,22,16,1630,2934,150,3084
2025 November General,11/4/2025 0:00,PRINCE WILLIAM COUNTY,301 - DUMFRIES,517,688,123,25,23,1376,3162,245,3407
2025 November General,11/4/2025 0:00,PRINCE WILLIAM COUNTY,302 - POTOMAC,613,680,229,27,29,1578,3325,265,3590
2025 November General,11/4/2025 0:00,PRINCE WILLIAM COUNTY,303 - GRAHAM PARK,324,537,90,21,11,983,2295,252,2547
2025 November General,11/4/2025 0:00,PRINCE WILLIAM COUNTY,304 - QUANTICO,43,123,19,7,4,196,1223,381,1604
2025 November General,11/4/2025 0:00,PRINCE WILLIAM COUNTY,305 - FOREST PARK,569,1021,188,28,32,1838,3096,180,3276
2025 November General,11/4/2025 0:00,PRINCE WILLIAM COUNTY,306 - FOUR SEASONS,643,819,405,22,23,1912,2953,214,3167
2025 November General,11/4/2025 0:00,PRINCE WILLIAM COUNTY,307 - HENDERSON,537,869,187,18,24,1635,2610,158,2768
2025 November General,11/4/2025 0:00,PRINCE WILLIAM COUNTY,308 - MONTCLAIR,350,618,138,16,14,1136,1859,92,1951
2025 November General,11/4/2025 0:00,PRINCE WILLIAM COUNTY,309 - ASHLAND ,419,884,160,13,29,1505,2342,127,2469
2025 November General,11/4/2025 0:00,PRINCE WILLIAM COUNTY,310 - PW FOREST PARK,485,768,187,19,28,1487,2831,181,3012
2025 November General,11/4/2025 0:00,PRINCE WILLIAM COUNTY,311 - SWANS CREEK,489,869,197,34,24,1613,2981,169,3150
2025 November General,11/4/2025 0:00,PRINCE WILLIAM COUNTY,312 - TRIANGLE ,696,881,197,36,14,1824,3519,249,3768
2025 November General,11/4/2025 0:00,PRINCE WILLIAM COUNTY,313 - CARDINAL,656,1023,192,28,34,1933,3276,169,3445
2025 November General,11/4/2025 0:00,PRINCE WILLIAM COUNTY,314 - CABIN BRANCH,490,835,170,13,27,1535,2563,124,2687
2025 November General,11/4/2025 0:00,PRINCE WILLIAM COUNTY,315 - WILLIAMS,490,871,176,25,37,1599,3358,231,3589
2025 November General,11/4/2025 0:00,PRINCE WILLIAM COUNTY,316 - POTOMAC SHORES,803,1047,264,38,43,2195,3728,212,3940
2025 November General,11/4/2025 0:00,PRINCE WILLIAM COUNTY,401 - EVERGREEN,916,924,209,13,19,2081,3236,154,3390
2025 November General,11/4/2025 0:00,PRINCE WILLIAM COUNTY,402 - GRAVELY,1451,958,278,15,28,2730,4144,187,4331
2025 November General,11/4/2025 0:00,PRINCE WILLIAM COUNTY,403 - BULL RUN,882,788,194,28,21,1913,3332,154,3486
2025 November General,11/4/2025 0:00,PRINCE WILLIAM COUNTY,404 - UNITY BRAXTON,265,494,109,15,9,892,2187,135,2322
2025 November General,11/4/2025 0:00,PRINCE WILLIAM COUNTY,405 - BEN LOMOND,330,802,127,19,21,1299,2912,186,3098
2025 November General,11/4/2025 0:00,PRINCE WILLIAM COUNTY,406 - ALVEY,1395,557,319,12,28,2311,3448,194,3642
2025 November General,11/4/2025 0:00,PRINCE WILLIAM COUNTY,407 - HERITAGE HUNT,1478,962,494,18,34,2986,3976,179,4155
2025 November General,11/4/2025 0:00,PRINCE WILLIAM COUNTY,408 - SUDLEY,212,717,76,25,16,1046,2189,88,2277
2025 November General,11/4/2025 0:00,PRINCE WILLIAM COUNTY,409 - TYLER,1152,1247,369,32,40,2840,4959,226,5185
2025 November General,11/4/2025 0:00,PRINCE WILLIAM COUNTY,410 - MOUNTAIN VIEW,1277,917,202,26,31,2453,4231,245,4476
2025 November General,11/4/2025 0:00,PRINCE WILLIAM COUNTY,411 - MULLEN,284,913,165,24,25,1411,3412,315,3727
2025 November General,11/4/2025 0:00,PRINCE WILLIAM COUNTY,412 - CATHARPIN,695,698,147,15,19,1574,2416,94,2510
2025 November General,11/4/2025 0:00,PRINCE WILLIAM COUNTY,413 - REAGAN,980,851,237,19,20,2107,3610,170,3780
2025 November General,11/4/2025 0:00,PRINCE WILLIAM COUNTY,414 - SEYMOUR,329,641,115,14,19,1118,2404,265,2669
2025 November General,11/4/2025 0:00,PRINCE WILLIAM COUNTY,501 - SPRINGWOODS,583,1115,299,36,30,2063,3753,237,3990
2025 November General,11/4/2025 0:00,PRINCE WILLIAM COUNTY,502 - OCCOQUAN,471,927,192,39,27,1656,3196,327,3523
2025 November General,11/4/2025 0:00,PRINCE WILLIAM COUNTY,503 - MOHICAN,262,626,118,14,18,1038,2044,212,2256
2025 November General,11/4/2025 0:00,PRINCE WILLIAM COUNTY,504 - ROCKLEDGE,367,702,320,7,32,1428,2330,129,2459
2025 November General,11/4/2025 0:00,PRINCE WILLIAM COUNTY,505 - LAKE RIDGE,596,1223,219,25,36,2099,3469,208,3677
2025 November General,11/4/2025 0:00,PRINCE WILLIAM COUNTY,506 - OLD BRIDGE,519,642,217,19,22,1419,2740,200,2940
2025 November General,11/4/2025 0:00,PRINCE WILLIAM COUNTY,507 - CHINN,525,1166,211,25,35,1962,3599,252,3851
2025 November General,11/4/2025 0:00,PRINCE WILLIAM COUNTY,508 - PURCELL,837,838,243,23,27,1968,3171,177,3348
2025 November General,11/4/2025 0:00,PRINCE WILLIAM COUNTY,509 - MC COART,931,1004,329,18,47,2329,3503,163,3666
2025 November General,11/4/2025 0:00,PRINCE WILLIAM COUNTY,510 - COUNTY CENTER,123,227,43,9,10,412,890,81,971
2025 November General,11/4/2025 0:00,PRINCE WILLIAM COUNTY,511 - WESTRIDGE,708,1202,268,32,27,2237,3750,207,3957
2025 November General,11/4/2025 0:00,PRINCE WILLIAM COUNTY,512 - YORK,337,675,124,34,18,1188,2569,181,2750
2025 November General,11/4/2025 0:00,PRINCE WILLIAM COUNTY,513 - WOODBRIDGE,806,1026,302,24,40,2198,3816,194,4010
2025 November General,11/4/2025 0:00,PRINCE WILLIAM COUNTY,514 - ANTIETAM,523,1185,270,25,37,2040,3474,216,3690
2025 November General,11/4/2025 0:00,PRINCE WILLIAM COUNTY,515 - MARSHALL,611,895,228,8,27,1769,2630,140,2770
2025 November General,11/4/2025 0:00,PRINCE WILLIAM COUNTY,516 - KERRYDALE,138,458,75,15,11,697,1436,67,1503
2025 November General,11/4/2025 0:00,PRINCE WILLIAM COUNTY,601 - DALE,273,844,143,33,18,1311,3249,175,3424
2025 November General,11/4/2025 0:00,PRINCE WILLIAM COUNTY,602 - BEVILLE,471,1119,229,36,30,1885,3774,177,3951
2025 November General,11/4/2025 0:00,PRINCE WILLIAM COUNTY,603 - HAMPTON,413,837,165,40,24,1479,3091,262,3353
2025 November General,11/4/2025 0:00,PRINCE WILLIAM COUNTY,604 - GAR-FIELD,405,586,187,36,21,1235,2688,173,2861
2025 November General,11/4/2025 0:00,PRINCE WILLIAM COUNTY,605 - MINNIEVILLE,269,549,143,15,10,986,2075,123,2198
2025 November General,11/4/2025 0:00,PRINCE WILLIAM COUNTY,606 - BEL AIR,333,848,154,30,25,1390,3096,145,3241
2025 November General,11/4/2025 0:00,PRINCE WILLIAM COUNTY,607 - HILLENDALE,259,594,138,25,13,1029,2255,159,2414
2025 November General,11/4/2025 0:00,PRINCE WILLIAM COUNTY,608 - ENTERPRISE,532,1108,207,20,37,1904,3879,173,4052
2025 November General,11/4/2025 0:00,PRINCE WILLIAM COUNTY,609 - KING,339,601,187,17,32,1176,2299,100,2399
2025 November General,11/4/2025 0:00,PRINCE WILLIAM COUNTY,610 - FITZGERALD,431,992,174,35,17,1649,3456,264,3720
2025 November General,11/4/2025 0:00,PRINCE WILLIAM COUNTY,611 - NEABSCO,397,994,181,20,40,1632,3452,279,3731
2025 November General,11/4/2025 0:00,PRINCE WILLIAM COUNTY,612 - ELM FARM,324,534,148,30,21,1057,2105,108,2213
2025 November General,11/4/2025 0:00,PRINCE WILLIAM COUNTY,613 - HOADLY,143,254,43,9,4,453,823,44,867
2025 November General,11/4/2025 0:00,PRINCE WILLIAM COUNTY,614 - ROSA PARKS,414,927,200,35,29,1605,3292,227,3519
2025 November General,11/4/2025 0:00,PRINCE WILLIAM COUNTY,615 - COMMONS,55,84,15,6,1,161,385,42,427
2025 November General,11/4/2025 0:00,PRINCE WILLIAM COUNTY,616 - MARKHAM,151,233,25,12,5,426,1003,79,1082
2025 November General,11/4/2025 0:00,PRINCE WILLIAM COUNTY,701 - BELMONT,628,971,254,21,29,1903,3590,398,3988
2025 November General,11/4/2025 0:00,PRINCE WILLIAM COUNTY,702 - LIBRARY,540,916,200,28,38,1722,3424,442,3866
2025 November General,11/4/2025 0:00,PRINCE WILLIAM COUNTY,703 - LYNN,195,546,103,30,22,896,2569,260,2829
2025 November General,11/4/2025 0:00,PRINCE WILLIAM COUNTY,704 - PORTER,301,842,138,25,30,1336,3286,370,3656
2025 November General,11/4/2025 0:00,PRINCE WILLIAM COUNTY,705 - POTOMAC VIEW,216,628,95,12,16,967,2366,129,2495
2025 November General,11/4/2025 0:00,PRINCE WILLIAM COUNTY,706 - RIPPON,474,995,200,31,36,1736,3711,261,3972
2025 November General,11/4/2025 0:00,PRINCE WILLIAM COUNTY,707 - KILBY,259,863,152,44,21,1339,3257,233,3490
2025 November General,11/4/2025 0:00,PRINCE WILLIAM COUNTY,708 - RIVER OAKS,479,955,198,39,26,1697,3511,350,3861
2025 November General,11/4/2025 0:00,PRINCE WILLIAM COUNTY,709 - FREEDOM,446,706,169,24,11,1356,2877,283,3160
2025 November General,11/4/2025 0:00,PRINCE WILLIAM COUNTY,710 - POWELLS CREEK,473,774,166,38,21,1472,3287,386,3673
2025 November General,11/4/2025 0:00,PRINCE WILLIAM COUNTY,711 - GRAYSON,311,837,146,37,23,1354,3347,280,3627
2025 November General,11/4/2025 0:00,PRINCE WILLIAM COUNTY,712 - LEESYLVANIA,664,892,238,15,21,1830,3090,159,3249
2025 November General,11/4/2025 0:00,PULASKI COUNTY,101 - BELSPRING,93,387,33,1,,514,913,12,925
2025 November General,11/4/2025 0:00,PULASKI COUNTY,102 - NEW RIVER,487,1067,190,11,1,1756,2980,92,3072
2025 November General,11/4/2025 0:00,PULASKI COUNTY,103 - WEST CLOYD,131,359,44,5,1,540,985,24,1009
2025 November General,11/4/2025 0:00,PULASKI COUNTY,201 - DRAPER,366,610,39,3,,1018,1688,41,1729
2025 November General,11/4/2025 0:00,PULASKI COUNTY,202 - SOUTH PULASKI,62,87,12,3,,164,460,22,482
2025 November General,11/4/2025 0:00,PULASKI COUNTY,203 - NEWBERN,487,837,116,10,5,1455,2766,75,2841
2025 November General,11/4/2025 0:00,PULASKI COUNTY,301 - DUBLIN,584,950,128,9,3,1674,2910,75,2985
2025 November General,11/4/2025 0:00,PULASKI COUNTY,302 - HIWASSEE,50,234,20,3,,307,571,14,585
2025 November General,11/4/2025 0:00,PULASKI COUNTY,304 - SNOWVILLE,191,605,57,5,,858,1373,28,1401
2025 November General,11/4/2025 0:00,PULASKI COUNTY,402 - WALKER,158,385,25,1,2,571,993,21,1014
2025 November General,11/4/2025 0:00,PULASKI COUNTY,403 - WEST MASSIE,470,653,107,6,1,1237,2783,121,2904
2025 November General,11/4/2025 0:00,PULASKI COUNTY,404 - EAST MASSIE,182,204,47,3,1,437,748,9,757
2025 November General,11/4/2025 0:00,PULASKI COUNTY,501 - ROBINSON,807,1030,192,15,5,2049,4427,130,4557
2025 November General,11/4/2025 0:00,RADFORD CITY,001 - EAST PRECINCT,277,528,54,56,2,917,2205,361,2566
2025 November General,11/4/2025 0:00,RADFORD CITY,002 - CENTRAL PRECINCT,609,721,100,7,4,1441,2244,109,2353
2025 November General,11/4/2025 0:00,RADFORD CITY,003 - WEST PRECINCT,668,748,111,7,1,1535,2674,164,2838
2025 November General,11/4/2025 0:00,RADFORD CITY,004 - NEW RIVER PRECINCT,198,468,52,100,3,821,1811,257,2068
2025 November General,11/4/2025 0:00,RAPPAHANNOCK COUNTY,101 - WASHINGTON,329,407,68,2,,806,1236,65,1301
2025 November General,11/4/2025 0:00,RAPPAHANNOCK COUNTY,201 - AMISSVILLE,234,581,60,3,,878,1396,34,1430
2025 November General,11/4/2025 0:00,RAPPAHANNOCK COUNTY,301 - SPERRYVILLE,252,467,82,1,1,803,1127,39,1166
2025 November General,11/4/2025 0:00,RAPPAHANNOCK COUNTY,401 - SCRABBLE,257,434,87,4,4,786,1187,50,1237
2025 November General,11/4/2025 0:00,RAPPAHANNOCK COUNTY,501 - CHESTER GAP,27,290,13,3,,333,551,27,578
2025 November General,11/4/2025 0:00,RAPPAHANNOCK COUNTY,502 - FLINT HILL,149,262,40,1,,452,667,30,697
2025 November General,11/4/2025 0:00,RICHMOND CITY,101 - ONE HUNDRED ONE,111,354,21,154,2,642,1372,316,1688
2025 November General,11/4/2025 0:00,RICHMOND CITY,102 - ONE HUNDRED TWO,273,625,52,9,11,970,1336,42,1378
2025 November General,11/4/2025 0:00,RICHMOND CITY,104 - ONE HUNDRED FOUR,403,1020,69,8,17,1517,2018,45,2063
2025 November General,11/4/2025 0:00,RICHMOND CITY,105 - ONE HUNDRED FIVE,376,873,84,7,16,1356,1759,110,1869
2025 November General,11/4/2025 0:00,RICHMOND CITY,106 - ONE HUNDRED SIX,494,968,78,18,35,1593,2117,49,2166
2025 November General,11/4/2025 0:00,RICHMOND CITY,111 - ONE HUNDRED ELEVEN,337,898,70,20,32,1357,1777,55,1832
2025 November General,11/4/2025 0:00,RICHMOND CITY,112 - ONE HUNDRED TWELVE,337,727,66,26,22,1178,1559,73,1632
2025 November General,11/4/2025 0:00,RICHMOND CITY,113 - ONE HUNDRED THIRTEEN,476,1443,124,43,37,2123,2889,167,3056
2025 November General,11/4/2025 0:00,RICHMOND CITY,114 - ONE HUNDRED FOURTEEN,576,1406,124,47,52,2205,2937,154,3091
2025 November General,11/4/2025 0:00,RICHMOND CITY,115 - ONE HUNDRED FIFTEEN,222,796,52,9,31,1110,1535,73,1608
2025 November General,11/4/2025 0:00,RICHMOND CITY,204 - TWO HUNDRED FOUR,315,951,74,44,26,1410,2183,140,2323
2025 November General,11/4/2025 0:00,RICHMOND CITY,206 - TWO HUNDRED SIX,195,501,59,116,14,885,1459,127,1586
2025 November General,11/4/2025 0:00,RICHMOND CITY,207 - TWO HUNDRED SEVEN,459,1239,122,45,22,1887,2572,181,2753
2025 November General,11/4/2025 0:00,RICHMOND CITY,208 - TWO HUNDRED EIGHT,478,1351,108,73,38,2048,2839,168,3007
2025 November General,11/4/2025 0:00,RICHMOND CITY,213 - TWO HUNDRED THIRTEEN,290,1078,102,215,43,1728,3188,285,3473
2025 November General,11/4/2025 0:00,RICHMOND CITY,214 - TWO HUNDRED FOURTEEN,119,798,40,482,14,1453,2464,222,2686
2025 November General,11/4/2025 0:00,RICHMOND CITY,215 - TWO HUNDRED FIFTEEN,430,1250,131,81,50,1942,3408,287,3695
2025 November General,11/4/2025 0:00,RICHMOND CITY,216 - TWO HUNDRED SIXTEEN,41,271,7,83,4,406,775,57,832
2025 November General,11/4/2025 0:00,RICHMOND CITY,301 - THREE HUNDRED ONE,204,404,61,18,6,693,1520,118,1638
2025 November General,11/4/2025 0:00,RICHMOND CITY,302 - THREE HUNDRED TWO,330,478,58,16,8,890,1492,105,1597
2025 November General,11/4/2025 0:00,RICHMOND CITY,303 - THREE HUNDRED THREE,274,510,52,6,10,852,1244,54,1298
2025 November General,11/4/2025 0:00,RICHMOND CITY,304 - THREE HUNDRED FOUR,353,856,95,11,21,1336,2349,146,2495
2025 November General,11/4/2025 0:00,RICHMOND CITY,305 - THREE HUNDRED FIVE,364,859,99,43,18,1383,2291,153,2444
2025 November General,11/4/2025 0:00,RICHMOND CITY,306 - THREE HUNDRED SIX,145,359,50,69,10,633,1493,186,1679
2025 November General,11/4/2025 0:00,RICHMOND CITY,307 - THREE HUNDRED SEVEN,1174,1136,206,28,27,2571,3429,160,3589
2025 November General,11/4/2025 0:00,RICHMOND CITY,308 - THREE HUNDRED EIGHT,594,670,96,11,12,1383,1770,101,1871
2025 November General,11/4/2025 0:00,RICHMOND CITY,309 - THREE HUNDRED NINE,279,308,40,11,10,648,916,79,995
2025 November General,11/4/2025 0:00,RICHMOND CITY,310 - THREE HUNDRED TEN,26,158,,10,14,208,948,88,1036
2025 November General,11/4/2025 0:00,RICHMOND CITY,311 - THREE HUNDRED ELEVEN,96,351,22,55,5,529,916,64,980
2025 November General,11/4/2025 0:00,RICHMOND CITY,402 - FOUR HUNDRED TWO,776,1689,211,28,42,2746,3402,99,3501
2025 November General,11/4/2025 0:00,RICHMOND CITY,404 - FOUR HUNDRED FOUR,354,930,124,14,27,1449,2430,168,2598
2025 November General,11/4/2025 0:00,RICHMOND CITY,409 - FOUR HUNDRED NINE,437,907,198,13,26,1581,1961,67,2028
2025 November General,11/4/2025 0:00,RICHMOND CITY,410 - FOUR HUNDRED TEN,367,861,139,13,21,1401,2187,198,2385
2025 November General,11/4/2025 0:00,RICHMOND CITY,412 - FOUR HUNDRED TWELVE,372,1001,141,54,28,1596,2702,213,2915
2025 November General,11/4/2025 0:00,RICHMOND CITY,413 - FOUR HUNDRED THIRTEEN,463,855,124,8,30,1480,1902,48,1950
2025 November General,11/4/2025 0:00,RICHMOND CITY,414 - FOUR HUNDRED FOURTEEN,485,993,158,14,22,1672,2124,56,2180
2025 November General,11/4/2025 0:00,RICHMOND CITY,415 - FOUR HUNDRED FIFTEEN,382,858,166,18,17,1441,2076,106,2182
2025 November General,11/4/2025 0:00,RICHMOND CITY,501 - FIVE HUNDRED ONE,509,1180,152,55,28,1924,2630,118,2748
2025 November General,11/4/2025 0:00,RICHMOND CITY,503 - FIVE HUNDRED THREE,431,1125,180,47,48,1831,2714,128,2842
2025 November General,11/4/2025 0:00,RICHMOND CITY,504 - FIVE HUNDRED FOUR,390,1334,128,107,31,1990,3229,247,3476
2025 November General,11/4/2025 0:00,RICHMOND CITY,505 - FIVE HUNDRED FIVE,140,932,,330,76,1478,2417,218,2635
2025 November General,11/4/2025 0:00,RICHMOND CITY,508 - FIVE HUNDRED EIGHT,196,682,54,8,16,956,1324,57,1381
2025 November General,11/4/2025 0:00,RICHMOND CITY,509 - FIVE HUNDRED NINE,240,633,74,20,19,986,2095,204,2299
2025 November General,11/4/2025 0:00,RICHMOND CITY,510 - FIVE HUNDRED TEN,362,999,137,31,32,1561,2661,165,2826
2025 November General,11/4/2025 0:00,RICHMOND CITY,602 - SIX HUNDRED TWO,100,415,62,17,10,604,2226,197,2423
2025 November General,11/4/2025 0:00,RICHMOND CITY,603 - SIX HUNDRED THREE,180,524,54,6,10,774,1526,95,1621
2025 November General,11/4/2025 0:00,RICHMOND CITY,604 - SIX HUNDRED FOUR,178,622,49,9,21,879,1703,111,1814
2025 November General,11/4/2025 0:00,RICHMOND CITY,606 - SIX HUNDRED SIX,420,825,84,14,25,1368,2449,246,2695
2025 November General,11/4/2025 0:00,RICHMOND CITY,607 - SIX HUNDRED SEVEN,284,798,1,69,132,1284,2438,307,2745
2025 November General,11/4/2025 0:00,RICHMOND CITY,609 - SIX HUNDRED NINE,275,920,94,66,27,1382,2981,359,3340
2025 November General,11/4/2025 0:00,RICHMOND CITY,610 - SIX HUNDRED TEN,165,413,58,12,11,659,1953,186,2139
2025 November General,11/4/2025 0:00,RICHMOND CITY,611 - SIX HUNDRED ELEVEN,238,787,73,36,22,1156,2152,250,2402
2025 November General,11/4/2025 0:00,RICHMOND CITY,701 - SEVEN HUNDRED ONE,98,419,46,11,10,584,1706,208,1914
2025 November General,11/4/2025 0:00,RICHMOND CITY,702 - SEVEN HUNDRED TWO,261,736,82,26,19,1124,2251,150,2401
2025 November General,11/4/2025 0:00,RICHMOND CITY,703 - SEVEN HUNDRED THREE,292,1020,96,43,24,1475,2529,153,2682
2025 November General,11/4/2025 0:00,RICHMOND CITY,705 - SEVEN HUNDRED FIVE,327,934,67,25,32,1385,1974,170,2144
2025 November General,11/4/2025 0:00,RICHMOND CITY,706 - SEVEN HUNDRED SIX,374,1316,109,47,36,1882,3418,306,3724
2025 November General,11/4/2025 0:00,RICHMOND CITY,707 - SEVEN HUNDRED SEVEN,630,1610,180,38,58,2516,3647,261,3908
2025 November General,11/4/2025 0:00,RICHMOND CITY,708 - SEVEN HUNDRED EIGHT,153,719,56,52,22,1002,1976,266,2242
2025 November General,11/4/2025 0:00,RICHMOND CITY,709 - SEVEN HUNDRED NINE,186,584,58,39,16,883,1568,149,1717
2025 November General,11/4/2025 0:00,RICHMOND CITY,802 - EIGHT HUNDRED TWO,199,632,60,30,19,940,1900,159,2059
2025 November General,11/4/2025 0:00,RICHMOND CITY,806 - EIGHT HUNDRED SIX,438,487,61,13,16,1015,2394,160,2554
2025 November General,11/4/2025 0:00,RICHMOND CITY,810 - EIGHT HUNDRED TEN,275,429,54,10,8,776,1649,188,1837
2025 November General,11/4/2025 0:00,RICHMOND CITY,811 - EIGHT HUNDRED ELEVEN,234,621,70,22,9,956,2477,269,2746
2025 November General,11/4/2025 0:00,RICHMOND CITY,812 - EIGHT HUNDRED TWELVE,629,866,104,19,14,1632,2961,111,3072
2025 November General,11/4/2025 0:00,RICHMOND CITY,814 - EIGHT HUNDRED FOURTEEN,324,344,45,22,8,743,1408,104,1512
2025 November General,11/4/2025 0:00,RICHMOND CITY,902 - NINE HUNDRED TWO,112,209,22,7,5,355,860,55,915
2025 November General,11/4/2025 0:00,RICHMOND CITY,903 - NINE HUNDRED THREE,347,588,74,19,10,1038,2221,139,2360
2025 November General,11/4/2025 0:00,RICHMOND CITY,908 - NINE HUNDRED EIGHT,232,646,92,40,22,1032,2293,353,2646
2025 November General,11/4/2025 0:00,RICHMOND CITY,909 - NINE HUNDRED NINE,366,676,123,23,13,1201,2258,207,2465
2025 November General,11/4/2025 0:00,RICHMOND CITY,910 - NINE HUNDRED TEN,380,544,93,24,14,1055,2182,172,2354
2025 November General,11/4/2025 0:00,RICHMOND CITY,911 - NINE HUNDRED ELEVEN,327,569,81,6,7,990,1808,140,1948
2025 November General,11/4/2025 0:00,RICHMOND COUNTY,101 - PRECINCT 1-1,269,335,15,2,1,622,1218,41,1259
2025 November General,11/4/2025 0:00,RICHMOND COUNTY,201 - PRECINCT 2-1,192,298,13,6,,509,947,25,972
2025 November General,11/4/2025 0:00,RICHMOND COUNTY,301 - PRECINCT 3-1,322,309,35,3,1,670,1149,20,1169
2025 November General,11/4/2025 0:00,RICHMOND COUNTY,401 - PRECINCT 4-1,231,423,24,2,1,681,1214,26,1240
2025 November General,11/4/2025 0:00,RICHMOND COUNTY,501 - PRECINCT 5-1,222,421,13,0,,656,1121,28,1149
2025 November General,11/4/2025 0:00,ROANOKE CITY,001 -Peters Creek,587,610,165,17,6,1385,3069,307,3376
2025 November General,11/4/2025 0:00,ROANOKE CITY,002 - Grandview,444,710,130,9,9,1302,2851,233,3084
2025 November General,11/4/2025 0:00,ROANOKE CITY,003 -Preston Park,399,794,107,16,7,1323,2917,193,3110
2025 November General,11/4/2025 0:00,ROANOKE CITY,004 - Williamson Road,459,776,109,15,9,1368,2966,201,3167
2025 November General,11/4/2025 0:00,ROANOKE CITY,005 - East Gate,641,915,146,16,16,1734,3452,207,3659
2025 November General,11/4/2025 0:00,ROANOKE CITY,006 - Hollins Road,455,586,128,13,12,1194,3306,295,3601
2025 November General,11/4/2025 0:00,ROANOKE CITY,007 - Southeast,344,692,117,24,13,1190,3125,275,3400
2025 November General,11/4/2025 0:00,ROANOKE CITY,008 - Lincoln Terrace,371,496,113,26,13,1019,2937,292,3229
2025 November General,11/4/2025 0:00,ROANOKE CITY,009 - Highland,485,860,121,36,19,1521,3814,610,4424
2025 November General,11/4/2025 0:00,ROANOKE CITY,010 - Old Southwest-Wasena,690,1078,167,31,10,1976,3403,312,3715
2025 November General,11/4/2025 0:00,ROANOKE CITY,011 - RALEIGH COURT,753,1213,175,20,19,2180,3274,198,3472
2025 November General,11/4/2025 0:00,ROANOKE CITY,012 - SOUTH ROANOKE,695,889,195,17,15,1811,2753,132,2885
2025 November General,11/4/2025 0:00,ROANOKE CITY,013 - GARDEN CITY,450,854,119,15,8,1446,3117,202,3319
2025 November General,11/4/2025 0:00,ROANOKE CITY,014 - Crystal Spring,704,884,168,20,25,1801,2993,275,3268
2025 November General,11/4/2025 0:00,ROANOKE CITY,015 - Grandin Court,658,999,205,14,10,1886,2684,133,2817
2025 November General,11/4/2025 0:00,ROANOKE CITY,016 - Deyerle,690,1056,293,18,19,2076,2833,108,2941
2025 November General,11/4/2025 0:00,ROANOKE CITY,017 - LEE-HI,607,1231,235,24,25,2122,3671,212,3883
2025 November General,11/4/2025 0:00,ROANOKE CITY,018 - Summit Hills,525,744,136,17,13,1435,2809,148,2957
2025 November General,11/4/2025 0:00,ROANOKE CITY,019 - Forest Park,407,606,140,10,10,1173,3422,362,3784
2025 November General,11/4/2025 0:00,ROANOKE CITY,020 - EUREKA PARK,536,621,159,8,15,1339,3136,238,3374
2025 November General,11/4/2025 0:00,ROANOKE COUNTY,101 - CATAWBA,321,1227,76,5,6,1635,2650,57,2707
2025 November General,11/4/2025 0:00,ROANOKE COUNTY,102 - RICHFIELD,382,827,150,10,5,1374,2323,71,2394
2025 November General,11/4/2025 0:00,ROANOKE COUNTY,103 - NORTH GLENVAR,345,944,119,5,11,1424,2211,51,2262
2025 November General,11/4/2025 0:00,ROANOKE COUNTY,104 - NORTHSIDE,415,884,111,7,6,1423,2436,79,2515
2025 November General,11/4/2025 0:00,ROANOKE COUNTY,105 - HANGING ROCK,495,850,142,8,4,1499,2578,103,2681
2025 November General,11/4/2025 0:00,ROANOKE COUNTY,106 - SOUTH GLENVAR,209,501,78,1,4,793,1296,28,1324
2025 November General,11/4/2025 0:00,ROANOKE COUNTY,107 - FORT LEWIS,308,508,135,4,19,974,1503,31,1534
2025 November General,11/4/2025 0:00,ROANOKE COUNTY,201 - PLANTATION,345,771,120,7,14,1257,2283,71,2354
2025 November General,11/4/2025 0:00,ROANOKE COUNTY,202 - BURLINGTON,183,609,65,8,7,872,1818,98,1916
2025 November General,11/4/2025 0:00,ROANOKE COUNTY,203 - MOUNTAIN VIEW,631,1209,146,8,5,1999,3202,88,3290
2025 November General,11/4/2025 0:00,ROANOKE COUNTY,204 - GREEN RIDGE,446,858,113,20,11,1448,2398,105,2503
2025 November General,11/4/2025 0:00,ROANOKE COUNTY,205 - ORCHARDS,825,920,181,25,9,1960,2962,96,3058
2025 November General,11/4/2025 0:00,ROANOKE COUNTY,206 - HOLLINS,148,488,47,21,13,717,1373,63,1436
2025 November General,11/4/2025 0:00,ROANOKE COUNTY,301 - BENT MOUNTAIN,90,358,15,4,1,468,734,12,746
2025 November General,11/4/2025 0:00,ROANOKE COUNTY,302 - BACK CREEK,988,953,184,16,10,2151,3116,118,3234
2025 November General,11/4/2025 0:00,ROANOKE COUNTY,303 - WINDSOR HILLS,540,666,85,10,10,1311,2400,172,2572
2025 November General,11/4/2025 0:00,ROANOKE COUNTY,304 - OAK GROVE,793,654,152,11,12,1622,2366,76,2442
2025 November General,11/4/2025 0:00,ROANOKE COUNTY,305 - EAST HIDDEN VALLEY,747,504,144,5,11,1411,2052,73,2125
2025 November General,11/4/2025 0:00,ROANOKE COUNTY,306 - GARST MILL,660,526,111,8,5,1310,2119,97,2216
2025 November General,11/4/2025 0:00,ROANOKE COUNTY,307 - WEST HIDDEN VALLEY,644,453,133,7,6,1243,1868,62,1930
2025 November General,11/4/2025 0:00,ROANOKE COUNTY,401 - BONSACK,409,459,69,2,2,941,1429,33,1462
2025 November General,11/4/2025 0:00,ROANOKE COUNTY,402 - NORTH LINDENWOOD,727,577,91,4,1,1400,2239,56,2295
2025 November General,11/4/2025 0:00,ROANOKE COUNTY,403 - NORTH VINTON,481,774,68,12,3,1338,2739,110,2849
2025 November General,11/4/2025 0:00,ROANOKE COUNTY,404 - SOUTH VINTON,545,599,74,7,26,1251,2590,85,2675
2025 November General,11/4/2025 0:00,ROANOKE COUNTY,405 - SOUTH LINDENWOOD,586,498,93,4,2,1183,2025,37,2062
2025 November General,11/4/2025 0:00,ROANOKE COUNTY,406 - MOUNT PLEASANT,562,988,113,14,12,1689,2866,78,2944
2025 November General,11/4/2025 0:00,ROANOKE COUNTY,501 - STARKEY,505,598,123,6,7,1239,1877,58,1935
2025 November General,11/4/2025 0:00,ROANOKE COUNTY,502 - WEST CAVE SPRING,557,598,98,5,10,1268,1885,71,1956
2025 November General,11/4/2025 0:00,ROANOKE COUNTY,503 - EAST CAVE SPRING,483,702,108,9,3,1305,2095,86,2181
2025 November General,11/4/2025 0:00,ROANOKE COUNTY,504 - GREEN VALLEY,597,935,115,24,8,1679,3304,232,3536
2025 November General,11/4/2025 0:00,ROANOKE COUNTY,505 - CLEARBROOK,249,570,71,3,3,896,1620,47,1667
2025 November General,11/4/2025 0:00,ROANOKE COUNTY,506 - BUCK MOUNTAIN,114,209,25,,2,350,528,15,543
2025 November General,11/4/2025 0:00,ROANOKE COUNTY,507 - HUNTING HILLS,745,766,170,5,11,1697,2875,136,3011
2025 November General,11/4/2025 0:00,ROCKBRIDGE COUNTY,101 - AIRPORT,570,502,104,3,2,1181,1713,25,1738
2025 November General,11/4/2025 0:00,ROCKBRIDGE COUNTY,102 - BEN SALEM,150,257,16,1,2,426,671,20,691
2025 November General,11/4/2025 0:00,ROCKBRIDGE COUNTY,103 - PLANK ROAD,118,233,13,2,,366,549,14,563
2025 November General,11/4/2025 0:00,ROCKBRIDGE COUNTY,104 - EFFINGER,121,273,14,2,,410,603,16,619
2025 November General,11/4/2025 0:00,ROCKBRIDGE COUNTY,201 - COLLIERSTOWN,173,243,16,3,1,436,664,18,682
2025 November General,11/4/2025 0:00,ROCKBRIDGE COUNTY,202 - HIGHLAND BELLE,530,715,67,15,6,1333,2037,49,2086
2025 November General,11/4/2025 0:00,ROCKBRIDGE COUNTY,203 - VO-TECH,100,105,10,4,1,220,491,32,523
2025 November General,11/4/2025 0:00,ROCKBRIDGE COUNTY,301 - MAURY RIVER,229,457,33,3,,722,1336,55,1391
2025 November General,11/4/2025 0:00,ROCKBRIDGE COUNTY,302 - NATURAL BRIDGE,146,440,26,3,,615,1196,20,1216
2025 November General,11/4/2025 0:00,ROCKBRIDGE COUNTY,303 - FALLING SPRING,97,200,14,5,,316,517,12,529
2025 November General,11/4/2025 0:00,ROCKBRIDGE COUNTY,401 - FAIRFIELD,204,454,28,4,1,691,1113,25,1138
2025 November General,11/4/2025 0:00,ROCKBRIDGE COUNTY,402 - MOUNTAIN VIEW,328,588,62,3,2,983,1761,53,1814
2025 November General,11/4/2025 0:00,ROCKBRIDGE COUNTY,403 - VESUVIUS,58,231,19,3,,311,561,16,577
2025 November General,11/4/2025 0:00,ROCKBRIDGE COUNTY,501 - GOSHEN,33,285,14,1,,333,611,16,627
2025 November General,11/4/2025 0:00,ROCKBRIDGE COUNTY,502 - MEADOWVIEW,257,378,47,2,,684,1195,57,1252
2025 November General,11/4/2025 0:00,ROCKBRIDGE COUNTY,503 - ROCKBRIDGE BATHS,88,306,21,1,4,420,614,11,625
2025 November General,11/4/2025 0:00,ROCKBRIDGE COUNTY,504 - ROCKBRIDGE,218,487,53,4,2,764,1078,19,1097
2025 November General,11/4/2025 0:00,ROCKINGHAM COUNTY,101 - BROADWAY,399,1277,74,9,7,1766,2875,119,2994
2025 November General,11/4/2025 0:00,ROCKINGHAM COUNTY,102 - TIMBERVILLE,134,697,49,7,1,888,1787,73,1860
2025 November General,11/4/2025 0:00,ROCKINGHAM COUNTY,103 - FULKS RUN,175,709,28,7,1,920,1571,34,1605
2025 November General,11/4/2025 0:00,ROCKINGHAM COUNTY,104 - BERGTON,28,281,7,,,316,515,11,526
2025 November General,11/4/2025 0:00,ROCKINGHAM COUNTY,105 - LACEY SPRING,392,999,52,6,2,1451,2369,51,2420
2025 November General,11/4/2025 0:00,ROCKINGHAM COUNTY,106 - LONE PINE,331,962,68,3,1,1365,2188,57,2245
2025 November General,11/4/2025 0:00,ROCKINGHAM COUNTY,201 - SINGERS GLEN,308,798,33,7,2,1148,1728,32,1760
2025 November General,11/4/2025 0:00,ROCKINGHAM COUNTY,202 - EDOM,591,1126,91,9,4,1821,3074,111,3185
2025 November General,11/4/2025 0:00,ROCKINGHAM COUNTY,203 - DAYTON,180,559,28,4,,771,1117,69,1186
2025 November General,11/4/2025 0:00,ROCKINGHAM COUNTY,204 - MT CLINTON,337,857,42,11,1,1248,1893,39,1932
2025 November General,11/4/2025 0:00,ROCKINGHAM COUNTY,205 - SILVER LAKE,652,1018,98,11,6,1785,2986,76,3062
2025 November General,11/4/2025 0:00,ROCKINGHAM COUNTY,301 - KEEZLETOWN,195,584,32,11,,822,1283,26,1309
2025 November General,11/4/2025 0:00,ROCKINGHAM COUNTY,302 - PORT REPUBLIC,256,677,62,6,4,1005,1347,31,1378
2025 November General,11/4/2025 0:00,ROCKINGHAM COUNTY,303 - MELROSE,224,437,31,2,,694,1063,13,1076
2025 November General,11/4/2025 0:00,ROCKINGHAM COUNTY,304 - GROTTOES,178,1084,58,7,4,1331,2298,60,2358
2025 November General,11/4/2025 0:00,ROCKINGHAM COUNTY,305 - MASSANETTA SPRINGS,778,1265,155,32,9,2239,3730,204,3934
2025 November General,11/4/2025 0:00,ROCKINGHAM COUNTY,306 - CROSSROADS,956,1058,246,17,5,2282,3158,78,3236
2025 November General,11/4/2025 0:00,ROCKINGHAM COUNTY,401 - WEST BRIDGEWATER,265,714,51,7,4,1041,1554,38,1592
2025 November General,11/4/2025 0:00,ROCKINGHAM COUNTY,402 - MONTEZUMA,354,782,56,7,4,1203,1758,32,1790
2025 November General,11/4/2025 0:00,ROCKINGHAM COUNTY,403 - MT CRAWFORD,33,152,6,1,,192,302,13,315
2025 November General,11/4/2025 0:00,ROCKINGHAM COUNTY,404 - NORTH RIVER,510,934,98,67,5,1614,3023,131,3154
2025 November General,11/4/2025 0:00,ROCKINGHAM COUNTY,405 - OTTOBINE,248,950,55,5,,1258,2050,44,2094
2025 November General,11/4/2025 0:00,ROCKINGHAM COUNTY,406 - EAST BRIDGEWATER,467,885,154,25,3,1534,2334,106,2440
2025 November General,11/4/2025 0:00,ROCKINGHAM COUNTY,501 - ELKTON,223,994,81,8,5,1311,2217,92,2309
2025 November General,11/4/2025 0:00,ROCKINGHAM COUNTY,502 - SWIFT RUN,357,1350,59,4,3,1773,3002,83,3085
2025 November General,11/4/2025 0:00,ROCKINGHAM COUNTY,503 - MCGAHEYSVILLE,497,1185,83,10,1,1776,2759,77,2836
2025 November General,11/4/2025 0:00,ROCKINGHAM COUNTY,504 - SOUTH FORK,186,602,34,5,2,829,1353,35,1388
2025 November General,11/4/2025 0:00,ROCKINGHAM COUNTY,505 - STONY RUN,386,736,117,3,3,1245,1982,111,2093
2025 November General,11/4/2025 0:00,ROCKINGHAM COUNTY,506 - DEEP RUN,130,551,39,3,3,726,1268,37,1305
2025 November General,11/4/2025 0:00,RUSSELL COUNTY,101 - MOCCASIN,211,503,36,2,3,755,1365,30,1395
2025 November General,11/4/2025 0:00,RUSSELL COUNTY,102 - COPPER CREEK,112,380,23,1,,516,1048,20,1068
2025 November General,11/4/2025 0:00,RUSSELL COUNTY,103 - SOUTH CASTLEWOOD,74,268,30,1,,373,839,14,853
2025 November General,11/4/2025 0:00,RUSSELL COUNTY,201 - NORTH CASTLEWOOD,314,719,61,6,5,1105,2390,67,2457
2025 November General,11/4/2025 0:00,RUSSELL COUNTY,202 - DANTE,27,157,8,2,1,195,519,14,533
2025 November General,11/4/2025 0:00,RUSSELL COUNTY,301 - COOKS MILL,35,157,6,,,198,430,8,438
2025 November General,11/4/2025 0:00,RUSSELL COUNTY,302 - DAUGHERTY,72,182,9,1,3,267,516,7,523
2025 November General,11/4/2025 0:00,RUSSELL COUNTY,303 - NEW GARDEN,122,441,24,1,4,592,1366,30,1396
2025 November General,11/4/2025 0:00,RUSSELL COUNTY,304 - CLEVELAND,71,266,15,1,,353,755,21,776
2025 November General,11/4/2025 0:00,RUSSELL COUNTY,401 - DRILL,5,52,3,,,60,154,8,162
2025 November General,11/4/2025 0:00,RUSSELL COUNTY,402 - SWORDS CREEK,174,661,23,6,1,865,1937,35,1972
2025 November General,11/4/2025 0:00,RUSSELL COUNTY,403 - HONAKER,83,277,16,,,376,978,33,1011
2025 November General,11/4/2025 0:00,RUSSELL COUNTY,501 - WEST LEBANON,599,864,85,3,7,1558,3172,89,3261
2025 November General,11/4/2025 0:00,RUSSELL COUNTY,601 -  EAST LEBANON,278,467,29,5,3,782,1526,30,1556
2025 November General,11/4/2025 0:00,RUSSELL COUNTY,602 - ELK GARDEN,234,747,32,4,5,1022,1902,45,1947
2025 November General,11/4/2025 0:00,SALEM CITY,001 - NORTH SALEM NO 2,749,377,101,28,2,1257,2046,149,2195
2025 November General,11/4/2025 0:00,SALEM CITY,002 - CONEHURST,177,329,42,5,4,557,1284,82,1366
2025 November General,11/4/2025 0:00,SALEM CITY,003 - BEVERLY HEIGHTS,316,283,48,2,3,652,1075,34,1109
2025 November General,11/4/2025 0:00,SALEM CITY,004 - WEST SALEM,492,419,70,4,2,987,1646,61,1707
2025 November General,11/4/2025 0:00,SALEM CITY,005 - NORTH SALEM NO 1,594,642,96,4,4,1340,2338,121,2459
2025 November General,11/4/2025 0:00,SALEM CITY,006 - SOUTH SALEM NO 1,271,394,58,6,3,732,1408,78,1486
2025 November General,11/4/2025 0:00,SALEM CITY,007 - SOUTH SALEM NO 2,354,377,63,6,1,801,1653,81,1734
2025 November General,11/4/2025 0:00,SALEM CITY,008 - EAST SALEM,105,204,40,2,6,357,820,54,874
2025 November General,11/4/2025 0:00,SALEM CITY,009 - SOUTH SIDE HILLS,638,588,121,2,3,1352,2317,90,2407
2025 November General,11/4/2025 0:00,SALEM CITY,010 - HIDDEN VALLEY,697,623,149,10,7,1486,2533,172,2705
2025 November General,11/4/2025 0:00,SCOTT COUNTY,101 - WEBER CITY,175,266,13,2,1,457,1113,49,1162
2025 November General,11/4/2025 0:00,SCOTT COUNTY,102 - YUMA,195,492,24,,,711,1430,23,1453
2025 November General,11/4/2025 0:00,SCOTT COUNTY,202 - WEBER CITY EAST,213,252,18,2,1,486,1026,28,1054
2025 November General,11/4/2025 0:00,SCOTT COUNTY,203 - HILTONS,198,483,24,2,2,709,1331,42,1373
2025 November General,11/4/2025 0:00,SCOTT COUNTY,204 - CLARK'S,38,148,3,1,,190,358,6,364
2025 November General,11/4/2025 0:00,SCOTT COUNTY,301 - NICKELSVILLE,104,339,15,2,,460,1028,31,1059
2025 November General,11/4/2025 0:00,SCOTT COUNTY,302 - SNOWFLAKE,97,267,11,2,,377,699,22,721
2025 November General,11/4/2025 0:00,SCOTT COUNTY,303 - TWIN SPRINGS,136,231,17,,,384,792,16,808
2025 November General,11/4/2025 0:00,SCOTT COUNTY,304 - COPPER CREEK,40,82,2,,,124,248,15,263
2025 November General,11/4/2025 0:00,SCOTT COUNTY,401 - GATE CITY,569,651,66,6,,1292,2850,109,2959
2025 November General,11/4/2025 0:00,SCOTT COUNTY,501 - DUNGANNON,68,150,9,1,3,231,613,12,625
2025 November General,11/4/2025 0:00,SCOTT COUNTY,502 - FORT BLACKMORE,70,205,5,2,,282,644,15,659
2025 November General,11/4/2025 0:00,SCOTT COUNTY,503 - MANVILLE,73,124,6,,,203,441,14,455
2025 November General,11/4/2025 0:00,SCOTT COUNTY,504 - RYE COVE,110,304,9,3,1,427,869,25,894
2025 November General,11/4/2025 0:00,SCOTT COUNTY,601 - CLINCHPORT,74,181,22,2,,279,662,18,680
2025 November General,11/4/2025 0:00,SCOTT COUNTY,602 - DUFFIELD-PATTONSVILLE,128,459,32,7,,626,1331,37,1368
2025 November General,11/4/2025 0:00,SCOTT COUNTY,603 - FAIRVIEW,26,122,7,,,155,345,5,350
2025 November General,11/4/2025 0:00,SHENANDOAH COUNTY,101 - ORKNEY SPRINGS,303,643,66,7,2,1021,1689,51,1740
2025 November General,11/4/2025 0:00,SHENANDOAH COUNTY,103 - NEW MARKET,544,1411,102,7,8,2072,3685,114,3799
2025 November General,11/4/2025 0:00,SHENANDOAH COUNTY,201 - CONICVILLE,603,1109,69,7,10,1798,2985,67,3052
2025 November General,11/4/2025 0:00,SHENANDOAH COUNTY,202 - MT JACKSON,268,902,43,7,3,1223,2384,74,2458
2025 November General,11/4/2025 0:00,SHENANDOAH COUNTY,302 - EDINBURG,421,700,34,5,2,1162,1989,56,2045
2025 November General,11/4/2025 0:00,SHENANDOAH COUNTY,303 - ST LUKE,670,922,60,8,1,1661,2671,54,2725
2025 November General,11/4/2025 0:00,SHENANDOAH COUNTY,304 - FORT VALLEY,224,524,30,7,2,787,1215,35,1250
2025 November General,11/4/2025 0:00,SHENANDOAH COUNTY,401 - WOODSTOCK NORTH,747,664,73,7,7,1498,2619,100,2719
2025 November General,11/4/2025 0:00,SHENANDOAH COUNTY,402 - WOODSTOCK SOUTH,521,491,81,4,3,1100,2235,108,2343
2025 November General,11/4/2025 0:00,SHENANDOAH COUNTY,501 - CEDAR CREEK,16,119,1,,,136,217,6,223
2025 November General,11/4/2025 0:00,SHENANDOAH COUNTY,503 - TOMS BROOK,758,1006,96,6,2,1868,3295,74,3369
2025 November General,11/4/2025 0:00,SHENANDOAH COUNTY,504 - LEBANON CHURCH,343,976,47,7,1,1374,2290,48,2338
2025 November General,11/4/2025 0:00,SHENANDOAH COUNTY,601 - STRASBURG WEST,343,789,84,7,11,1234,2682,123,2805
2025 November General,11/4/2025 0:00,SHENANDOAH COUNTY,602 - STRASBURG EAST,391,858,109,13,8,1379,2715,126,2841
2025 November General,11/4/2025 0:00,SMYTH COUNTY,101 - SALTVILLE,120,1033,72,6,3,1234,2750,76,2826
2025 November General,11/4/2025 0:00,SMYTH COUNTY,201 - SEVEN MILE FORD,214,740,61,3,2,1020,2030,63,2093
2025 November General,11/4/2025 0:00,SMYTH COUNTY,202 - RICH VALLEY,46,329,11,1,,387,772,15,787
2025 November General,11/4/2025 0:00,SMYTH COUNTY,301 - CHILHOWIE,260,1183,54,2,11,1510,2933,90,3023
2025 November General,11/4/2025 0:00,SMYTH COUNTY,401 - EAST PARK,341,883,93,11,3,1331,2811,161,2972
2025 November General,11/4/2025 0:00,SMYTH COUNTY,501 - ATKINS,105,718,45,5,1,874,1778,56,1834
2025 November General,11/4/2025 0:00,SMYTH COUNTY,502 - WASSONA,185,428,69,3,2,687,1177,26,1203
2025 November General,11/4/2025 0:00,SMYTH COUNTY,601 - ROYAL OAK EAST,201,580,57,3,4,845,1907,82,1989
2025 November General,11/4/2025 0:00,SMYTH COUNTY,602 - ROYAL OAK WEST,89,426,13,,,528,911,20,931
2025 November General,11/4/2025 0:00,SMYTH COUNTY,701 - ADWOLFE,140,777,39,4,,960,1848,49,1897
2025 November General,11/4/2025 0:00,SMYTH COUNTY,702 - SUGAR GROVE,66,492,28,3,1,590,1089,34,1123
2025 November General,11/4/2025 0:00,SMYTH COUNTY,703 - KONNAROCK,16,65,3,,,84,157,3,160
2025 November General,11/4/2025 0:00,SOUTHAMPTON COUNTY,101 - BERLIN,156,443,28,1,1,629,1026,27,1053
2025 November General,11/4/2025 0:00,SOUTHAMPTON COUNTY,102 - IVOR,145,599,32,7,2,785,1317,42,1359
2025 November General,11/4/2025 0:00,SOUTHAMPTON COUNTY,201 - BOYKINS-BRANCHVILLE,195,501,53,5,1,755,1520,32,1552
2025 November General,11/4/2025 0:00,SOUTHAMPTON COUNTY,301 - CAPRON-DREWRYVILLE,304,472,56,5,2,839,1485,43,1528
2025 November General,11/4/2025 0:00,SOUTHAMPTON COUNTY,302 - SEBRELL,206,347,37,1,2,593,1010,30,1040
2025 November General,11/4/2025 0:00,SOUTHAMPTON COUNTY,501 - DARDEN MILL,228,368,50,4,1,651,1090,29,1119
2025 November General,11/4/2025 0:00,SOUTHAMPTON COUNTY,502 - FAIRGROUNDS,349,362,51,,1,763,1161,32,1193
2025 November General,11/4/2025 0:00,SOUTHAMPTON COUNTY,601 - COURTLAND,315,444,73,2,3,837,1460,70,1530
2025 November General,11/4/2025 0:00,SOUTHAMPTON COUNTY,602 - SEDLEY,38,162,4,1,,205,304,5,309
2025 November General,11/4/2025 0:00,SOUTHAMPTON COUNTY,701 - BLACKWATER RIVER,179,490,51,,,720,1467,87,1554
2025 November General,11/4/2025 0:00,SOUTHAMPTON COUNTY,702 - NEWSOMS,203,455,36,2,,696,1173,33,1206
2025 November General,11/4/2025 0:00,SPOTSYLVANIA COUNTY,101 - PARTLOW RURITAN,466,1242,98,13,16,1835,3294,82,3376
2025 November General,11/4/2025 0:00,SPOTSYLVANIA COUNTY,102 - BERKELEY,555,1202,123,13,10,1903,3678,83,3761
2025 November General,11/4/2025 0:00,SPOTSYLVANIA COUNTY,103 - JOHN J WRIGHT,1131,1767,303,32,9,3242,5868,138,6006
2025 November General,11/4/2025 0:00,SPOTSYLVANIA COUNTY,104 - MASSAPONAX HIGH,823,1258,168,47,6,2302,4648,228,4876
2025 November General,11/4/2025 0:00,SPOTSYLVANIA COUNTY,201 - WILDERNESS ELEMENTARY,403,916,130,12,8,1469,2608,87,2695
2025 November General,11/4/2025 0:00,SPOTSYLVANIA COUNTY,202 - FIRE RESCUE 7,763,1642,245,23,18,2691,4671,147,4818
2025 November General,11/4/2025 0:00,SPOTSYLVANIA COUNTY,203 - NI RIVER MIDDLE,865,1297,283,22,16,2483,4082,120,4202
2025 November General,11/4/2025 0:00,SPOTSYLVANIA COUNTY,204 - CHANCELLOR ELEMENTARY,618,1341,217,21,7,2204,4174,154,4328
2025 November General,11/4/2025 0:00,SPOTSYLVANIA COUNTY,301 - SALEM ELEMENTARY,390,797,229,20,5,1441,2852,129,2981
2025 November General,11/4/2025 0:00,SPOTSYLVANIA COUNTY,302 - SALEM LIBRARY,861,1269,270,31,20,2451,4601,172,4773
2025 November General,11/4/2025 0:00,SPOTSYLVANIA COUNTY,303 - RIVERBEND HIGH,1099,1413,447,18,16,2993,4633,114,4747
2025 November General,11/4/2025 0:00,SPOTSYLVANIA COUNTY,304 - KNIGHTS OF PYTHIAS,688,807,213,16,6,1730,3210,113,3323
2025 November General,11/4/2025 0:00,SPOTSYLVANIA COUNTY,401 - COSNER PARK,589,1111,209,14,9,1932,3679,129,3808
2025 November General,11/4/2025 0:00,SPOTSYLVANIA COUNTY,402 - GERMANNA CAMPUS,1068,919,234,12,7,2240,4189,206,4395
2025 November General,11/4/2025 0:00,SPOTSYLVANIA COUNTY,403 - LEE HILL ELEMENTARY,862,1240,202,20,12,2336,4222,176,4398
2025 November General,11/4/2025 0:00,SPOTSYLVANIA COUNTY,404 - NEW POST CHURCH,508,724,110,16,3,1361,2469,102,2571
2025 November General,11/4/2025 0:00,SPOTSYLVANIA COUNTY,501 - BELMONT RURITAN,375,1074,125,22,8,1604,2884,76,2960
2025 November General,11/4/2025 0:00,SPOTSYLVANIA COUNTY,502 - FIRE RESCUE 2,414,947,104,11,7,1483,2621,69,2690
2025 November General,11/4/2025 0:00,SPOTSYLVANIA COUNTY,503 - SPOTSYLVANIA HIGH,434,969,98,12,4,1517,2715,62,2777
2025 November General,11/4/2025 0:00,SPOTSYLVANIA COUNTY,504 - PUBLIC SAFETY,781,1151,194,19,6,2151,3787,122,3909
2025 November General,11/4/2025 0:00,SPOTSYLVANIA COUNTY,505 - BROCK ROAD ELEMENTARY,1049,1699,357,23,21,3149,4935,113,5048
2025 November General,11/4/2025 0:00,SPOTSYLVANIA COUNTY,601 - BATTLEFIELD ELEMENTARY,585,1072,199,9,4,1869,3715,112,3827
2025 November General,11/4/2025 0:00,SPOTSYLVANIA COUNTY,602 - SMITH STATION ELEMENTARY,600,1396,241,28,16,2281,4344,165,4509
2025 November General,11/4/2025 0:00,SPOTSYLVANIA COUNTY,603 - CHANCELLOR HIGH,372,860,112,13,5,1362,2826,111,2937
2025 November General,11/4/2025 0:00,SPOTSYLVANIA COUNTY,604 - COURTHOUSE ROAD ELEMENTARY,602,827,161,8,10,1608,3025,132,3157
2025 November General,11/4/2025 0:00,SPOTSYLVANIA COUNTY,701 - SPOTSWOOD ELEMENTARY,591,935,146,17,15,1704,3389,147,3536
2025 November General,11/4/2025 0:00,SPOTSYLVANIA COUNTY,702 - EASTLAND CHURCH,567,985,180,27,13,1772,3806,222,4028
2025 November General,11/4/2025 0:00,SPOTSYLVANIA COUNTY,703 - LEES PARKE,626,1286,164,26,14,2116,4146,148,4294
2025 November General,11/4/2025 0:00,SPOTSYLVANIA COUNTY,704 - COURTLAND ELEMENTARY,1403,1040,315,8,12,2778,4049,102,4151
2025 November General,11/4/2025 0:00,STAFFORD COUNTY,101 - HARTWOOD,788,1902,241,31,35,2997,4833,177,5010
2025 November General,11/4/2025 0:00,STAFFORD COUNTY,102 - SIMPSON,740,1176,190,22,35,2163,3401,115,3516
2025 November General,11/4/2025 0:00,STAFFORD COUNTY,103 - COLLEGE,370,1234,140,18,22,1784,3066,121,3187
2025 November General,11/4/2025 0:00,STAFFORD COUNTY,104 - WESTLAKE,355,902,116,7,24,1404,2210,53,2263
2025 November General,11/4/2025 0:00,STAFFORD COUNTY,105 - ROCKY RUN,220,711,69,17,18,1035,1858,144,2002
2025 November General,11/4/2025 0:00,STAFFORD COUNTY,106 - FORGE,334,550,89,12,16,1001,1736,117,1853
2025 November General,11/4/2025 0:00,STAFFORD COUNTY,201 - ROCK HILL,697,1532,212,26,36,2503,4400,217,4617
2025 November General,11/4/2025 0:00,STAFFORD COUNTY,202 - ROSEVILLE,739,1129,208,9,30,2115,3470,149,3619
2025 November General,11/4/2025 0:00,STAFFORD COUNTY,203 - RUBY,366,1226,109,17,14,1732,3013,137,3150
2025 November General,11/4/2025 0:00,STAFFORD COUNTY,204 - STEFANIGA,719,1253,150,20,21,2163,3596,163,3759
2025 November General,11/4/2025 0:00,STAFFORD COUNTY,205 - MOUNT ARARAT,222,561,61,5,9,858,1537,67,1604
2025 November General,11/4/2025 0:00,STAFFORD COUNTY,301 - STAFFORDBORO,205,563,87,10,8,873,2134,143,2277
2025 November General,11/4/2025 0:00,STAFFORD COUNTY,302 - WIDEWATER,351,912,111,20,10,1404,2595,87,2682
2025 November General,11/4/2025 0:00,STAFFORD COUNTY,303 - BARRETT HEIGHTS,208,556,89,9,5,867,1930,88,2018
2025 November General,11/4/2025 0:00,STAFFORD COUNTY,304 - AQUIA EPISCOPAL,167,324,39,5,5,540,1051,68,1119
2025 November General,11/4/2025 0:00,STAFFORD COUNTY,305 - GRIFFIS,166,285,48,8,3,510,1242,117,1359
2025 November General,11/4/2025 0:00,STAFFORD COUNTY,306 - MIDWAY,297,756,127,24,18,1222,2828,148,2976
2025 November General,11/4/2025 0:00,STAFFORD COUNTY,401 - COURTHOUSE,614,1004,130,16,29,1793,3860,259,4119
2025 November General,11/4/2025 0:00,STAFFORD COUNTY,402 - BROOKE,583,764,98,6,8,1459,2324,116,2440
2025 November General,11/4/2025 0:00,STAFFORD COUNTY,403 - HARBOUR,262,936,95,20,9,1322,2271,111,2382
2025 November General,11/4/2025 0:00,STAFFORD COUNTY,404 - GOVERNMENT ISLAND,438,1105,102,10,19,1674,2841,147,2988
2025 November General,11/4/2025 0:00,STAFFORD COUNTY,405 - HOPE,952,1306,210,27,30,2525,4415,217,4632
2025 November General,11/4/2025 0:00,STAFFORD COUNTY,406 - AQUIA,73,158,20,3,5,259,815,109,924
2025 November General,11/4/2025 0:00,STAFFORD COUNTY,501 - GRAFTON,665,1930,294,28,24,2941,4827,180,5007
2025 November General,11/4/2025 0:00,STAFFORD COUNTY,502 - FALMOUTH,504,1262,199,17,35,2017,3189,133,3322
2025 November General,11/4/2025 0:00,STAFFORD COUNTY,503 - DREW,595,1561,205,26,25,2412,4321,179,4500
2025 November General,11/4/2025 0:00,STAFFORD COUNTY,504 - GAYLE,539,966,301,19,17,1842,3145,165,3310
2025 November General,11/4/2025 0:00,STAFFORD COUNTY,505 - ESKIMO HILL,267,327,56,10,14,674,1341,70,1411
2025 November General,11/4/2025 0:00,STAFFORD COUNTY,601 - FERRY FARM,378,1342,178,17,22,1937,2988,108,3096
2025 November General,11/4/2025 0:00,STAFFORD COUNTY,602 - CHATHAM,407,1492,214,20,20,2153,3720,179,3899
2025 November General,11/4/2025 0:00,STAFFORD COUNTY,603 - WHITE OAK,421,1716,173,14,19,2343,3650,114,3764
2025 November General,11/4/2025 0:00,STAFFORD COUNTY,604 - ENGLAND RUN,98,510,76,20,13,717,1726,163,1889
2025 November General,11/4/2025 0:00,STAFFORD COUNTY,605 - MELCHERS,1071,1133,468,19,31,2722,4500,197,4697
2025 November General,11/4/2025 0:00,STAFFORD COUNTY,701 - PARK RIDGE,623,1361,163,36,34,2217,4104,245,4349
2025 November General,11/4/2025 0:00,STAFFORD COUNTY,702 - WHITSON,426,856,126,25,27,1460,3158,211,3369
2025 November General,11/4/2025 0:00,STAFFORD COUNTY,703 - HAMPTON,913,1323,200,31,30,2497,4175,195,4370
2025 November General,11/4/2025 0:00,STAFFORD COUNTY,704 - POOLE ,1308,1622,275,54,50,3309,5627,266,5893
2025 November General,11/4/2025 0:00,STAUNTON CITY,101 - WARD NO 1,699,1289,212,24,12,2236,4274,205,4479
2025 November General,11/4/2025 0:00,STAUNTON CITY,201 - WARD NO 2,748,1361,196,28,16,2349,4392,174,4566
2025 November General,11/4/2025 0:00,STAUNTON CITY,301 - WARD NO 3,818,1178,157,11,11,2175,3409,118,3527
2025 November General,11/4/2025 0:00,STAUNTON CITY,401 - WARD NO 4,738,965,214,13,10,1940,2929,113,3042
2025 November General,11/4/2025 0:00,STAUNTON CITY,501 - WARD NO 5,918,1016,205,44,14,2197,3492,225,3717
2025 November General,11/4/2025 0:00,SUFFOLK CITY,101 - BELLEHARBOUR,174,599,98,8,19,898,1440,90,1530
2025 November General,11/4/2025 0:00,SUFFOLK CITY,102 - DRIVER,839,1873,231,29,47,3019,4541,167,4708
2025 November General,11/4/2025 0:00,SUFFOLK CITY,104 - BENNETTS CREEK,227,776,73,17,27,1120,1787,80,1867
2025 November General,11/4/2025 0:00,SUFFOLK CITY,105 - HARBOURVIEW,776,1437,326,23,78,2640,4209,222,4431
2025 November General,11/4/2025 0:00,SUFFOLK CITY,201 - EBENEZER,262,1052,130,10,27,1481,2095,75,2170
2025 November General,11/4/2025 0:00,SUFFOLK CITY,202 - CHUCKATUCK,347,996,72,12,24,1451,2349,87,2436
2025 November General,11/4/2025 0:00,SUFFOLK CITY,203 - KINGS FORK,708,1117,164,28,48,2065,3620,233,3853
2025 November General,11/4/2025 0:00,SUFFOLK CITY,204 - HILLPOINT,631,1163,153,25,37,2009,3687,267,3954
2025 November General,11/4/2025 0:00,SUFFOLK CITY,301 - WHITE MARSH,176,201,34,5,7,423,752,53,805
2025 November General,11/4/2025 0:00,SUFFOLK CITY,302 - JOHN F KENNEDY,539,760,139,22,37,1497,2917,146,3063
2025 November General,11/4/2025 0:00,SUFFOLK CITY,304 - NANSEMOND RIVER,667,1004,167,19,30,1887,3192,178,3370
2025 November General,11/4/2025 0:00,SUFFOLK CITY,305 - SHOULDERS HILL,202,599,60,18,19,898,1345,52,1397
2025 November General,11/4/2025 0:00,SUFFOLK CITY,306 - DEERFIELD,273,920,102,14,22,1331,2126,128,2254
2025 November General,11/4/2025 0:00,SUFFOLK CITY,401 - AIRPORT,453,593,101,8,14,1169,2071,93,2164
2025 November General,11/4/2025 0:00,SUFFOLK CITY,402 - WHALEYVILLE,376,986,82,4,25,1473,2416,110,2526
2025 November General,11/4/2025 0:00,SUFFOLK CITY,403 - SOUTHSIDE,226,386,68,5,16,701,1650,182,1832
2025 November General,11/4/2025 0:00,SUFFOLK CITY,404 - BOOKER T WASHINGTON,353,613,81,7,15,1069,2465,165,2630
2025 November General,11/4/2025 0:00,SUFFOLK CITY,405 - HOLLYWOOD,166,376,52,15,15,624,1364,90,1454
2025 November General,11/4/2025 0:00,SUFFOLK CITY,501 - KILBYS MILL,784,1018,104,10,24,1940,3329,213,3542
2025 November General,11/4/2025 0:00,SUFFOLK CITY,502 - HOLLAND,344,725,87,2,28,1186,2020,68,2088
2025 November General,11/4/2025 0:00,SUFFOLK CITY,504 - LAKE COHOON,1083,1537,225,26,46,2917,4516,182,4698
2025 November General,11/4/2025 0:00,SUFFOLK CITY,505 - PITTMANTOWN,289,608,73,5,11,986,1674,61,1735
2025 November General,11/4/2025 0:00,SUFFOLK CITY,601 - LAKESIDE,609,777,118,10,31,1545,2988,318,3306
2025 November General,11/4/2025 0:00,SUFFOLK CITY,602 - OLDE TOWNE,135,251,33,5,3,427,915,88,1003
2025 November General,11/4/2025 0:00,SUFFOLK CITY,603 - ELEPHANTS FORK/WESTHAVEN,183,356,41,2,11,593,1175,114,1289
2025 November General,11/4/2025 0:00,SUFFOLK CITY,604 - WILROY,582,894,89,8,22,1595,2711,146,2857
2025 November General,11/4/2025 0:00,SUFFOLK CITY,605 - MACK BENN JR,121,209,38,2,6,376,817,53,870
2025 November General,11/4/2025 0:00,SUFFOLK CITY,703 - PUGHSVILLE,203,829,100,22,29,1183,2219,130,2349
2025 November General,11/4/2025 0:00,SUFFOLK CITY,704 - BURBAGE GRANT,317,1313,150,25,27,1832,2974,159,3133
2025 November General,11/4/2025 0:00,SUFFOLK CITY,706 - HUNTERSVILLE,227,1132,96,32,41,1528,3280,308,3588
2025 November General,11/4/2025 0:00,SURRY COUNTY,101 - SURRY,364,338,69,2,4,777,1177,42,1219
2025 November General,11/4/2025 0:00,SURRY COUNTY,201 - BACONS CASTLE,214,406,69,4,2,695,1111,22,1133
2025 November General,11/4/2025 0:00,SURRY COUNTY,301 - DENDRON,239,417,61,2,2,721,1126,25,1151
2025 November General,11/4/2025 0:00,SURRY COUNTY,401 - CARSLEY,234,428,71,4,1,738,1166,26,1192
2025 November General,11/4/2025 0:00,SURRY COUNTY,501 - CLAREMONT,150,274,39,1,,464,681,13,694
2025 November General,11/4/2025 0:00,SURRY COUNTY,502 - SPRING GROVE,74,99,28,3,1,205,356,12,368
2025 November General,11/4/2025 0:00,SUSSEX COUNTY,101 - WAVERLY,84,367,39,4,2,496,1028,21,1049
2025 November General,11/4/2025 0:00,SUSSEX COUNTY,201 - STONY CREEK,162,378,23,5,2,570,1034,26,1060
2025 November General,11/4/2025 0:00,SUSSEX COUNTY,301 - COURTHOUSE,108,104,8,,,220,377,5,382
2025 November General,11/4/2025 0:00,SUSSEX COUNTY,302 - NEWVILLE ONE,67,95,6,,,168,259,14,273
2025 November General,11/4/2025 0:00,SUSSEX COUNTY,401 - WAKEFIELD FIREHOUSE,85,506,47,1,2,641,1151,61,1212
2025 November General,11/4/2025 0:00,SUSSEX COUNTY,501 - HENRY,99,404,36,2,2,543,1013,38,1051
2025 November General,11/4/2025 0:00,SUSSEX COUNTY,601 - BLACKWATER,115,306,35,3,2,461,861,25,886
2025 November General,11/4/2025 0:00,SUSSEX COUNTY,602 - WAKEFIELD,33,123,6,,3,165,253,7,260
2025 November General,11/4/2025 0:00,SUSSEX COUNTY,701 - YALE,175,202,5,,,382,666,21,687
2025 November General,11/4/2025 0:00,SUSSEX COUNTY,702 - NEWVILLE TWO,79,110,14,2,1,206,392,16,408
2025 November General,11/4/2025 0:00,TAZEWELL COUNTY,101 - INDIAN VALLEY,66,283,26,2,2,379,879,85,964
2025 November General,11/4/2025 0:00,TAZEWELL COUNTY,102 - TIP TOP,118,184,10,3,,315,678,51,729
2025 November General,11/4/2025 0:00,TAZEWELL COUNTY,103 - MUNDY TOWN,318,307,26,1,,652,1512,135,1647
2025 November General,11/4/2025 0:00,TAZEWELL COUNTY,104 - FALLS MILLS,50,243,10,,,303,725,82,807
2025 November General,11/4/2025 0:00,TAZEWELL COUNTY,106 - POCAHONTAS,20,137,3,1,,161,315,32,347
2025 November General,11/4/2025 0:00,TAZEWELL COUNTY,109 - BISHOP,60,99,,,1,160,355,37,392
2025 November General,11/4/2025 0:00,TAZEWELL COUNTY,112 - BANDY,42,153,5,,,200,383,30,413
2025 November General,11/4/2025 0:00,TAZEWELL COUNTY,203 - BURKES GARDEN,17,73,5,,,95,147,7,154
2025 November General,11/4/2025 0:00,TAZEWELL COUNTY,204 - CLEAR FORK,214,208,19,,,441,774,42,816
2025 November General,11/4/2025 0:00,TAZEWELL COUNTY,207 - FREESTONE,19,88,6,,,113,199,5,204
2025 November General,11/4/2025 0:00,TAZEWELL COUNTY,209 - JEFFERSONVILLE,994,717,126,6,3,1846,3616,342,3958
2025 November General,11/4/2025 0:00,TAZEWELL COUNTY,214 - THOMPSON VALLEY,133,280,18,,,431,725,46,771
2025 November General,11/4/2025 0:00,TAZEWELL COUNTY,301 - CEDAR BLUFF,527,804,92,3,6,1432,2767,137,2904
2025 November General,11/4/2025 0:00,TAZEWELL COUNTY,302 - BAPTIST VALLEY,78,147,7,,,232,446,35,481
2025 November General,11/4/2025 0:00,TAZEWELL COUNTY,303 - PAINT LICK,381,710,52,5,4,1152,2061,136,2197
2025 November General,11/4/2025 0:00,TAZEWELL COUNTY,401 - RICHLANDS,589,1405,139,14,11,2158,4624,438,5062
2025 November General,11/4/2025 0:00,TAZEWELL COUNTY,402 - JEWELL RIDGE,35,115,5,1,,156,309,11,320
2025 November General,11/4/2025 0:00,TAZEWELL COUNTY,501 - SPRINGVILLE,337,550,37,3,1,928,1927,142,2069
2025 November General,11/4/2025 0:00,TAZEWELL COUNTY,502 - GRAHAM,400,1050,116,9,7,1582,3508,348,3856
2025 November General,11/4/2025 0:00,VIRGINIA BEACH CITY,001 - PRECINCT 1,875,1406,341,12,20,2654,4296,202,4498
2025 November General,11/4/2025 0:00,VIRGINIA BEACH CITY,002 - PRECINCT 2,517,1245,229,21,35,2047,4336,353,4689
2025 November General,11/4/2025 0:00,VIRGINIA BEACH CITY,003 - PRECINCT 3,348,767,142,13,11,1281,2505,119,2624
2025 November General,11/4/2025 0:00,VIRGINIA BEACH CITY,004 - PRECINCT 4,627,1121,247,26,23,2044,3679,222,3901
2025 November General,11/4/2025 0:00,VIRGINIA BEACH CITY,005 - PRECINCT 5,423,890,166,16,18,1513,3785,332,4117
2025 November General,11/4/2025 0:00,VIRGINIA BEACH CITY,006 - PRECINCT 6,804,1060,337,13,28,2242,3369,99,3468
2025 November General,11/4/2025 0:00,VIRGINIA BEACH CITY,007 - PRECINCT 7,309,872,155,7,12,1355,1981,46,2027
2025 November General,11/4/2025 0:00,VIRGINIA BEACH CITY,008 - PRECINCT 8,490,978,209,16,19,1712,3419,219,3638
2025 November General,11/4/2025 0:00,VIRGINIA BEACH CITY,009 - PRECINCT 9,682,1075,238,11,28,2034,2829,85,2914
2025 November General,11/4/2025 0:00,VIRGINIA BEACH CITY,010 - PRECINCT 10,991,1066,327,21,36,2441,3624,87,3711
2025 November General,11/4/2025 0:00,VIRGINIA BEACH CITY,011 - PRECINCT 11,832,1371,339,19,36,2597,3952,155,4107
2025 November General,11/4/2025 0:00,VIRGINIA BEACH CITY,012 - PRECINCT 12,394,1135,214,20,31,1794,3820,201,4021
2025 November General,11/4/2025 0:00,VIRGINIA BEACH CITY,013 - PRECINCT 13,516,1261,288,17,26,2108,4189,195,4384
2025 November General,11/4/2025 0:00,VIRGINIA BEACH CITY,014 - PRECINCT 14,465,1171,230,20,22,1908,3485,138,3623
2025 November General,11/4/2025 0:00,VIRGINIA BEACH CITY,015 - PRECINCT 15,223,879,141,10,12,1265,2931,197,3128
2025 November General,11/4/2025 0:00,VIRGINIA BEACH CITY,016 - PRECINCT 16,376,1016,210,14,23,1639,3508,284,3792
2025 November General,11/4/2025 0:00,VIRGINIA BEACH CITY,017 - PRECINCT 17,663,684,201,17,16,1581,2436,180,2616
2025 November General,11/4/2025 0:00,VIRGINIA BEACH CITY,018 - PRECINCT 18,903,1022,305,11,60,2301,3581,92,3673
2025 November General,11/4/2025 0:00,VIRGINIA BEACH CITY,019 - PRECINCT 19,276,715,120,7,15,1133,1822,68,1890
2025 November General,11/4/2025 0:00,VIRGINIA BEACH CITY,020 - PRECINCT 20,266,706,114,13,14,1113,2044,99,2143
2025 November General,11/4/2025 0:00,VIRGINIA BEACH CITY,021 - PRECINCT 21,388,994,234,28,42,1686,3739,249,3988
2025 November General,11/4/2025 0:00,VIRGINIA BEACH CITY,022 - PRECINCT 22,294,899,156,15,22,1386,2439,99,2538
2025 November General,11/4/2025 0:00,VIRGINIA BEACH CITY,023 - PRECINCT 23,325,1202,175,23,20,1745,3304,152,3456
2025 November General,11/4/2025 0:00,VIRGINIA BEACH CITY,024 - PRECINCT 24,208,544,118,9,4,883,1237,42,1279
2025 November General,11/4/2025 0:00,VIRGINIA BEACH CITY,025 - PRECINCT 25,556,1229,265,27,31,2108,3767,184,3951
2025 November General,11/4/2025 0:00,VIRGINIA BEACH CITY,026 - PRECINCT 26,414,695,159,14,17,1299,1947,70,2017
2025 November General,11/4/2025 0:00,VIRGINIA BEACH CITY,027 - PRECINCT 27,366,522,138,4,15,1045,1629,43,1672
2025 November General,11/4/2025 0:00,VIRGINIA BEACH CITY,028 - PRECINCT 28,368,820,160,3,16,1367,2240,66,2306
2025 November General,11/4/2025 0:00,VIRGINIA BEACH CITY,029 - PRECINCT 29,317,990,213,21,17,1558,3898,211,4109
2025 November General,11/4/2025 0:00,VIRGINIA BEACH CITY,030 - PRECINCT 30,713,830,309,14,26,1892,3757,254,4011
2025 November General,11/4/2025 0:00,VIRGINIA BEACH CITY,031 - PRECINCT 31,972,1292,274,22,24,2584,4024,116,4140
2025 November General,11/4/2025 0:00,VIRGINIA BEACH CITY,032 - PRECINCT 32,191,743,36,2,5,977,1573,62,1635
2025 November General,11/4/2025 0:00,VIRGINIA BEACH CITY,033 - PRECINCT 33,324,699,58,3,6,1090,1684,60,1744
2025 November General,11/4/2025 0:00,VIRGINIA BEACH CITY,034 - PRECINCT 34,126,477,33,1,11,648,1095,34,1129
2025 November General,11/4/2025 0:00,VIRGINIA BEACH CITY,035 - PRECINCT 35,1295,704,302,9,11,2321,3332,102,3434
2025 November General,11/4/2025 0:00,VIRGINIA BEACH CITY,036 - PRECINCT 36,590,1167,336,23,40,2156,4341,273,4614
2025 November General,11/4/2025 0:00,VIRGINIA BEACH CITY,037 - PRECINCT 37,311,948,127,18,24,1428,3415,320,3735
2025 November General,11/4/2025 0:00,VIRGINIA BEACH CITY,038 - PRECINCT 38,685,915,365,16,26,2007,2992,118,3110
2025 November General,11/4/2025 0:00,VIRGINIA BEACH CITY,039 - PRECINCT 39,332,780,177,14,25,1328,2587,126,2713
2025 November General,11/4/2025 0:00,VIRGINIA BEACH CITY,040 - PRECINCT 40,334,851,178,33,20,1416,3514,396,3910
2025 November General,11/4/2025 0:00,VIRGINIA BEACH CITY,041 - PRECINCT 41,183,567,157,16,24,947,1826,92,1918
2025 November General,11/4/2025 0:00,VIRGINIA BEACH CITY,042 - PRECINCT 42,439,1091,184,11,21,1746,3313,145,3458
2025 November General,11/4/2025 0:00,VIRGINIA BEACH CITY,043 - PRECINCT 43,314,963,218,30,24,1549,3355,189,3544
2025 November General,11/4/2025 0:00,VIRGINIA BEACH CITY,044 - PRECINCT 44,515,1102,314,18,21,1970,3509,158,3667
2025 November General,11/4/2025 0:00,VIRGINIA BEACH CITY,045 - PRECINCT 45,365,911,193,14,22,1505,3704,213,3917
2025 November General,11/4/2025 0:00,VIRGINIA BEACH CITY,046 - PRECINCT 46,446,895,199,12,23,1575,3336,186,3522
2025 November General,11/4/2025 0:00,VIRGINIA BEACH CITY,047 - PRECINCT 47,798,1247,303,14,46,2408,3522,81,3603
2025 November General,11/4/2025 0:00,VIRGINIA BEACH CITY,048 - PRECINCT 48,371,662,144,8,17,1202,2105,105,2210
2025 November General,11/4/2025 0:00,VIRGINIA BEACH CITY,049 - PRECINCT 49,554,713,411,19,27,1724,2592,88,2680
2025 November General,11/4/2025 0:00,VIRGINIA BEACH CITY,050 - PRECINCT 50,192,710,113,19,13,1047,2809,252,3061
2025 November General,11/4/2025 0:00,VIRGINIA BEACH CITY,051 - PRECINCT 51,623,751,198,14,27,1613,2920,154,3074
2025 November General,11/4/2025 0:00,VIRGINIA BEACH CITY,052 - PRECINCT 52,674,1266,385,23,37,2385,4243,184,4427
2025 November General,11/4/2025 0:00,VIRGINIA BEACH CITY,053 - PRECINCT 53,636,982,251,21,26,1916,3336,124,3460
2025 November General,11/4/2025 0:00,VIRGINIA BEACH CITY,054 - PRECINCT 54,409,695,169,16,9,1298,2412,108,2520
2025 November General,11/4/2025 0:00,VIRGINIA BEACH CITY,055 - PRECINCT 55,301,1084,224,27,18,1654,4226,288,4514
2025 November General,11/4/2025 0:00,VIRGINIA BEACH CITY,056 - PRECINCT 56,166,698,85,10,14,973,1508,52,1560
2025 November General,11/4/2025 0:00,VIRGINIA BEACH CITY,057 - PRECINCT 57,260,799,153,11,17,1240,2457,134,2591
2025 November General,11/4/2025 0:00,VIRGINIA BEACH CITY,058 - PRECINCT 58,361,791,140,18,12,1322,2236,87,2323
2025 November General,11/4/2025 0:00,VIRGINIA BEACH CITY,059 - PRECINCT 59,256,841,144,18,18,1277,2719,178,2897
2025 November General,11/4/2025 0:00,VIRGINIA BEACH CITY,060 - PRECINCT 60,992,1179,228,10,18,2427,3923,120,4043
2025 November General,11/4/2025 0:00,VIRGINIA BEACH CITY,061 - PRECINCT 61,258,959,153,29,27,1426,4036,413,4449
2025 November General,11/4/2025 0:00,VIRGINIA BEACH CITY,062 - PRECINCT 62,692,1166,184,9,18,2069,3708,119,3827
2025 November General,11/4/2025 0:00,VIRGINIA BEACH CITY,063 - PRECINCT 63,838,1339,289,14,18,2498,4480,153,4633
2025 November General,11/4/2025 0:00,VIRGINIA BEACH CITY,064 - PRECINCT 64,646,1223,296,19,25,2209,4009,175,4184
2025 November General,11/4/2025 0:00,VIRGINIA BEACH CITY,065 - PRECINCT 65,433,1253,229,21,33,1969,3629,187,3816
2025 November General,11/4/2025 0:00,VIRGINIA BEACH CITY,066 - PRECINCT 66,624,907,154,9,10,1704,2872,107,2979
2025 November General,11/4/2025 0:00,VIRGINIA BEACH CITY,067 - PRECINCT 67,170,547,67,17,13,814,2117,212,2329
2025 November General,11/4/2025 0:00,VIRGINIA BEACH CITY,068 - PRECINCT 68,605,896,250,13,16,1780,2819,111,2930
2025 November General,11/4/2025 0:00,VIRGINIA BEACH CITY,069 - PRECINCT 69,335,951,217,22,15,1540,3329,203,3532
2025 November General,11/4/2025 0:00,VIRGINIA BEACH CITY,070 - PRECINCT 70,529,1050,203,24,29,1835,4138,222,4360
2025 November General,11/4/2025 0:00,VIRGINIA BEACH CITY,071 - PRECINCT 71,428,893,204,16,30,1571,2976,116,3092
2025 November General,11/4/2025 0:00,VIRGINIA BEACH CITY,072 - PRECINCT 72,665,1110,150,16,15,1956,3243,116,3359
2025 November General,11/4/2025 0:00,VIRGINIA BEACH CITY,073 - PRECINCT 73,312,841,222,13,31,1419,3333,207,3540
2025 November General,11/4/2025 0:00,VIRGINIA BEACH CITY,074 - PRECINCT 74,382,752,199,13,11,1357,3020,240,3260
2025 November General,11/4/2025 0:00,VIRGINIA BEACH CITY,075 - PRECINCT 75,812,1206,281,12,22,2333,3645,174,3819
2025 November General,11/4/2025 0:00,VIRGINIA BEACH CITY,076 - PRECINCT 76,312,843,181,25,23,1384,3747,333,4080
2025 November General,11/4/2025 0:00,VIRGINIA BEACH CITY,077 - PRECINCT 77,304,1010,172,24,24,1534,3344,228,3572
2025 November General,11/4/2025 0:00,VIRGINIA BEACH CITY,078 - PRECINCT 78,457,905,170,23,18,1573,2814,119,2933
2025 November General,11/4/2025 0:00,VIRGINIA BEACH CITY,079 - PRECINCT 79,427,942,151,17,24,1561,3432,241,3673
2025 November General,11/4/2025 0:00,VIRGINIA BEACH CITY,080 - PRECINCT 80,345,835,128,10,25,1343,3006,164,3170
2025 November General,11/4/2025 0:00,VIRGINIA BEACH CITY,081 - PRECINCT 81,499,1031,233,14,25,1802,3713,150,3863
2025 November General,11/4/2025 0:00,VIRGINIA BEACH CITY,082 - PRECINCT 82,541,901,135,7,12,1596,2681,88,2769
2025 November General,11/4/2025 0:00,VIRGINIA BEACH CITY,083 - PRECINCT 83,627,1171,180,20,18,2016,3643,159,3802
2025 November General,11/4/2025 0:00,VIRGINIA BEACH CITY,084 - PRECINCT 84,376,1065,169,30,33,1673,3431,177,3608
2025 November General,11/4/2025 0:00,VIRGINIA BEACH CITY,085 - PRECINCT 85,812,1165,278,11,25,2291,3929,161,4090
2025 November General,11/4/2025 0:00,VIRGINIA BEACH CITY,086 - PRECINCT 86,630,1137,290,34,29,2120,3405,99,3504
2025 November General,11/4/2025 0:00,VIRGINIA BEACH CITY,087 - PRECINCT 87,569,954,189,9,15,1736,2817,79,2896
2025 November General,11/4/2025 0:00,VIRGINIA BEACH CITY,088 - PRECINCT 88,600,873,185,10,20,1688,3075,130,3205
2025 November General,11/4/2025 0:00,VIRGINIA BEACH CITY,089 - PRECINCT 89,518,1022,229,20,19,1808,3027,94,3121
2025 November General,11/4/2025 0:00,VIRGINIA BEACH CITY,090 - PRECINCT 90,423,669,133,11,15,1251,2228,95,2323
2025 November General,11/4/2025 0:00,VIRGINIA BEACH CITY,091 - PRECINCT 91,727,1147,380,32,44,2330,4268,217,4485
2025 November General,11/4/2025 0:00,VIRGINIA BEACH CITY,092 - PRECINCT 92,279,926,154,12,11,1382,2135,76,2211
2025 November General,11/4/2025 0:00,VIRGINIA BEACH CITY,093 - PRECINCT 93,265,1018,177,27,19,1506,3854,337,4191
2025 November General,11/4/2025 0:00,VIRGINIA BEACH CITY,094 - PRECINCT 94,346,719,127,12,14,1218,2317,162,2479
2025 November General,11/4/2025 0:00,VIRGINIA BEACH CITY,095 - PRECINCT 95,358,726,133,11,12,1240,2370,104,2474
2025 November General,11/4/2025 0:00,VIRGINIA BEACH CITY,096 - PRECINCT 96,197,726,115,18,10,1066,2744,259,3003
2025 November General,11/4/2025 0:00,VIRGINIA BEACH CITY,097 - PRECINCT 97,437,894,196,23,20,1570,3092,130,3222
2025 November General,11/4/2025 0:00,VIRGINIA BEACH CITY,098 - PRECINCT 98,332,482,181,12,13,1020,2190,188,2378
2025 November General,11/4/2025 0:00,VIRGINIA BEACH CITY,099 - PRECINCT 99,304,459,131,13,12,919,1928,103,2031
2025 November General,11/4/2025 0:00,VIRGINIA BEACH CITY,100 - PRECINCT 100,396,519,94,4,7,1020,1483,65,1548
2025 November General,11/4/2025 0:00,VIRGINIA BEACH CITY,101 - PRECINCT 101,102,258,62,13,6,441,887,39,926
2025 November General,11/4/2025 0:00,VIRGINIA BEACH CITY,102 - PRECINCT 102,84,154,46,1,4,289,535,22,557
2025 November General,11/4/2025 0:00,VIRGINIA BEACH CITY,103 - PRECINCT 103,168,412,69,7,4,660,1718,173,1891
2025 November General,11/4/2025 0:00,VIRGINIA BEACH CITY,104 - PRECINCT 104,328,829,204,13,22,1396,3032,207,3239
2025 November General,11/4/2025 0:00,VIRGINIA BEACH CITY,105 - PRECINCT 105,190,326,120,4,6,646,935,34,969
2025 November General,11/4/2025 0:00,VIRGINIA BEACH CITY,106 - PRECINCT 106,277,580,143,14,10,1024,2131,248,2379
2025 November General,11/4/2025 0:00,VIRGINIA BEACH CITY,107 - PRECINCT 107,271,526,98,5,9,909,1453,63,1516
2025 November General,11/4/2025 0:00,VIRGINIA BEACH CITY,108 - PRECINCT 108,283,184,129,4,4,604,800,37,837
2025 November General,11/4/2025 0:00,WARREN COUNTY,101 - FORK TOWN,389,535,78,12,4,1018,2165,177,2342
2025 November General,11/4/2025 0:00,WARREN COUNTY,102 - OTTERBURN,779,1289,95,18,7,2188,3703,174,3877
2025 November General,11/4/2025 0:00,WARREN COUNTY,201 - HAPPY CREEK,739,954,139,7,8,1847,3118,147,3265
2025 November General,11/4/2025 0:00,WARREN COUNTY,202 - LINDEN,542,1210,144,18,17,1931,3307,194,3501
2025 November General,11/4/2025 0:00,WARREN COUNTY,301 - NORTH RIVER,462,667,80,14,7,1230,2854,200,3054
2025 November General,11/4/2025 0:00,WARREN COUNTY,302 - RIVERTON,611,1084,130,5,6,1836,3176,152,3328
2025 November General,11/4/2025 0:00,WARREN COUNTY,401 - EAST SHENANDOAH,868,1083,148,12,22,2133,4297,252,4549
2025 November General,11/4/2025 0:00,WARREN COUNTY,402 - WEST SHENANDOAH,441,509,76,9,7,1042,1847,91,1938
2025 November General,11/4/2025 0:00,WARREN COUNTY,501 - SOUTH RIVER,641,1033,119,11,13,1817,3677,234,3911
2025 November General,11/4/2025 0:00,WARREN COUNTY,502 - BENTONVILLE,157,482,43,8,4,694,1196,43,1239
2025 November General,11/4/2025 0:00,WARREN COUNTY,504 - BROWNTOWN,156,394,24,4,2,580,872,32,904
2025 November General,11/4/2025 0:00,WASHINGTON COUNTY,101 - EAST ABINGDON,704,826,157,6,3,1696,3415,173,3588
2025 November General,11/4/2025 0:00,WASHINGTON COUNTY,102 - WEST ABINGDON,468,477,103,5,1,1054,1968,99,2067
2025 November General,11/4/2025 0:00,WASHINGTON COUNTY,201 - CLINCHBURG,151,451,16,6,1,625,1154,44,1198
2025 November General,11/4/2025 0:00,WASHINGTON COUNTY,202 - GREENDALE,418,630,56,3,1,1108,2056,53,2109
2025 November General,11/4/2025 0:00,WASHINGTON COUNTY,203 - HAYTERS GAP,93,270,13,1,,377,708,14,722
2025 November General,11/4/2025 0:00,WASHINGTON COUNTY,204 WOODLAND HILLS,469,500,54,2,2,1027,1692,44,1736
2025 November General,11/4/2025 0:00,WASHINGTON COUNTY,301 - WATAUGA,766,940,123,5,3,1837,3009,74,3083
2025 November General,11/4/2025 0:00,WASHINGTON COUNTY,302 - SOUTH ABINGDON,804,782,146,4,10,1746,3200,134,3334
2025 November General,11/4/2025 0:00,WASHINGTON COUNTY,401 - GLADE SPRING,269,871,56,3,2,1201,2284,57,2341
2025 November General,11/4/2025 0:00,WASHINGTON COUNTY,402 - MEADOWVIEW,427,973,68,23,3,1494,2928,86,3014
2025 November General,11/4/2025 0:00,WASHINGTON COUNTY,501 - RHEA VALLEY,593,1258,106,2,5,1964,3606,98,3704
2025 November General,11/4/2025 0:00,WASHINGTON COUNTY,502 - DAMASCUS,252,559,44,4,,859,1610,47,1657
2025 November General,11/4/2025 0:00,WASHINGTON COUNTY,504 - GREEN COVE,21,130,10,1,2,164,268,3,271
2025 November General,11/4/2025 0:00,WASHINGTON COUNTY,601 - BURSON PLACE,386,1051,100,2,3,1542,3086,106,3192
2025 November General,11/4/2025 0:00,WASHINGTON COUNTY,602 - MENDOTA,51,236,9,1,,297,540,24,564
2025 November General,11/4/2025 0:00,WASHINGTON COUNTY,603 - VALLEY INSTITUTE,240,763,51,4,4,1062,2182,66,2248
2025 November General,11/4/2025 0:00,WASHINGTON COUNTY,701 - HIGH POINT,471,742,57,4,3,1277,2301,63,2364
2025 November General,11/4/2025 0:00,WASHINGTON COUNTY,702 - WALLACE,123,325,22,,4,474,884,22,906
2025 November General,11/4/2025 0:00,WASHINGTON COUNTY,703 - JOHN BATTLE,487,754,65,3,3,1312,2544,102,2646
2025 November General,11/4/2025 0:00,WAYNESBORO CITY,001 - WARD A,442,711,110,21,1,1285,3375,212,3587
2025 November General,11/4/2025 0:00,WAYNESBORO CITY,002 - WARD B,1139,1195,267,24,5,2630,4292,197,4489
2025 November General,11/4/2025 0:00,WAYNESBORO CITY,003 - WARD C,829,985,197,14,2,2027,3983,298,4281
2025 November General,11/4/2025 0:00,WAYNESBORO CITY,004 - WARD D,1175,1122,269,18,2,2586,4055,171,4226
2025 November General,11/4/2025 0:00,WESTMORELAND COUNTY,101 - PRECINCT 1-1,315,528,53,3,3,902,1667,42,1709
2025 November General,11/4/2025 0:00,WESTMORELAND COUNTY,102 - PRECINCT 1-2,229,307,39,,3,578,1058,18,1076
2025 November General,11/4/2025 0:00,WESTMORELAND COUNTY,201 - PRECINCT 2-1,583,525,92,4,4,1208,1998,49,2047
2025 November General,11/4/2025 0:00,WESTMORELAND COUNTY,202 - PRECINCT 2-2,280,349,31,4,3,667,1103,28,1131
2025 November General,11/4/2025 0:00,WESTMORELAND COUNTY,301 - PRECINCT 3-1,321,399,50,5,1,776,1350,49,1399
2025 November General,11/4/2025 0:00,WESTMORELAND COUNTY,302 - PRECINCT 3-2,180,579,47,10,1,817,1626,46,1672
2025 November General,11/4/2025 0:00,WESTMORELAND COUNTY,401 - PRECINCT 4-1,380,1116,98,8,1,1603,3152,99,3251
2025 November General,11/4/2025 0:00,WESTMORELAND COUNTY,501 - PRECINCT 5-1,379,1073,136,14,9,1611,2896,124,3020
2025 November General,11/4/2025 0:00,WILLIAMSBURG CITY,001 - STRYKER,1309,1156,327,136,7,2935,5156,546,5702
2025 November General,11/4/2025 0:00,WILLIAMSBURG CITY,002 - MATOAKA,1516,1553,287,459,5,3820,5620,784,6404
2025 November General,11/4/2025 0:00,WINCHESTER CITY,101 - MERRIMANS,1066,1009,132,9,11,2227,3283,201,3484
2025 November General,11/4/2025 0:00,WINCHESTER CITY,102 - OLD TOWN,740,639,107,8,3,1497,2422,178,2600
2025 November General,11/4/2025 0:00,WINCHESTER CITY,201 - VIRGINIA AVENUE,478,781,80,24,6,1369,3476,409,3885
2025 November General,11/4/2025 0:00,WINCHESTER CITY,301 - WAR MEMORIAL,470,822,105,36,1,1434,3382,410,3792
2025 November General,11/4/2025 0:00,WINCHESTER CITY,401 - FREDERICK DOUGLASS,211,465,78,15,3,772,1933,247,2180
2025 November General,11/4/2025 0:00,WINCHESTER CITY,402 - ROLLING HILLS,640,779,121,12,6,1558,2705,285,2990
2025 November General,11/4/2025 0:00,WISE COUNTY,101 - APPALACHIA,78,443,39,4,2,566,1525,45,1570
2025 November General,11/4/2025 0:00,WISE COUNTY,102 - DORCHESTER,94,286,18,3,2,403,957,31,988
2025 November General,11/4/2025 0:00,WISE COUNTY,103 - GUEST RIVER VOTING PLACE,101,302,27,4,4,438,1017,30,1047
2025 November General,11/4/2025 0:00,WISE COUNTY,104 - WEST POUND,336,728,81,9,1,1155,2554,75,2629
2025 November General,11/4/2025 0:00,WISE COUNTY,201 - NORTH COEBURN,176,377,34,6,1,594,1448,55,1503
2025 November General,11/4/2025 0:00,WISE COUNTY,202 - WISE,772,926,106,8,2,1814,3889,155,4044
2025 November General,11/4/2025 0:00,WISE COUNTY,203 - EAST POUND,111,209,19,1,1,341,712,18,730
2025 November General,11/4/2025 0:00,WISE COUNTY,301 - BIG STONE GAP,488,783,92,11,4,1378,3136,117,3253
2025 November General,11/4/2025 0:00,WISE COUNTY,302 - EAST STONE GAP,393,928,60,9,2,1392,3000,100,3100
2025 November General,11/4/2025 0:00,WISE COUNTY,401 - CLINCH VALLEY,614,647,75,7,1,1344,2553,72,2625
2025 November General,11/4/2025 0:00,WISE COUNTY,402 - SOUTH COEBURN,387,767,55,14,2,1225,2947,106,3053
2025 November General,11/4/2025 0:00,WISE COUNTY,403 - ST PAUL,60,370,42,4,1,477,965,32,997
2025 November General,11/4/2025 0:00,WYTHE COUNTY,101 - ROYAL OAK,166,265,14,1,2,448,855,17,872
2025 November General,11/4/2025 0:00,WYTHE COUNTY,102 - RURAL RETREAT,322,1087,67,2,2,1480,2719,62,2781
2025 November General,11/4/2025 0:00,WYTHE COUNTY,203 - WEST WYTHEVILLE,740,896,125,8,2,1771,3513,149,3662
2025 November General,11/4/2025 0:00,WYTHE COUNTY,303 - EAST WYTHEVILLE,780,972,130,5,3,1890,3594,141,3735
2025 November General,11/4/2025 0:00,WYTHE COUNTY,401 - FORT CHISWELL,196,745,28,3,4,976,1718,34,1752
2025 November General,11/4/2025 0:00,WYTHE COUNTY,402 - MAX MEADOWS,176,706,37,5,2,926,1888,44,1932
2025 November General,11/4/2025 0:00,WYTHE COUNTY,501 - JACKSON MEMORIAL,111,581,30,3,1,726,1423,41,1464
2025 November General,11/4/2025 0:00,WYTHE COUNTY,502 - SHEFFEY,230,733,51,3,2,1019,1950,38,1988
2025 November General,11/4/2025 0:00,WYTHE COUNTY,601 - HUDDLE,91,378,12,,,481,895,8,903
2025 November General,11/4/2025 0:00,WYTHE COUNTY,602 - ZION,163,569,41,3,,776,1472,61,1533
2025 November General,11/4/2025 0:00,WYTHE COUNTY,603   EVERGREEN,147,438,12,1,,598,1092,32,1124
2025 November General,11/4/2025 0:00,YORK COUNTY,101 - QUEENS LAKE,793,867,137,14,6,1817,2581,110,2691
2025 November General,11/4/2025 0:00,YORK COUNTY,102 - WALLER MILL,1735,1021,294,33,15,3098,4934,297,5231
2025 November General,11/4/2025 0:00,YORK COUNTY,103 - MAGRUDER,1173,1433,242,40,26,2914,5143,245,5388
2025 November General,11/4/2025 0:00,YORK COUNTY,201 - COVENTRY,1245,1264,227,11,15,2762,4797,260,5057
2025 November General,11/4/2025 0:00,YORK COUNTY,202 - KILN CREEK,984,828,178,21,20,2031,3614,178,3792
2025 November General,11/4/2025 0:00,YORK COUNTY,301 - SEAFORD,1348,1326,128,22,9,2833,4151,108,4259
2025 November General,11/4/2025 0:00,YORK COUNTY,302 - YORKTOWN,880,491,131,6,9,1517,2197,64,2261
2025 November General,11/4/2025 0:00,YORK COUNTY,303 - EDGEHILL,883,952,171,21,16,2043,3661,160,3821
2025 November General,11/4/2025 0:00,YORK COUNTY,401 - HARWOODS MILL,1490,922,215,15,15,2657,3959,88,4047
2025 November General,11/4/2025 0:00,YORK COUNTY,402 - DARE,1522,946,177,23,11,2679,4213,166,4379
2025 November General,11/4/2025 0:00,YORK COUNTY,403 - GRAFTON,1053,628,117,16,8,1822,2952,118,3070
2025 November General,11/4/2025 0:00,YORK COUNTY,501 - TABB,1420,1137,258,25,12,2852,4199,148,4347
2025 November General,11/4/2025 0:00,YORK COUNTY,502 - BETHEL,1154,1180,240,25,14,2613,4670,263,4933
