"election","election_date","locality","precinct","district","district_type","provisional_ballots","absentee_ballots","in_person_ballots","in_person_curbside_ballots","TotalVoteTurnout","ActiveRegisteredVoters","InactiveRegisteredVoters","TotalRegisteredVoters"
"2021 November General ","2021-11-02 00:00:00","ACCOMACK COUNTY","##AB - Central Absentee Precinct","00","Local","0","643","0","0","643","0","0","0"
"2021 November General ","2021-11-02 00:00:00","ACCOMACK COUNTY","##AB - Central Absentee Precinct","02","Congressional","0","643","0","0","643","0","0","0"
"2021 November General ","2021-11-02 00:00:00","ACCOMACK COUNTY","##EV - Central Absentee Precinct","00","Local","0","3968","0","0","3968","0","0","0"
"2021 November General ","2021-11-02 00:00:00","ACCOMACK COUNTY","##EV - Central Absentee Precinct","02","Congressional","0","3968","0","0","3968","0","0","0"
"2021 November General ","2021-11-02 00:00:00","ACCOMACK COUNTY","##PE - Central Absentee Precinct","00","Local","0","30","0","0","30","0","0","0"
"2021 November General ","2021-11-02 00:00:00","ACCOMACK COUNTY","##PE - Central Absentee Precinct","02","Congressional","0","30","0","0","30","0","0","0"
"2021 November General ","2021-11-02 00:00:00","ACCOMACK COUNTY","101 - CHINCOTEAGUE","02","Congressional","1","0","1330","31","1331","2658","122","2780"
"2021 November General ","2021-11-02 00:00:00","ACCOMACK COUNTY","201 - ATLANTIC","02","Congressional","0","0","484","2","484","1121","51","1172"
"2021 November General ","2021-11-02 00:00:00","ACCOMACK COUNTY","202 - GREENBACKVILLE","02","Congressional","0","0","842","4","842","1891","106","1997"
"2021 November General ","2021-11-02 00:00:00","ACCOMACK COUNTY","301 - NEW CHURCH","02","Congressional","0","0","650","16","650","2560","176","2736"
"2021 November General ","2021-11-02 00:00:00","ACCOMACK COUNTY","401 - BLOXOM","02","Congressional","0","0","350","4","350","848","34","882"
"2021 November General ","2021-11-02 00:00:00","ACCOMACK COUNTY","402 - PARKSLEY","02","Congressional","0","0","472","3","472","1145","47","1192"
"2021 November General ","2021-11-02 00:00:00","ACCOMACK COUNTY","403 - SAXIS","02","Congressional","2","0","151","0","153","320","6","326"
"2021 November General ","2021-11-02 00:00:00","ACCOMACK COUNTY","501 - MAPPSVILLE","02","Congressional","1","0","278","6","279","1125","59","1184"
"2021 November General ","2021-11-02 00:00:00","ACCOMACK COUNTY","502 - RUE","02","Congressional","0","0","208","2","208","1011","42","1053"
"2021 November General ","2021-11-02 00:00:00","ACCOMACK COUNTY","601 - ACCOMAC","02","Congressional","0","0","551","2","551","1902","93","1995"
"2021 November General ","2021-11-02 00:00:00","ACCOMACK COUNTY","602 - TANGIER","02","Congressional","0","0","171","0","171","323","6","329"
"2021 November General ","2021-11-02 00:00:00","ACCOMACK COUNTY","701 - NANDUA","02","Congressional","0","0","759","7","759","2863","102","2965"
"2021 November General ","2021-11-02 00:00:00","ACCOMACK COUNTY","801 - BOBTOWN","02","Congressional","0","0","376","1","376","900","28","928"
"2021 November General ","2021-11-02 00:00:00","ACCOMACK COUNTY","802 - MELFA","02","Congressional","0","0","467","8","467","1383","49","1432"
"2021 November General ","2021-11-02 00:00:00","ACCOMACK COUNTY","803 - WACHAPREAGUE","02","Congressional","0","0","346","2","346","774","17","791"
"2021 November General ","2021-11-02 00:00:00","ACCOMACK COUNTY","901 - PAINTER","02","Congressional","0","0","896","8","896","2807","105","2912"
"2021 November General ","2021-11-02 00:00:00","ALBEMARLE COUNTY","##AB - Central Absentee Precinct","00","Local","0","0","0","0","0","0","0","0"
"2021 November General ","2021-11-02 00:00:00","ALBEMARLE COUNTY","##AB - Central Absentee Precinct","00","Local","0","5807","0","0","5807","0","0","0"
"2021 November General ","2021-11-02 00:00:00","ALBEMARLE COUNTY","##AB - Central Absentee Precinct","05","Congressional","1","5807","0","0","5808","0","0","0"
"2021 November General ","2021-11-02 00:00:00","ALBEMARLE COUNTY","##EV - Central Absentee Precinct","00","Local","0","0","0","0","0","0","0","0"
"2021 November General ","2021-11-02 00:00:00","ALBEMARLE COUNTY","##EV - Central Absentee Precinct","00","Local","0","13558","0","452","13558","0","0","0"
"2021 November General ","2021-11-02 00:00:00","ALBEMARLE COUNTY","##EV - Central Absentee Precinct","05","Congressional","0","13558","0","452","13558","0","0","0"
"2021 November General ","2021-11-02 00:00:00","ALBEMARLE COUNTY","##PE - Central Absentee Precinct","00","Local","0","0","0","0","0","0","0","0"
"2021 November General ","2021-11-02 00:00:00","ALBEMARLE COUNTY","##PE - Central Absentee Precinct","00","Local","0","437","0","0","437","0","0","0"
"2021 November General ","2021-11-02 00:00:00","ALBEMARLE COUNTY","##PE - Central Absentee Precinct","05","Congressional","0","437","0","0","437","0","0","0"
"2021 November General ","2021-11-02 00:00:00","ALBEMARLE COUNTY","101 - WOODBROOK","05","Congressional","3","0","1288","1","1291","2940","147","3087"
"2021 November General ","2021-11-02 00:00:00","ALBEMARLE COUNTY","103 - BRANCHLANDS","05","Congressional","3","0","378","10","381","1188","203","1391"
"2021 November General ","2021-11-02 00:00:00","ALBEMARLE COUNTY","104 - AGNOR-HURT","05","Congressional","8","0","879","6","887","2473","136","2609"
"2021 November General ","2021-11-02 00:00:00","ALBEMARLE COUNTY","105 - DUNLORA","05","Congressional","7","0","1339","13","1346","3441","170","3611"
"2021 November General ","2021-11-02 00:00:00","ALBEMARLE COUNTY","106 - NORTHSIDE","05","Congressional","2","0","1600","7","1602","3708","210","3918"
"2021 November General ","2021-11-02 00:00:00","ALBEMARLE COUNTY","201 - JACK JOUETT","05","Congressional","10","0","1264","7","1274","3593","208","3801"
"2021 November General ","2021-11-02 00:00:00","ALBEMARLE COUNTY","202 - UNIVERSITY","05","Congressional","2","0","653","2","655","2679","957","3636"
"2021 November General ","2021-11-02 00:00:00","ALBEMARLE COUNTY","203 - GEORGETOWN","05","Congressional","0","0","987","15","987","3140","257","3397"
"2021 November General ","2021-11-02 00:00:00","ALBEMARLE COUNTY","301 - IVY","05","Congressional","10","0","1822","2","1832","3896","142","4038"
"2021 November General ","2021-11-02 00:00:00","ALBEMARLE COUNTY","302 - RED HILL","05","Congressional","9","0","1348","5","1357","3105","110","3215"
"2021 November General ","2021-11-02 00:00:00","ALBEMARLE COUNTY","304 - EAST IVY","05","Congressional","4","0","433","12","437","1075","35","1110"
"2021 November General ","2021-11-02 00:00:00","ALBEMARLE COUNTY","305 - COUNTRY GREEN","05","Congressional","0","0","959","11","959","2900","121","3021"
"2021 November General ","2021-11-02 00:00:00","ALBEMARLE COUNTY","306 - PORTERS","05","Congressional","3","0","800","18","803","1646","44","1690"
"2021 November General ","2021-11-02 00:00:00","ALBEMARLE COUNTY","307 - YELLOW MOUNTAIN","05","Congressional","5","0","381","6","386","715","32","747"
"2021 November General ","2021-11-02 00:00:00","ALBEMARLE COUNTY","401 - SCOTTSVILLE","05","Congressional","0","0","826","9","826","1672","89","1761"
"2021 November General ","2021-11-02 00:00:00","ALBEMARLE COUNTY","402 - MONTICELLO","05","Congressional","1","0","694","0","695","1607","44","1651"
"2021 November General ","2021-11-02 00:00:00","ALBEMARLE COUNTY","405 - MOUNTAIN VIEW","05","Congressional","11","0","1165","5","1176","3043","147","3190"
"2021 November General ","2021-11-02 00:00:00","ALBEMARLE COUNTY","406 - STONE ROBINSON","05","Congressional","4","0","1273","13","1277","3367","96","3463"
"2021 November General ","2021-11-02 00:00:00","ALBEMARLE COUNTY","407 - BISCUIT RUN","05","Congressional","7","0","558","9","565","2297","274","2571"
"2021 November General ","2021-11-02 00:00:00","ALBEMARLE COUNTY","501 - KESWICK","05","Congressional","2","0","696","0","698","1526","56","1582"
"2021 November General ","2021-11-02 00:00:00","ALBEMARLE COUNTY","502 - STONY POINT","05","Congressional","4","0","809","16","813","1621","44","1665"
"2021 November General ","2021-11-02 00:00:00","ALBEMARLE COUNTY","503 - HOLLYMEAD","05","Congressional","7","0","1281","7","1288","2558","103","2661"
"2021 November General ","2021-11-02 00:00:00","ALBEMARLE COUNTY","504 - FREE BRIDGE","05","Congressional","6","0","806","11","812","2562","191","2753"
"2021 November General ","2021-11-02 00:00:00","ALBEMARLE COUNTY","506 - BAKER-BUTLER","05","Congressional","10","0","1531","1","1541","3281","118","3399"
"2021 November General ","2021-11-02 00:00:00","ALBEMARLE COUNTY","507 - PANTOPS","05","Congressional","7","0","182","0","189","2291","56","2347"
"2021 November General ","2021-11-02 00:00:00","ALBEMARLE COUNTY","507 - PANTOPS","05","Congressional","7","0","724","8","731","2291","56","2347"
"2021 November General ","2021-11-02 00:00:00","ALBEMARLE COUNTY","601 - CROZET","05","Congressional","5","0","1561","13","1566","3552","121","3673"
"2021 November General ","2021-11-02 00:00:00","ALBEMARLE COUNTY","602 - FREE UNION","05","Congressional","2","0","811","6","813","1440","30","1470"
"2021 November General ","2021-11-02 00:00:00","ALBEMARLE COUNTY","603 - EARLYSVILLE","05","Congressional","5","0","1663","10","1668","3236","105","3341"
"2021 November General ","2021-11-02 00:00:00","ALBEMARLE COUNTY","604 - BROWNSVILLE","05","Congressional","11","0","1310","20","1321","3074","116","3190"
"2021 November General ","2021-11-02 00:00:00","ALBEMARLE COUNTY","606 - MECHUMS RIVER","05","Congressional","2","0","1594","7","1596","3621","129","3750"
"2021 November General ","2021-11-02 00:00:00","ALEXANDRIA CITY","##AB - Central Absentee Precinct","00","Local","0","3804","0","0","3804","0","0","0"
"2021 November General ","2021-11-02 00:00:00","ALEXANDRIA CITY","##AB - Central Absentee Precinct","00","Local","0","4186","0","0","4186","0","0","0"
"2021 November General ","2021-11-02 00:00:00","ALEXANDRIA CITY","##AB - Central Absentee Precinct","00","Local","0","7990","0","0","7990","0","0","0"
"2021 November General ","2021-11-02 00:00:00","ALEXANDRIA CITY","##AB - Central Absentee Precinct","08","Congressional","16","7990","0","0","8006","0","0","0"
"2021 November General ","2021-11-02 00:00:00","ALEXANDRIA CITY","##EV - Central Absentee Precinct","00","Local","0","6730","0","0","6730","0","0","0"
"2021 November General ","2021-11-02 00:00:00","ALEXANDRIA CITY","##EV - Central Absentee Precinct","00","Local","0","9939","0","0","9939","0","0","0"
"2021 November General ","2021-11-02 00:00:00","ALEXANDRIA CITY","##EV - Central Absentee Precinct","00","Local","0","16669","0","37","16669","0","0","0"
"2021 November General ","2021-11-02 00:00:00","ALEXANDRIA CITY","##EV - Central Absentee Precinct","08","Congressional","0","16669","0","0","16669","0","0","0"
"2021 November General ","2021-11-02 00:00:00","ALEXANDRIA CITY","##PE - Central Absentee Precinct","00","Local","0","367","0","0","367","0","0","0"
"2021 November General ","2021-11-02 00:00:00","ALEXANDRIA CITY","##PE - Central Absentee Precinct","00","Local","0","441","0","0","441","0","0","0"
"2021 November General ","2021-11-02 00:00:00","ALEXANDRIA CITY","##PE - Central Absentee Precinct","00","Local","0","808","0","0","808","0","0","0"
"2021 November General ","2021-11-02 00:00:00","ALEXANDRIA CITY","##PE - Central Absentee Precinct","08","Congressional","0","808","0","0","808","0","0","0"
"2021 November General ","2021-11-02 00:00:00","ALEXANDRIA CITY","101 - LADREY SENIOR BUILDING","08","Congressional","7","0","700","3","707","2851","274","3125"
"2021 November General ","2021-11-02 00:00:00","ALEXANDRIA CITY","102 - CITY HALL","08","Congressional","4","0","751","6","755","2804","217","3021"
"2021 November General ","2021-11-02 00:00:00","ALEXANDRIA CITY","103 - LYLES CROUCH SCHOOL","08","Congressional","12","0","1240","5","1252","3715","432","4147"
"2021 November General ","2021-11-02 00:00:00","ALEXANDRIA CITY","104 - DURANT CENTER","08","Congressional","6","0","988","1","994","2921","316","3237"
"2021 November General ","2021-11-02 00:00:00","ALEXANDRIA CITY","105 - LEE CENTER","08","Congressional","5","0","792","2","797","2596","338","2934"
"2021 November General ","2021-11-02 00:00:00","ALEXANDRIA CITY","106 - CORA KELLY","08","Congressional","18","0","1446","3","1464","4057","638","4695"
"2021 November General ","2021-11-02 00:00:00","ALEXANDRIA CITY","107 - MT VERNON RECREATION CENTER","08","Congressional","13","0","1897","4","1910","4158","421","4579"
"2021 November General ","2021-11-02 00:00:00","ALEXANDRIA CITY","108 - GEORGE WASHINGTON MIDDLE SCH","08","Congressional","16","0","1707","3","1723","4031","399","4430"
"2021 November General ","2021-11-02 00:00:00","ALEXANDRIA CITY","109 - FIRE DEPARTMENT HEADQUARTERS","08","Congressional","23","0","1008","3","1031","2506","258","2764"
"2021 November General ","2021-11-02 00:00:00","ALEXANDRIA CITY","110 - CHARLES HOUSTON CENTER","08","Congressional","15","0","1239","5","1254","3481","453","3934"
"2021 November General ","2021-11-02 00:00:00","ALEXANDRIA CITY","111 - POTOMAC YARD","08","Congressional","9","0","641","0","650","1647","294","1941"
"2021 November General ","2021-11-02 00:00:00","ALEXANDRIA CITY","112 - ALEX RENEW","08","Congressional","7","0","715","4","722","2470","459","2929"
"2021 November General ","2021-11-02 00:00:00","ALEXANDRIA CITY","201 - NAOMI L. BROOKS SCHOOL","08","Congressional","7","0","1307","0","1314","2764","192","2956"
"2021 November General ","2021-11-02 00:00:00","ALEXANDRIA CITY","202 - GEORGE MASON SCHOOL","08","Congressional","12","0","1309","1","1321","2833","124","2957"
"2021 November General ","2021-11-02 00:00:00","ALEXANDRIA CITY","203 - CHARLES BARRETT CENTER","08","Congressional","13","0","1228","1","1241","2639","305","2944"
"2021 November General ","2021-11-02 00:00:00","ALEXANDRIA CITY","204 - BLESSED SACRAMENT CHURCH","08","Congressional","6","0","1297","0","1303","2675","142","2817"
"2021 November General ","2021-11-02 00:00:00","ALEXANDRIA CITY","205 - DOUGLAS MACARTHUR SCHOOL","08","Congressional","14","0","1209","2","1223","3904","393","4297"
"2021 November General ","2021-11-02 00:00:00","ALEXANDRIA CITY","206 - CHINQUAPIN PARK RECREATION CTR","08","Congressional","16","0","959","0","975","2954","285","3239"
"2021 November General ","2021-11-02 00:00:00","ALEXANDRIA CITY","207 - TEMPLE BETH EL SYNAGOGUE","08","Congressional","13","0","1423","1","1436","3865","268","4133"
"2021 November General ","2021-11-02 00:00:00","ALEXANDRIA CITY","208 - NOVA ARTS CENTER","08","Congressional","13","0","1278","0","1291","4140","688","4828"
"2021 November General ","2021-11-02 00:00:00","ALEXANDRIA CITY","209 - JAMES K POLK SCHOOL","08","Congressional","18","0","1300","8","1318","3958","393","4351"
"2021 November General ","2021-11-02 00:00:00","ALEXANDRIA CITY","210 - The Hermitage","08","Congressional","17","0","540","5","557","2271","190","2461"
"2021 November General ","2021-11-02 00:00:00","ALEXANDRIA CITY","302 - PATRICK HENRY REC CENTER","08","Congressional","10","0","846","5","856","3082","510","3592"
"2021 November General ","2021-11-02 00:00:00","ALEXANDRIA CITY","303 - CHARLES E BEATLEY LIBRARY","08","Congressional","39","0","785","3","824","3110","366","3476"
"2021 November General ","2021-11-02 00:00:00","ALEXANDRIA CITY","304 - SAMUEL TUCKER SCHOOL","08","Congressional","9","0","895","0","904","3544","538","4082"
"2021 November General ","2021-11-02 00:00:00","ALEXANDRIA CITY","305 - JOHN ADAMS SCHOOL","08","Congressional","20","0","976","4","996","3887","614","4501"
"2021 November General ","2021-11-02 00:00:00","ALEXANDRIA CITY","306 - WILLIAM RAMSAY SCHOOL","08","Congressional","21","0","1109","3","1130","4164","448","4612"
"2021 November General ","2021-11-02 00:00:00","ALEXANDRIA CITY","307 - SOUTH PORT","08","Congressional","5","0","1066","6","1071","3403","303","3706"
"2021 November General ","2021-11-02 00:00:00","ALEXANDRIA CITY","308 - CAMERON STATION COMMUNITY CTR","08","Congressional","19","0","1347","8","1366","3461","360","3821"
"2021 November General ","2021-11-02 00:00:00","ALEXANDRIA CITY","309 - OLYMPUS CONDO","08","Congressional","9","0","731","12","740","2412","402","2814"
"2021 November General ","2021-11-02 00:00:00","ALLEGHANY COUNTY","##AB - Central Absentee Precinct","00","Local","0","318","0","0","318","0","0","0"
"2021 November General ","2021-11-02 00:00:00","ALLEGHANY COUNTY","##AB - Central Absentee Precinct","09","Congressional","0","318","0","0","318","0","0","0"
"2021 November General ","2021-11-02 00:00:00","ALLEGHANY COUNTY","##EV - Central Absentee Precinct","00","Local","0","652","0","12","652","0","0","0"
"2021 November General ","2021-11-02 00:00:00","ALLEGHANY COUNTY","##EV - Central Absentee Precinct","09","Congressional","0","652","0","12","652","0","0","0"
"2021 November General ","2021-11-02 00:00:00","ALLEGHANY COUNTY","##PE - Central Absentee Precinct","00","Local","0","0","0","0","0","0","0","0"
"2021 November General ","2021-11-02 00:00:00","ALLEGHANY COUNTY","##PE - Central Absentee Precinct","09","Congressional","0","0","0","0","0","0","0","0"
"2021 November General ","2021-11-02 00:00:00","ALLEGHANY COUNTY","101 - ARRITT","09","Congressional","0","0","542","4","542","1140","23","1163"
"2021 November General ","2021-11-02 00:00:00","ALLEGHANY COUNTY","103 - DAMERON","09","Congressional","0","0","205","1","205","363","12","375"
"2021 November General ","2021-11-02 00:00:00","ALLEGHANY COUNTY","201 - HUMPBACK BRIDGE","09","Congressional","0","0","306","1","306","615","16","631"
"2021 November General ","2021-11-02 00:00:00","ALLEGHANY COUNTY","202 - DOLLY ANN","09","Congressional","0","0","391","2","391","839","31","870"
"2021 November General ","2021-11-02 00:00:00","ALLEGHANY COUNTY","301 - CALLAGHAN","09","Congressional","0","0","324","2","324","623","7","630"
"2021 November General ","2021-11-02 00:00:00","ALLEGHANY COUNTY","302 - GRIFFITH","09","Congressional","0","0","549","1","549","1044","18","1062"
"2021 November General ","2021-11-02 00:00:00","ALLEGHANY COUNTY","401 - LOW MOOR","09","Congressional","0","0","362","0","362","829","25","854"
"2021 November General ","2021-11-02 00:00:00","ALLEGHANY COUNTY","402 - JACKSON HEIGHTS","09","Congressional","0","0","441","0","441","909","23","932"
"2021 November General ","2021-11-02 00:00:00","ALLEGHANY COUNTY","501 - IRON GATE","09","Congressional","0","0","208","0","208","408","8","416"
"2021 November General ","2021-11-02 00:00:00","ALLEGHANY COUNTY","502 - PETERS SWITCH","09","Congressional","0","0","640","1","640","1171","25","1196"
"2021 November General ","2021-11-02 00:00:00","ALLEGHANY COUNTY","601 - DISTRICT 1","09","Congressional","0","0","693","0","693","1539","44","1583"
"2021 November General ","2021-11-02 00:00:00","ALLEGHANY COUNTY","701 - DISTRICT 2","09","Congressional","0","0","455","5","455","1239","66","1305"
"2021 November General ","2021-11-02 00:00:00","AMELIA COUNTY","##AB - Central Absentee Precinct","00","Local","0","258","0","0","258","0","0","0"
"2021 November General ","2021-11-02 00:00:00","AMELIA COUNTY","##AB - Central Absentee Precinct","07","Congressional","0","258","0","0","258","0","0","0"
"2021 November General ","2021-11-02 00:00:00","AMELIA COUNTY","##EV - Central Absentee Precinct","00","Local","0","1971","0","7","1971","0","0","0"
"2021 November General ","2021-11-02 00:00:00","AMELIA COUNTY","##EV - Central Absentee Precinct","07","Congressional","0","1971","0","7","1971","0","0","0"
"2021 November General ","2021-11-02 00:00:00","AMELIA COUNTY","##PE - Central Absentee Precinct","00","Local","0","13","0","0","13","0","0","0"
"2021 November General ","2021-11-02 00:00:00","AMELIA COUNTY","##PE - Central Absentee Precinct","07","Congressional","0","13","0","0","13","0","0","0"
"2021 November General ","2021-11-02 00:00:00","AMELIA COUNTY","101 - NUMBER ONE","07","Congressional","2","0","741","2","743","1747","43","1790"
"2021 November General ","2021-11-02 00:00:00","AMELIA COUNTY","201 - NUMBER TWO","07","Congressional","0","0","860","0","860","1918","53","1971"
"2021 November General ","2021-11-02 00:00:00","AMELIA COUNTY","301 - NUMBER THREE","07","Congressional","0","0","796","3","796","1929","51","1980"
"2021 November General ","2021-11-02 00:00:00","AMELIA COUNTY","401 - NUMBER FOUR","07","Congressional","0","0","713","0","713","1873","57","1930"
"2021 November General ","2021-11-02 00:00:00","AMELIA COUNTY","501 - NUMBER FIVE","07","Congressional","3","0","1015","7","1018","2182","61","2243"
"2021 November General ","2021-11-02 00:00:00","AMHERST COUNTY","##AB - Central Absentee Precinct","00","Local","0","82","0","0","82","0","0","0"
"2021 November General ","2021-11-02 00:00:00","AMHERST COUNTY","##AB - Central Absentee Precinct","00","Local","0","180","0","0","180","0","0","0"
"2021 November General ","2021-11-02 00:00:00","AMHERST COUNTY","##AB - Central Absentee Precinct","00","Local","0","985","0","0","985","0","0","0"
"2021 November General ","2021-11-02 00:00:00","AMHERST COUNTY","##AB - Central Absentee Precinct","06","Congressional","0","985","0","0","985","0","0","0"
"2021 November General ","2021-11-02 00:00:00","AMHERST COUNTY","##EV - Central Absentee Precinct","00","Local","0","236","0","0","236","0","0","0"
"2021 November General ","2021-11-02 00:00:00","AMHERST COUNTY","##EV - Central Absentee Precinct","00","Local","0","2209","0","0","2209","0","0","0"
"2021 November General ","2021-11-02 00:00:00","AMHERST COUNTY","##EV - Central Absentee Precinct","00","Local","0","3046","0","0","3046","0","0","0"
"2021 November General ","2021-11-02 00:00:00","AMHERST COUNTY","##EV - Central Absentee Precinct","06","Congressional","0","3046","0","0","3046","0","0","0"
"2021 November General ","2021-11-02 00:00:00","AMHERST COUNTY","##PE - Central Absentee Precinct","00","Local","0","3","0","0","3","0","0","0"
"2021 November General ","2021-11-02 00:00:00","AMHERST COUNTY","##PE - Central Absentee Precinct","00","Local","0","9","0","0","9","0","0","0"
"2021 November General ","2021-11-02 00:00:00","AMHERST COUNTY","##PE - Central Absentee Precinct","00","Local","0","12","0","0","12","0","0","0"
"2021 November General ","2021-11-02 00:00:00","AMHERST COUNTY","##PE - Central Absentee Precinct","06","Congressional","0","12","0","0","12","0","0","0"
"2021 November General ","2021-11-02 00:00:00","AMHERST COUNTY","101 - WRIGHT SHOP","06","Congressional","0","0","672","0","672","1593","56","1649"
"2021 November General ","2021-11-02 00:00:00","AMHERST COUNTY","102 - NEW GLASGOW","06","Congressional","0","0","834","0","834","1981","63","2044"
"2021 November General ","2021-11-02 00:00:00","AMHERST COUNTY","103 - COOLWELL","06","Congressional","0","0","469","0","469","951","36","987"
"2021 November General ","2021-11-02 00:00:00","AMHERST COUNTY","201 - COURT HOUSE","06","Congressional","0","0","1211","0","1211","3033","111","3144"
"2021 November General ","2021-11-02 00:00:00","AMHERST COUNTY","202 - TEMPERANCE","06","Congressional","0","0","619","0","619","1164","29","1193"
"2021 November General ","2021-11-02 00:00:00","AMHERST COUNTY","301 - MONROE","06","Congressional","0","0","615","0","615","1194","58","1252"
"2021 November General ","2021-11-02 00:00:00","AMHERST COUNTY","302 - ELON","06","Congressional","0","0","371","0","371","2832","59","2891"
"2021 November General ","2021-11-02 00:00:00","AMHERST COUNTY","302 - ELON","06","Congressional","0","0","1146","0","1146","2832","59","2891"
"2021 November General ","2021-11-02 00:00:00","AMHERST COUNTY","303 - PLEASANT VIEW","06","Congressional","0","0","371","0","371","693","31","724"
"2021 November General ","2021-11-02 00:00:00","AMHERST COUNTY","401 - AMELON","06","Congressional","0","0","358","0","358","3360","122","3482"
"2021 November General ","2021-11-02 00:00:00","AMHERST COUNTY","401 - AMELON","06","Congressional","0","0","1082","0","1082","3360","122","3482"
"2021 November General ","2021-11-02 00:00:00","AMHERST COUNTY","402 - LONCO","06","Congressional","0","0","409","0","409","1030","42","1072"
"2021 November General ","2021-11-02 00:00:00","AMHERST COUNTY","501 - MADISON","06","Congressional","0","0","1531","0","1531","3778","130","3908"
"2021 November General ","2021-11-02 00:00:00","APPOMATTOX COUNTY","##AB - Central Absentee Precinct","00","Local","0","262","0","0","262","0","0","0"
"2021 November General ","2021-11-02 00:00:00","APPOMATTOX COUNTY","##AB - Central Absentee Precinct","05","Congressional","0","0","0","0","0","0","0","0"
"2021 November General ","2021-11-02 00:00:00","APPOMATTOX COUNTY","##EV - Central Absentee Precinct","00","Local","0","1942","0","0","1942","0","0","0"
"2021 November General ","2021-11-02 00:00:00","APPOMATTOX COUNTY","##EV - Central Absentee Precinct","00","Local","0","1942","0","60","1942","0","0","0"
"2021 November General ","2021-11-02 00:00:00","APPOMATTOX COUNTY","##EV - Central Absentee Precinct","05","Congressional","0","0","0","0","0","0","0","0"
"2021 November General ","2021-11-02 00:00:00","APPOMATTOX COUNTY","##PE - Central Absentee Precinct","00","Local","0","8","0","0","8","0","0","0"
"2021 November General ","2021-11-02 00:00:00","APPOMATTOX COUNTY","##PE - Central Absentee Precinct","05","Congressional","0","0","0","0","0","0","0","0"
"2021 November General ","2021-11-02 00:00:00","APPOMATTOX COUNTY","101 - VERA","05","Congressional","0","0","396","2","396","862","21","883"
"2021 November General ","2021-11-02 00:00:00","APPOMATTOX COUNTY","102 - PAMPLIN","05","Congressional","0","0","675","9","675","1490","40","1530"
"2021 November General ","2021-11-02 00:00:00","APPOMATTOX COUNTY","201 - CHAP","05","Congressional","0","0","261","3","261","611","22","633"
"2021 November General ","2021-11-02 00:00:00","APPOMATTOX COUNTY","202 - SPOUT SPRING","05","Congressional","0","0","861","5","861","1813","38","1851"
"2021 November General ","2021-11-02 00:00:00","APPOMATTOX COUNTY","301 - US  460","05","Congressional","0","0","570","1","570","1088","28","1116"
"2021 November General ","2021-11-02 00:00:00","APPOMATTOX COUNTY","302 - STONEWALL","05","Congressional","0","0","676","3","676","1344","61","1405"
"2021 November General ","2021-11-02 00:00:00","APPOMATTOX COUNTY","401 - COURTHOUSE","05","Congressional","0","0","786","16","786","2129","59","2188"
"2021 November General ","2021-11-02 00:00:00","APPOMATTOX COUNTY","501 - OAKVILLE","05","Congressional","0","0","731","6","731","1596","42","1638"
"2021 November General ","2021-11-02 00:00:00","APPOMATTOX COUNTY","502 - AGEE","05","Congressional","0","0","282","0","282","626","14","640"
"2021 November General ","2021-11-02 00:00:00","ARLINGTON COUNTY","##AB - Central Absentee Precinct","00","Local","0","1113","0","0","1113","0","0","0"
"2021 November General ","2021-11-02 00:00:00","ARLINGTON COUNTY","##AB - Central Absentee Precinct","00","Local","0","2749","0","0","2749","0","0","0"
"2021 November General ","2021-11-02 00:00:00","ARLINGTON COUNTY","##AB - Central Absentee Precinct","00","Local","0","4033","0","0","4033","0","0","0"
"2021 November General ","2021-11-02 00:00:00","ARLINGTON COUNTY","##AB - Central Absentee Precinct","00","Local","0","5889","0","0","5889","0","0","0"
"2021 November General ","2021-11-02 00:00:00","ARLINGTON COUNTY","##AB - Central Absentee Precinct","00","Local","0","13784","0","0","13784","0","0","0"
"2021 November General ","2021-11-02 00:00:00","ARLINGTON COUNTY","##AB - Central Absentee Precinct","08","Congressional","0","13784","0","0","13784","0","0","0"
"2021 November General ","2021-11-02 00:00:00","ARLINGTON COUNTY","##EV - Central Absentee Precinct","00","Local","0","1735","0","11","1735","0","0","0"
"2021 November General ","2021-11-02 00:00:00","ARLINGTON COUNTY","##EV - Central Absentee Precinct","00","Local","0","5076","0","60","5076","0","0","0"
"2021 November General ","2021-11-02 00:00:00","ARLINGTON COUNTY","##EV - Central Absentee Precinct","00","Local","0","9223","0","40","9223","0","0","0"
"2021 November General ","2021-11-02 00:00:00","ARLINGTON COUNTY","##EV - Central Absentee Precinct","00","Local","0","11766","0","39","11766","0","0","0"
"2021 November General ","2021-11-02 00:00:00","ARLINGTON COUNTY","##EV - Central Absentee Precinct","00","Local","0","27800","0","150","27800","0","0","0"
"2021 November General ","2021-11-02 00:00:00","ARLINGTON COUNTY","##EV - Central Absentee Precinct","08","Congressional","0","27800","0","150","27800","0","0","0"
"2021 November General ","2021-11-02 00:00:00","ARLINGTON COUNTY","##PE - Central Absentee Precinct","00","Local","0","76","0","0","76","0","0","0"
"2021 November General ","2021-11-02 00:00:00","ARLINGTON COUNTY","##PE - Central Absentee Precinct","00","Local","0","203","0","0","203","0","0","0"
"2021 November General ","2021-11-02 00:00:00","ARLINGTON COUNTY","##PE - Central Absentee Precinct","00","Local","0","298","0","0","298","0","0","0"
"2021 November General ","2021-11-02 00:00:00","ARLINGTON COUNTY","##PE - Central Absentee Precinct","00","Local","0","404","0","0","404","0","0","0"
"2021 November General ","2021-11-02 00:00:00","ARLINGTON COUNTY","##PE - Central Absentee Precinct","00","Local","0","981","0","0","981","0","0","0"
"2021 November General ","2021-11-02 00:00:00","ARLINGTON COUNTY","##PE - Central Absentee Precinct","08","Congressional","0","981","0","0","981","0","0","0"
"2021 November General ","2021-11-02 00:00:00","ARLINGTON COUNTY","001 - ARLINGTON","08","Congressional","7","0","919","2","926","2803","183","2986"
"2021 November General ","2021-11-02 00:00:00","ARLINGTON COUNTY","002 - ASHTON HEIGHTS","08","Congressional","18","0","1107","1","1125","3252","294","3546"
"2021 November General ","2021-11-02 00:00:00","ARLINGTON COUNTY","003 - AURORA HILLS","08","Congressional","9","0","760","1","769","1854","133","1987"
"2021 November General ","2021-11-02 00:00:00","ARLINGTON COUNTY","004 - BALLSTON","08","Congressional","8","0","1197","2","1205","3464","313","3777"
"2021 November General ","2021-11-02 00:00:00","ARLINGTON COUNTY","005 - BARCROFT","08","Congressional","8","0","1113","5","1121","2741","190","2931"
"2021 November General ","2021-11-02 00:00:00","ARLINGTON COUNTY","006 - CRYSTAL CITY","08","Congressional","10","0","833","3","843","2565","460","3025"
"2021 November General ","2021-11-02 00:00:00","ARLINGTON COUNTY","007 - CHERRYDALE","08","Congressional","5","0","1129","4","1134","3061","185","3246"
"2021 November General ","2021-11-02 00:00:00","ARLINGTON COUNTY","008 - HUME","08","Congressional","15","0","1317","0","1332","3780","559","4339"
"2021 November General ","2021-11-02 00:00:00","ARLINGTON COUNTY","009 - COLUMBIA","08","Congressional","11","0","1200","3","1211","3814","395","4209"
"2021 November General ","2021-11-02 00:00:00","ARLINGTON COUNTY","010 - WILSON","08","Congressional","7","0","1043","2","1050","4331","517","4847"
"2021 November General ","2021-11-02 00:00:00","ARLINGTON COUNTY","011 - EAST FALLS CHURCH","08","Congressional","6","0","915","1","921","2153","113","2266"
"2021 November General ","2021-11-02 00:00:00","ARLINGTON COUNTY","012 - FAIRLINGTON","08","Congressional","8","0","1306","1","1314","2591","167","2758"
"2021 November General ","2021-11-02 00:00:00","ARLINGTON COUNTY","013 - GLEN CARLYN","08","Congressional","7","0","801","2","808","2145","104","2249"
"2021 November General ","2021-11-02 00:00:00","ARLINGTON COUNTY","014 - CLARENDON","08","Congressional","8","0","753","1","761","2324","260","2584"
"2021 November General ","2021-11-02 00:00:00","ARLINGTON COUNTY","015 - LYON PARK","08","Congressional","5","0","643","0","648","1762","138","1900"
"2021 November General ","2021-11-02 00:00:00","ARLINGTON COUNTY","016 - LYON VILLAGE","08","Congressional","16","0","1042","1","1058","3272","304","3576"
"2021 November General ","2021-11-02 00:00:00","ARLINGTON COUNTY","017 - OVERLEE KNOLLS","08","Congressional","10","0","1310","3","1320","3234","211","3445"
"2021 November General ","2021-11-02 00:00:00","ARLINGTON COUNTY","018 - PARK LANE","08","Congressional","10","0","1271","1","1281","5411","831","6242"
"2021 November General ","2021-11-02 00:00:00","ARLINGTON COUNTY","019 - ROSSLYN","08","Congressional","9","0","990","3","999","4008","657","4665"
"2021 November General ","2021-11-02 00:00:00","ARLINGTON COUNTY","020 - THRIFTON","08","Congressional","6","0","910","3","916","2941","124","3065"
"2021 November General ","2021-11-02 00:00:00","ARLINGTON COUNTY","021 - VIRGINIA HIGHLANDS","08","Congressional","5","0","632","3","637","1734","148","1882"
"2021 November General ","2021-11-02 00:00:00","ARLINGTON COUNTY","022 - ABINGDON","08","Congressional","6","0","1183","4","1189","2893","258","3151"
"2021 November General ","2021-11-02 00:00:00","ARLINGTON COUNTY","023 - WESTOVER","08","Congressional","11","0","1206","8","1217","2835","143","2978"
"2021 November General ","2021-11-02 00:00:00","ARLINGTON COUNTY","024 - WOODLAWN","08","Congressional","11","0","1405","4","1416","3945","251","4196"
"2021 November General ","2021-11-02 00:00:00","ARLINGTON COUNTY","025 - ARLINGTON FOREST","08","Congressional","4","0","1046","5","1050","2841","203","3044"
"2021 November General ","2021-11-02 00:00:00","ARLINGTON COUNTY","026 - FILLMORE","08","Congressional","6","0","1216","7","1222","3627","400","4027"
"2021 November General ","2021-11-02 00:00:00","ARLINGTON COUNTY","027 - JEFFERSON","08","Congressional","10","0","311","0","321","3108","221","3329"
"2021 November General ","2021-11-02 00:00:00","ARLINGTON COUNTY","027 - JEFFERSON","08","Congressional","10","0","840","0","850","3108","221","3329"
"2021 November General ","2021-11-02 00:00:00","ARLINGTON COUNTY","028 - WAKEFIELD","08","Congressional","10","0","1178","10","1188","3713","379","4092"
"2021 November General ","2021-11-02 00:00:00","ARLINGTON COUNTY","029 - DOMINION HILLS","08","Congressional","9","0","1139","2","1148","2747","94","2841"
"2021 November General ","2021-11-02 00:00:00","ARLINGTON COUNTY","030 - GLEBE","08","Congressional","10","0","974","12","984","3221","257","3478"
"2021 November General ","2021-11-02 00:00:00","ARLINGTON COUNTY","031 - LEXINGTON","08","Congressional","4","0","1246","2","1250","2947","111","3058"
"2021 November General ","2021-11-02 00:00:00","ARLINGTON COUNTY","032 - OAKRIDGE","08","Congressional","2","0","478","0","480","1328","142","1470"
"2021 November General ","2021-11-02 00:00:00","ARLINGTON COUNTY","033 - ROCK SPRING","08","Congressional","8","0","1106","7","1114","3052","114","3166"
"2021 November General ","2021-11-02 00:00:00","ARLINGTON COUNTY","034 - YORKTOWN","08","Congressional","3","0","1078","5","1081","2621","102","2723"
"2021 November General ","2021-11-02 00:00:00","ARLINGTON COUNTY","035 - MADISON","08","Congressional","9","0","989","6","998","3234","132","3366"
"2021 November General ","2021-11-02 00:00:00","ARLINGTON COUNTY","036 - MARSHALL","08","Congressional","8","0","1109","2","1117","3265","205","3470"
"2021 November General ","2021-11-02 00:00:00","ARLINGTON COUNTY","037 - NOTTINGHAM","08","Congressional","6","0","1110","4","1116","2584","78","2662"
"2021 November General ","2021-11-02 00:00:00","ARLINGTON COUNTY","038 - ARLINGTON VIEW","08","Congressional","7","0","846","1","853","2945","382","3327"
"2021 November General ","2021-11-02 00:00:00","ARLINGTON COUNTY","039 - ASHLAWN","08","Congressional","6","0","680","4","686","1713","84","1797"
"2021 November General ","2021-11-02 00:00:00","ARLINGTON COUNTY","040 - VIRGINIA SQUARE","08","Congressional","7","0","1245","0","1252","3872","504","4376"
"2021 November General ","2021-11-02 00:00:00","ARLINGTON COUNTY","041 - NAVY LEAGUE","08","Congressional","4","0","744","0","748","3216","434","3650"
"2021 November General ","2021-11-02 00:00:00","ARLINGTON COUNTY","042 - SHIRLINGTON","08","Congressional","6","0","798","4","804","2510","313","2823"
"2021 November General ","2021-11-02 00:00:00","ARLINGTON COUNTY","043 - CAMPBELL","08","Congressional","9","0","758","9","767","2636","182","2818"
"2021 November General ","2021-11-02 00:00:00","ARLINGTON COUNTY","044 - DAWSON TERRACE","08","Congressional","5","0","718","2","723","2371","331","2702"
"2021 November General ","2021-11-02 00:00:00","ARLINGTON COUNTY","045 - BUCKINGHAM","08","Congressional","4","0","754","5","758","2471","247","2718"
"2021 November General ","2021-11-02 00:00:00","ARLINGTON COUNTY","046 - CENTRAL","08","Congressional","4","0","1240","1","1244","3808","524","4332"
"2021 November General ","2021-11-02 00:00:00","ARLINGTON COUNTY","047 - FOUR MILE RUN","08","Congressional","4","0","779","1","783","2297","198","2495"
"2021 November General ","2021-11-02 00:00:00","ARLINGTON COUNTY","048 - AUSA","08","Congressional","5","0","672","1","677","2494","352","2846"
"2021 November General ","2021-11-02 00:00:00","ARLINGTON COUNTY","049 - MONROE","08","Congressional","1","0","772","2","773","2344","243","2587"
"2021 November General ","2021-11-02 00:00:00","ARLINGTON COUNTY","050 - CRYSTAL PLAZA","08","Congressional","3","0","940","1","943","3074","563","3637"
"2021 November General ","2021-11-02 00:00:00","ARLINGTON COUNTY","051 - TAYLOR","08","Congressional","1","0","370","1","371","751","67","818"
"2021 November General ","2021-11-02 00:00:00","ARLINGTON COUNTY","052 - GUNSTON","08","Congressional","3","0","784","2","787","2446","366","2812"
"2021 November General ","2021-11-02 00:00:00","ARLINGTON COUNTY","053 - MET PARK","08","Congressional","5","0","1193","0","1198","3167","469","3636"
"2021 November General ","2021-11-02 00:00:00","ARLINGTON COUNTY","054 - GARFIELD PARK","08","Congressional","1","0","487","0","488","1471","224","1695"
"2021 November General ","2021-11-02 00:00:00","AUGUSTA COUNTY","##AB - Central Absentee Precinct","00","Local","0","462","0","0","462","0","0","0"
"2021 November General ","2021-11-02 00:00:00","AUGUSTA COUNTY","##AB - Central Absentee Precinct","00","Local","0","584","0","0","584","0","0","0"
"2021 November General ","2021-11-02 00:00:00","AUGUSTA COUNTY","##AB - Central Absentee Precinct","00","Local","0","860","0","0","860","0","0","0"
"2021 November General ","2021-11-02 00:00:00","AUGUSTA COUNTY","##AB - Central Absentee Precinct","00","Local","0","1924","0","0","1924","0","0","0"
"2021 November General ","2021-11-02 00:00:00","AUGUSTA COUNTY","##AB - Central Absentee Precinct","06","Congressional","9","1924","0","0","1933","0","0","0"
"2021 November General ","2021-11-02 00:00:00","AUGUSTA COUNTY","##EV - Central Absentee Precinct","00","Local","0","1572","0","0","1572","0","0","0"
"2021 November General ","2021-11-02 00:00:00","AUGUSTA COUNTY","##EV - Central Absentee Precinct","00","Local","0","2376","0","0","2376","0","0","0"
"2021 November General ","2021-11-02 00:00:00","AUGUSTA COUNTY","##EV - Central Absentee Precinct","00","Local","0","4301","0","0","4301","0","0","0"
"2021 November General ","2021-11-02 00:00:00","AUGUSTA COUNTY","##EV - Central Absentee Precinct","00","Local","0","8278","0","59","8278","0","0","0"
"2021 November General ","2021-11-02 00:00:00","AUGUSTA COUNTY","##EV - Central Absentee Precinct","06","Congressional","0","8278","0","0","8278","0","0","0"
"2021 November General ","2021-11-02 00:00:00","AUGUSTA COUNTY","##PE - Central Absentee Precinct","00","Local","0","13","0","0","13","0","0","0"
"2021 November General ","2021-11-02 00:00:00","AUGUSTA COUNTY","##PE - Central Absentee Precinct","00","Local","0","17","0","0","17","0","0","0"
"2021 November General ","2021-11-02 00:00:00","AUGUSTA COUNTY","##PE - Central Absentee Precinct","00","Local","0","34","0","0","34","0","0","0"
"2021 November General ","2021-11-02 00:00:00","AUGUSTA COUNTY","##PE - Central Absentee Precinct","00","Local","0","64","0","0","64","0","0","0"
"2021 November General ","2021-11-02 00:00:00","AUGUSTA COUNTY","##PE - Central Absentee Precinct","06","Congressional","0","64","0","0","64","0","0","0"
"2021 November General ","2021-11-02 00:00:00","AUGUSTA COUNTY","101 - JOLIVUE","06","Congressional","1","0","580","7","581","1452","42","1494"
"2021 November General ","2021-11-02 00:00:00","AUGUSTA COUNTY","102 - STUARTS DRAFT ELEMENTARY","06","Congressional","4","0","740","4","744","1823","85","1908"
"2021 November General ","2021-11-02 00:00:00","AUGUSTA COUNTY","103 - VERONA","06","Congressional","4","0","981","7","985","2985","88","3073"
"2021 November General ","2021-11-02 00:00:00","AUGUSTA COUNTY","201 - CRIMORA","06","Congressional","1","0","1262","7","1263","3243","89","3332"
"2021 November General ","2021-11-02 00:00:00","AUGUSTA COUNTY","202 - NEW HOPE","06","Congressional","0","0","857","3","857","1643","38","1681"
"2021 November General ","2021-11-02 00:00:00","AUGUSTA COUNTY","203 - WEYERS CAVE","06","Congressional","1","0","1251","9","1252","2609","61","2670"
"2021 November General ","2021-11-02 00:00:00","AUGUSTA COUNTY","301 - FORT DEFIANCE","06","Congressional","2","0","1480","14","1482","3983","93","4076"
"2021 November General ","2021-11-02 00:00:00","AUGUSTA COUNTY","302 - NORTH RIVER","06","Congressional","1","0","529","3","530","1003","22","1025"
"2021 November General ","2021-11-02 00:00:00","AUGUSTA COUNTY","303 - MOUNT SOLON","06","Congressional","1","0","796","6","797","1382","14","1396"
"2021 November General ","2021-11-02 00:00:00","AUGUSTA COUNTY","304 - CHURCHVILLE FIRE STATION","06","Congressional","0","0","632","6","632","1206","25","1231"
"2021 November General ","2021-11-02 00:00:00","AUGUSTA COUNTY","401 - BUFFALO GAP","06","Congressional","1","0","743","5","744","1420","20","1440"
"2021 November General ","2021-11-02 00:00:00","AUGUSTA COUNTY","402 - CHURCHVILLE ELEMENTARY","06","Congressional","0","0","720","7","720","1345","24","1369"
"2021 November General ","2021-11-02 00:00:00","AUGUSTA COUNTY","403 - CRAIGSVILLE","06","Congressional","0","0","599","1","599","1171","42","1213"
"2021 November General ","2021-11-02 00:00:00","AUGUSTA COUNTY","404 - DEERFIELD","06","Congressional","0","0","299","4","299","471","9","480"
"2021 November General ","2021-11-02 00:00:00","AUGUSTA COUNTY","405 - CEDAR GREEN","06","Congressional","0","0","823","5","823","1900","49","1949"
"2021 November General ","2021-11-02 00:00:00","AUGUSTA COUNTY","501 - GREENVILLE","06","Congressional","5","0","1170","8","1175","2311","62","2373"
"2021 November General ","2021-11-02 00:00:00","AUGUSTA COUNTY","502 - MIDDLEBROOK","06","Congressional","0","0","664","5","664","1141","21","1162"
"2021 November General ","2021-11-02 00:00:00","AUGUSTA COUNTY","503 - SPOTTSWOOD","06","Congressional","1","0","715","3","716","1258","23","1281"
"2021 November General ","2021-11-02 00:00:00","AUGUSTA COUNTY","504 - WHITE HILL","06","Congressional","0","0","442","5","442","2896","136","3032"
"2021 November General ","2021-11-02 00:00:00","AUGUSTA COUNTY","504 - WHITE HILL","06","Congressional","0","0","652","5","652","2896","136","3032"
"2021 November General ","2021-11-02 00:00:00","AUGUSTA COUNTY","601 - SHERANDO","06","Congressional","2","0","922","3","924","1828","43","1871"
"2021 November General ","2021-11-02 00:00:00","AUGUSTA COUNTY","602 - RIDGEVIEW","06","Congressional","1","0","1720","32","1721","4032","95","4127"
"2021 November General ","2021-11-02 00:00:00","AUGUSTA COUNTY","603 - LYNDHURST","06","Congressional","3","0","1191","9","1194","2526","60","2586"
"2021 November General ","2021-11-02 00:00:00","AUGUSTA COUNTY","801 - DOOMS","06","Congressional","0","0","935","13","935","1976","33","2009"
"2021 November General ","2021-11-02 00:00:00","AUGUSTA COUNTY","802 - FISHERSVILLE","06","Congressional","1","0","1486","10","1487","3365","86","3451"
"2021 November General ","2021-11-02 00:00:00","AUGUSTA COUNTY","803 - WILSON","06","Congressional","6","0","1166","5","1172","3205","158","3363"
"2021 November General ","2021-11-02 00:00:00","BATH COUNTY","##AB - Central Absentee Precinct","00","Local","0","66","0","0","66","0","0","0"
"2021 November General ","2021-11-02 00:00:00","BATH COUNTY","##AB - Central Absentee Precinct","06","Congressional","0","66","0","0","66","0","0","0"
"2021 November General ","2021-11-02 00:00:00","BATH COUNTY","##EV - Central Absentee Precinct","00","Local","0","262","0","0","262","0","0","0"
"2021 November General ","2021-11-02 00:00:00","BATH COUNTY","##EV - Central Absentee Precinct","06","Congressional","0","262","0","0","262","0","0","0"
"2021 November General ","2021-11-02 00:00:00","BATH COUNTY","##PE - Central Absentee Precinct","00","Local","0","7","0","0","7","0","0","0"
"2021 November General ","2021-11-02 00:00:00","BATH COUNTY","##PE - Central Absentee Precinct","06","Congressional","0","7","0","0","7","0","0","0"
"2021 November General ","2021-11-02 00:00:00","BATH COUNTY","101 - WARM SPRINGS","06","Congressional","0","0","276","0","276","587","39","626"
"2021 November General ","2021-11-02 00:00:00","BATH COUNTY","102 - MOUNTAIN GROVE","06","Congressional","0","0","61","0","61","93","0","93"
"2021 November General ","2021-11-02 00:00:00","BATH COUNTY","201 - HOT SPRINGS","06","Congressional","0","0","225","0","225","523","25","548"
"2021 November General ","2021-11-02 00:00:00","BATH COUNTY","301 - FAIRVIEW","06","Congressional","0","0","266","0","266","498","11","509"
"2021 November General ","2021-11-02 00:00:00","BATH COUNTY","302 - BURNSVILLE","06","Congressional","0","0","66","0","66","164","5","169"
"2021 November General ","2021-11-02 00:00:00","BATH COUNTY","401 - MILLBORO","06","Congressional","0","0","369","0","369","668","21","689"
"2021 November General ","2021-11-02 00:00:00","BATH COUNTY","501 - HEALING SPRINGS","06","Congressional","0","0","349","0","349","630","22","652"
"2021 November General ","2021-11-02 00:00:00","BEDFORD COUNTY","##AB - Central Absentee Precinct","00","Local","0","629","0","0","629","0","0","0"
"2021 November General ","2021-11-02 00:00:00","BEDFORD COUNTY","##AB - Central Absentee Precinct","00","Local","0","661","0","0","661","0","0","0"
"2021 November General ","2021-11-02 00:00:00","BEDFORD COUNTY","##AB - Central Absentee Precinct","00","Local","0","1011","0","0","1011","0","0","0"
"2021 November General ","2021-11-02 00:00:00","BEDFORD COUNTY","##AB - Central Absentee Precinct","00","Local","0","2298","0","0","2298","0","0","0"
"2021 November General ","2021-11-02 00:00:00","BEDFORD COUNTY","##AB - Central Absentee Precinct","05","Congressional","1","1014","0","0","1015","0","0","0"
"2021 November General ","2021-11-02 00:00:00","BEDFORD COUNTY","##AB - Central Absentee Precinct","06","Congressional","0","1284","0","0","1284","0","0","0"
"2021 November General ","2021-11-02 00:00:00","BEDFORD COUNTY","##EV - Central Absentee Precinct","00","Local","0","2134","0","0","2134","0","0","0"
"2021 November General ","2021-11-02 00:00:00","BEDFORD COUNTY","##EV - Central Absentee Precinct","00","Local","0","3087","0","0","3087","0","0","0"
"2021 November General ","2021-11-02 00:00:00","BEDFORD COUNTY","##EV - Central Absentee Precinct","00","Local","0","3418","0","0","3418","0","0","0"
"2021 November General ","2021-11-02 00:00:00","BEDFORD COUNTY","##EV - Central Absentee Precinct","00","Local","0","8640","0","0","8640","0","0","0"
"2021 November General ","2021-11-02 00:00:00","BEDFORD COUNTY","##EV - Central Absentee Precinct","05","Congressional","0","5155","0","0","5155","0","0","0"
"2021 November General ","2021-11-02 00:00:00","BEDFORD COUNTY","##EV - Central Absentee Precinct","06","Congressional","0","3484","0","0","3484","0","0","0"
"2021 November General ","2021-11-02 00:00:00","BEDFORD COUNTY","##PE - Central Absentee Precinct","00","Local","0","38","0","0","38","0","0","0"
"2021 November General ","2021-11-02 00:00:00","BEDFORD COUNTY","##PE - Central Absentee Precinct","00","Local","0","59","0","0","59","0","0","0"
"2021 November General ","2021-11-02 00:00:00","BEDFORD COUNTY","##PE - Central Absentee Precinct","00","Local","0","62","0","0","62","0","0","0"
"2021 November General ","2021-11-02 00:00:00","BEDFORD COUNTY","##PE - Central Absentee Precinct","00","Local","0","162","0","0","162","0","0","0"
"2021 November General ","2021-11-02 00:00:00","BEDFORD COUNTY","##PE - Central Absentee Precinct","05","Congressional","0","77","0","0","77","0","0","0"
"2021 November General ","2021-11-02 00:00:00","BEDFORD COUNTY","##PE - Central Absentee Precinct","06","Congressional","0","85","0","0","85","0","0","0"
"2021 November General ","2021-11-02 00:00:00","BEDFORD COUNTY","101 - GOODVIEW ELEM SCHOOL","05","Congressional","2","0","1308","22","1310","2745","91","2836"
"2021 November General ","2021-11-02 00:00:00","BEDFORD COUNTY","102 - HARDY VOL FIRE CO","05","Congressional","0","0","619","0","619","1081","34","1115"
"2021 November General ","2021-11-02 00:00:00","BEDFORD COUNTY","103 - CHAMBLISSBURG BAPTIST CHURCH","05","Congressional","0","0","910","12","910","2013","59","2072"
"2021 November General ","2021-11-02 00:00:00","BEDFORD COUNTY","104 - STEWARTSVILLE RESCUE SQUAD","05","Congressional","0","0","865","17","865","1787","63","1850"
"2021 November General ","2021-11-02 00:00:00","BEDFORD COUNTY","201 - BEDFORD CHRISTIAN CHURCH","05","Congressional","0","0","401","5","401","1019","35","1054"
"2021 November General ","2021-11-02 00:00:00","BEDFORD COUNTY","202 - STAUNTON RIVER HIGH SCHOOL","05","Congressional","2","0","698","4","700","1415","35","1450"
"2021 November General ","2021-11-02 00:00:00","BEDFORD COUNTY","203 - MONETA ELEM SCHOOL","05","Congressional","0","0","1204","9","1204","2824","114","2938"
"2021 November General ","2021-11-02 00:00:00","BEDFORD COUNTY","204 - Quaker BAPTIST CHURCH","05","Congressional","6","0","428","6","434","903","25","928"
"2021 November General ","2021-11-02 00:00:00","BEDFORD COUNTY","205 - SAUNDERS VOL FIRE CO","05","Congressional","2","0","1048","10","1050","2039","70","2109"
"2021 November General ","2021-11-02 00:00:00","BEDFORD COUNTY","301 - NEW LONDON ACADEMY","06","Congressional","2","0","1268","0","1270","2566","82","2648"
"2021 November General ","2021-11-02 00:00:00","BEDFORD COUNTY","302 - BEDFORD REGIONAL WATER AUTH","05","Congressional","2","0","662","4","664","1857","39","1896"
"2021 November General ","2021-11-02 00:00:00","BEDFORD COUNTY","303 - BETHESDA UNITED METHODIST CHURCH","05","Congressional","1","0","547","4","548","1071","26","1097"
"2021 November General ","2021-11-02 00:00:00","BEDFORD COUNTY","304 - RIVERSIDE CHURCH","06","Congressional","1","0","559","3","560","1071","27","1098"
"2021 November General ","2021-11-02 00:00:00","BEDFORD COUNTY","305 - HUDDLESTON ELEM SCHOOL","05","Congressional","0","0","465","5","465","966","28","994"
"2021 November General ","2021-11-02 00:00:00","BEDFORD COUNTY","306 - FOREST FIRE STATION #2","06","Congressional","0","0","728","5","728","1522","55","1577"
"2021 November General ","2021-11-02 00:00:00","BEDFORD COUNTY","401 - FOREST ELEMENTARY SCHOOL","06","Congressional","1","0","1452","4","1453","2910","139","3049"
"2021 November General ","2021-11-02 00:00:00","BEDFORD COUNTY","402 - THOMAS JEFFERSON ELEM SCHOOL","06","Congressional","0","0","767","15","767","1635","93","1728"
"2021 November General ","2021-11-02 00:00:00","BEDFORD COUNTY","403 - KNIGHTS OF COLUMBUS BLDG","06","Congressional","4","0","1677","21","1681","3380","149","3529"
"2021 November General ","2021-11-02 00:00:00","BEDFORD COUNTY","404 - FOREST RECREATION CENTER","06","Congressional","0","0","1156","2","1156","2296","67","2363"
"2021 November General ","2021-11-02 00:00:00","BEDFORD COUNTY","502 - BIG ISLAND ELEM SCHOOL","06","Congressional","0","0","372","5","372","705","13","718"
"2021 November General ","2021-11-02 00:00:00","BEDFORD COUNTY","503 - SEDALIA CENTER","06","Congressional","0","0","492","13","492","875","16","891"
"2021 November General ","2021-11-02 00:00:00","BEDFORD COUNTY","504 - SUCK SPRINGS BAPTIST CHURCH","06","Congressional","3","0","655","0","658","1257","24","1281"
"2021 November General ","2021-11-02 00:00:00","BEDFORD COUNTY","505 - BOONSBORO ELEMENTARY SCHOOL","06","Congressional","0","0","1287","9","1287","2301","84","2385"
"2021 November General ","2021-11-02 00:00:00","BEDFORD COUNTY","506 - BOONSBORO RURITAN CLUB","06","Congressional","1","0","1873","5","1874","3674","96","3770"
"2021 November General ","2021-11-02 00:00:00","BEDFORD COUNTY","601 - MONTVALE ELEM SCHOOL","06","Congressional","0","0","894","10","894","1788","42","1830"
"2021 November General ","2021-11-02 00:00:00","BEDFORD COUNTY","602 - SHADY GROVE FIRE DEPARTMENT","05","Congressional","1","0","986","10","987","2093","51","2144"
"2021 November General ","2021-11-02 00:00:00","BEDFORD COUNTY","603 - THAXTON BAPTIST CHURCH #1","05","Congressional","0","0","241","8","241","574","11","585"
"2021 November General ","2021-11-02 00:00:00","BEDFORD COUNTY","604 - BEDFORD WELCOME CENTER","05","Congressional","0","0","2","0","2","2923","87","3010"
"2021 November General ","2021-11-02 00:00:00","BEDFORD COUNTY","604 - BEDFORD WELCOME CENTER","05","Congressional","0","0","1009","5","1009","2923","87","3010"
"2021 November General ","2021-11-02 00:00:00","BEDFORD COUNTY","701 - GOODE VOL RESCUE SQUAD","05","Congressional","0","0","1359","6","1359","2610","72","2682"
"2021 November General ","2021-11-02 00:00:00","BEDFORD COUNTY","702 - LIBERTY HIGH SCHOOL","05","Congressional","1","0","545","2","546","1361","25","1386"
"2021 November General ","2021-11-02 00:00:00","BEDFORD COUNTY","703 - THAXTON BAPTIST CHURCH #2","05","Congressional","1","0","0","0","1","1092","28","1120"
"2021 November General ","2021-11-02 00:00:00","BEDFORD COUNTY","703 - THAXTON BAPTIST CHURCH #2","05","Congressional","1","0","501","10","502","1092","28","1120"
"2021 November General ","2021-11-02 00:00:00","BEDFORD COUNTY","704 - BEDFORD CENTRAL LIBRARY","05","Congressional","3","0","1","0","4","3215","99","3314"
"2021 November General ","2021-11-02 00:00:00","BEDFORD COUNTY","704 - BEDFORD CENTRAL LIBRARY","05","Congressional","3","0","983","6","986","3215","99","3314"
"2021 November General ","2021-11-02 00:00:00","BLAND COUNTY","##AB - Central Absentee Precinct","00","Local","0","117","0","0","117","0","0","0"
"2021 November General ","2021-11-02 00:00:00","BLAND COUNTY","##AB - Central Absentee Precinct","09","Congressional","0","117","0","0","117","0","0","0"
"2021 November General ","2021-11-02 00:00:00","BLAND COUNTY","##EV - Central Absentee Precinct","00","Local","0","467","0","23","467","0","0","0"
"2021 November General ","2021-11-02 00:00:00","BLAND COUNTY","##EV - Central Absentee Precinct","09","Congressional","0","467","0","23","467","0","0","0"
"2021 November General ","2021-11-02 00:00:00","BLAND COUNTY","##PE - Central Absentee Precinct","00","Local","0","0","0","0","0","0","0","0"
"2021 November General ","2021-11-02 00:00:00","BLAND COUNTY","##PE - Central Absentee Precinct","09","Congressional","0","0","0","0","0","0","0","0"
"2021 November General ","2021-11-02 00:00:00","BLAND COUNTY","101 - BASTIAN","09","Congressional","0","0","244","1","244","531","32","563"
"2021 November General ","2021-11-02 00:00:00","BLAND COUNTY","102 - CERES","09","Congressional","0","0","294","0","294","604","27","631"
"2021 November General ","2021-11-02 00:00:00","BLAND COUNTY","201 - DAVIS","09","Congressional","0","0","89","0","89","218","9","227"
"2021 November General ","2021-11-02 00:00:00","BLAND COUNTY","202 - SEDDON","09","Congressional","0","0","478","1","478","1014","40","1054"
"2021 November General ","2021-11-02 00:00:00","BLAND COUNTY","301 - HOLLYBROOK","09","Congressional","0","0","287","1","287","522","12","534"
"2021 November General ","2021-11-02 00:00:00","BLAND COUNTY","302 - MECHANICSBURG","09","Congressional","0","0","149","0","149","259","12","271"
"2021 November General ","2021-11-02 00:00:00","BLAND COUNTY","401 - ROCKY GAP","09","Congressional","0","0","529","9","529","1150","70","1220"
"2021 November General ","2021-11-02 00:00:00","BOTETOURT COUNTY","##AB - Central Absentee Precinct","00","Local","0","181","0","0","181","0","0","0"
"2021 November General ","2021-11-02 00:00:00","BOTETOURT COUNTY","##AB - Central Absentee Precinct","00","Local","0","819","0","0","819","0","0","0"
"2021 November General ","2021-11-02 00:00:00","BOTETOURT COUNTY","##AB - Central Absentee Precinct","00","Local","0","1000","0","0","1000","0","0","0"
"2021 November General ","2021-11-02 00:00:00","BOTETOURT COUNTY","##AB - Central Absentee Precinct","06","Congressional","0","1000","0","0","1000","0","0","0"
"2021 November General ","2021-11-02 00:00:00","BOTETOURT COUNTY","##EV - Central Absentee Precinct","00","Local","0","693","0","0","693","0","0","0"
"2021 November General ","2021-11-02 00:00:00","BOTETOURT COUNTY","##EV - Central Absentee Precinct","00","Local","0","3920","0","67","3920","0","0","0"
"2021 November General ","2021-11-02 00:00:00","BOTETOURT COUNTY","##EV - Central Absentee Precinct","00","Local","0","4613","0","67","4613","0","0","0"
"2021 November General ","2021-11-02 00:00:00","BOTETOURT COUNTY","##EV - Central Absentee Precinct","06","Congressional","0","4613","0","67","4613","0","0","0"
"2021 November General ","2021-11-02 00:00:00","BOTETOURT COUNTY","##PE - Central Absentee Precinct","00","Local","0","7","0","0","7","0","0","0"
"2021 November General ","2021-11-02 00:00:00","BOTETOURT COUNTY","##PE - Central Absentee Precinct","00","Local","0","33","0","0","33","0","0","0"
"2021 November General ","2021-11-02 00:00:00","BOTETOURT COUNTY","##PE - Central Absentee Precinct","00","Local","0","40","0","0","40","0","0","0"
"2021 November General ","2021-11-02 00:00:00","BOTETOURT COUNTY","##PE - Central Absentee Precinct","06","Congressional","0","40","0","0","40","0","0","0"
"2021 November General ","2021-11-02 00:00:00","BOTETOURT COUNTY","101 - DALEVILLE","06","Congressional","0","0","1255","6","1255","2924","101","3025"
"2021 November General ","2021-11-02 00:00:00","BOTETOURT COUNTY","102 - GREENFIELD","06","Congressional","0","0","1292","11","1292","2768","59","2827"
"2021 November General ","2021-11-02 00:00:00","BOTETOURT COUNTY","201 - BLUE RIDGE","06","Congressional","0","0","1281","8","1281","2490","103","2593"
"2021 November General ","2021-11-02 00:00:00","BOTETOURT COUNTY","202 - RAINBOW FOREST","06","Congressional","1","0","1267","7","1268","2507","77","2584"
"2021 November General ","2021-11-02 00:00:00","BOTETOURT COUNTY","301 - BUCHANAN","06","Congressional","2","0","1101","9","1103","2404","57","2461"
"2021 November General ","2021-11-02 00:00:00","BOTETOURT COUNTY","302 - MILL CREEK","06","Congressional","0","0","1027","5","1027","2218","52","2270"
"2021 November General ","2021-11-02 00:00:00","BOTETOURT COUNTY","403 - EAGLE ROCK","06","Congressional","0","0","754","3","754","1553","29","1582"
"2021 November General ","2021-11-02 00:00:00","BOTETOURT COUNTY","406 - FINCASTLE","06","Congressional","0","0","1284","12","1284","3212","70","3282"
"2021 November General ","2021-11-02 00:00:00","BOTETOURT COUNTY","501 - TROUTVILLE","06","Congressional","0","0","351","0","351","1773","44","1817"
"2021 November General ","2021-11-02 00:00:00","BOTETOURT COUNTY","501 - TROUTVILLE","06","Congressional","0","0","466","0","466","1773","44","1817"
"2021 November General ","2021-11-02 00:00:00","BOTETOURT COUNTY","502 - CLOVERDALE","06","Congressional","0","0","258","0","258","3286","94","3380"
"2021 November General ","2021-11-02 00:00:00","BOTETOURT COUNTY","502 - CLOVERDALE","06","Congressional","0","0","1157","12","1157","3286","94","3380"
"2021 November General ","2021-11-02 00:00:00","BRISTOL CITY","##AB - Central Absentee Precinct","00","Local","0","502","0","0","502","0","0","0"
"2021 November General ","2021-11-02 00:00:00","BRISTOL CITY","##AB - Central Absentee Precinct","00","Local","0","509","0","0","509","0","0","0"
"2021 November General ","2021-11-02 00:00:00","BRISTOL CITY","##AB - Central Absentee Precinct","09","Congressional","0","502","0","0","502","0","0","0"
"2021 November General ","2021-11-02 00:00:00","BRISTOL CITY","##EV - Central Absentee Precinct","00","Local","0","1212","0","0","1212","0","0","0"
"2021 November General ","2021-11-02 00:00:00","BRISTOL CITY","##EV - Central Absentee Precinct","09","Congressional","0","1212","0","0","1212","0","0","0"
"2021 November General ","2021-11-02 00:00:00","BRISTOL CITY","##PE - Central Absentee Precinct","00","Local","0","9","0","0","9","0","0","0"
"2021 November General ","2021-11-02 00:00:00","BRISTOL CITY","##PE - Central Absentee Precinct","09","Congressional","0","9","0","0","9","0","0","0"
"2021 November General ","2021-11-02 00:00:00","BRISTOL CITY","001 - FIRST WARD","09","Congressional","0","0","613","14","613","2163","183","2346"
"2021 November General ","2021-11-02 00:00:00","BRISTOL CITY","002 - SECOND WARD","09","Congressional","3","0","884","2","887","2607","246","2853"
"2021 November General ","2021-11-02 00:00:00","BRISTOL CITY","003 - THIRD WARD","09","Congressional","0","0","447","7","447","2290","219","2509"
"2021 November General ","2021-11-02 00:00:00","BRISTOL CITY","004 - FOURTH WARD","09","Congressional","1","0","1489","34","1490","3886","212","4098"
"2021 November General ","2021-11-02 00:00:00","BRUNSWICK COUNTY","##AB - Central Absentee Precinct","00","Local","0","409","0","0","409","0","0","0"
"2021 November General ","2021-11-02 00:00:00","BRUNSWICK COUNTY","##AB - Central Absentee Precinct","05","Congressional","0","409","0","0","409","0","0","0"
"2021 November General ","2021-11-02 00:00:00","BRUNSWICK COUNTY","##EV - Central Absentee Precinct","00","Local","0","1683","0","81","1683","0","0","0"
"2021 November General ","2021-11-02 00:00:00","BRUNSWICK COUNTY","##EV - Central Absentee Precinct","05","Congressional","0","1683","0","81","1683","0","0","0"
"2021 November General ","2021-11-02 00:00:00","BRUNSWICK COUNTY","##PE - Central Absentee Precinct","00","Local","0","3","0","0","3","0","0","0"
"2021 November General ","2021-11-02 00:00:00","BRUNSWICK COUNTY","##PE - Central Absentee Precinct","05","Congressional","0","3","0","0","3","0","0","0"
"2021 November General ","2021-11-02 00:00:00","BRUNSWICK COUNTY","101 - BRODNAX","05","Congressional","0","0","246","9","246","550","12","562"
"2021 November General ","2021-11-02 00:00:00","BRUNSWICK COUNTY","102 - ROCK STORE","05","Congressional","0","0","364","12","364","891","11","902"
"2021 November General ","2021-11-02 00:00:00","BRUNSWICK COUNTY","103 - TILLMAN","05","Congressional","1","0","483","5","484","974","31","1005"
"2021 November General ","2021-11-02 00:00:00","BRUNSWICK COUNTY","201 - DROMGOOLE","05","Congressional","0","0","145","0","145","295","10","305"
"2021 November General ","2021-11-02 00:00:00","BRUNSWICK COUNTY","202 - EDGERTON","05","Congressional","0","0","299","8","299","1015","34","1049"
"2021 November General ","2021-11-02 00:00:00","BRUNSWICK COUNTY","203 - FITZHUGH","05","Congressional","0","0","297","4","297","773","13","786"
"2021 November General ","2021-11-02 00:00:00","BRUNSWICK COUNTY","301 - ALBERTA","05","Congressional","0","0","120","3","120","237","4","241"
"2021 November General ","2021-11-02 00:00:00","BRUNSWICK COUNTY","302 - DANIELTOWN","05","Congressional","0","0","448","4","448","955","29","984"
"2021 November General ","2021-11-02 00:00:00","BRUNSWICK COUNTY","303 - ELMORE","05","Congressional","0","0","202","3","202","459","8","467"
"2021 November General ","2021-11-02 00:00:00","BRUNSWICK COUNTY","304 - SEYMOUR","05","Congressional","0","0","209","7","209","443","13","456"
"2021 November General ","2021-11-02 00:00:00","BRUNSWICK COUNTY","401 - STURGEON","05","Congressional","1","0","552","5","553","1641","36","1677"
"2021 November General ","2021-11-02 00:00:00","BRUNSWICK COUNTY","402 - KING'S STORE","05","Congressional","0","0","220","10","220","501","7","508"
"2021 November General ","2021-11-02 00:00:00","BRUNSWICK COUNTY","501 - TOTARO","05","Congressional","2","0","423","22","425","1938","63","2001"
"2021 November General ","2021-11-02 00:00:00","BUCHANAN COUNTY","##AB - Central Absentee Precinct","00","Local","0","259","0","0","259","0","0","0"
"2021 November General ","2021-11-02 00:00:00","BUCHANAN COUNTY","##AB - Central Absentee Precinct","09","Congressional","0","259","0","0","259","0","0","0"
"2021 November General ","2021-11-02 00:00:00","BUCHANAN COUNTY","##EV - Central Absentee Precinct","00","Local","0","797","0","0","797","0","0","0"
"2021 November General ","2021-11-02 00:00:00","BUCHANAN COUNTY","##EV - Central Absentee Precinct","09","Congressional","0","797","0","0","797","0","0","0"
"2021 November General ","2021-11-02 00:00:00","BUCHANAN COUNTY","##PE - Central Absentee Precinct","00","Local","0","4","0","0","4","0","0","0"
"2021 November General ","2021-11-02 00:00:00","BUCHANAN COUNTY","##PE - Central Absentee Precinct","09","Congressional","0","4","0","0","4","0","0","0"
"2021 November General ","2021-11-02 00:00:00","BUCHANAN COUNTY","102 - BLACKEY","09","Congressional","0","0","247","0","247","684","9","693"
"2021 November General ","2021-11-02 00:00:00","BUCHANAN COUNTY","103 - HURLEY","09","Congressional","0","0","468","0","468","1632","49","1681"
"2021 November General ","2021-11-02 00:00:00","BUCHANAN COUNTY","201 - GRASSY","09","Congressional","0","0","72","0","72","189","5","194"
"2021 November General ","2021-11-02 00:00:00","BUCHANAN COUNTY","202 - BULL","09","Congressional","0","0","331","1","331","915","23","938"
"2021 November General ","2021-11-02 00:00:00","BUCHANAN COUNTY","203 - ROCKLICK","09","Congressional","1","0","315","0","316","1075","35","1110"
"2021 November General ","2021-11-02 00:00:00","BUCHANAN COUNTY","301 - SLATE","09","Congressional","0","0","368","0","368","1163","23","1186"
"2021 November General ","2021-11-02 00:00:00","BUCHANAN COUNTY","302 - NORTH GRUNDY","09","Congressional","0","0","305","0","305","1099","65","1164"
"2021 November General ","2021-11-02 00:00:00","BUCHANAN COUNTY","403 - SOUTH GRUNDY","09","Congressional","0","0","481","0","481","1477","65","1542"
"2021 November General ","2021-11-02 00:00:00","BUCHANAN COUNTY","404 - OAKWOOD","09","Congressional","0","0","57","0","57","126","8","134"
"2021 November General ","2021-11-02 00:00:00","BUCHANAN COUNTY","501 - PRATER","09","Congressional","0","0","345","4","345","975","21","996"
"2021 November General ","2021-11-02 00:00:00","BUCHANAN COUNTY","502 - FOX","09","Congressional","0","0","93","0","93","285","7","292"
"2021 November General ","2021-11-02 00:00:00","BUCHANAN COUNTY","503 - VANSANT","09","Congressional","0","0","346","0","346","847","22","869"
"2021 November General ","2021-11-02 00:00:00","BUCHANAN COUNTY","601 - COUNCIL","09","Congressional","0","0","238","0","238","583","9","592"
"2021 November General ","2021-11-02 00:00:00","BUCHANAN COUNTY","602 - GARDEN","09","Congressional","0","0","343","0","343","871","20","891"
"2021 November General ","2021-11-02 00:00:00","BUCHANAN COUNTY","603 - HURRICANE","09","Congressional","0","0","220","1","220","571","17","588"
"2021 November General ","2021-11-02 00:00:00","BUCHANAN COUNTY","701 - WHITEWOOD","09","Congressional","0","0","400","0","400","1153","43","1196"
"2021 November General ","2021-11-02 00:00:00","BUCHANAN COUNTY","702 - CONTRARY","09","Congressional","0","0","322","0","322","848","21","869"
"2021 November General ","2021-11-02 00:00:00","BUCKINGHAM COUNTY","##AB - Central Absentee Precinct","00","Local","0","394","0","0","394","0","0","0"
"2021 November General ","2021-11-02 00:00:00","BUCKINGHAM COUNTY","##AB - Central Absentee Precinct","05","Congressional","0","394","0","0","394","0","0","0"
"2021 November General ","2021-11-02 00:00:00","BUCKINGHAM COUNTY","##EV - Central Absentee Precinct","00","Local","0","1641","0","26","1641","0","0","0"
"2021 November General ","2021-11-02 00:00:00","BUCKINGHAM COUNTY","##EV - Central Absentee Precinct","05","Congressional","0","1641","0","26","1641","0","0","0"
"2021 November General ","2021-11-02 00:00:00","BUCKINGHAM COUNTY","##PE - Central Absentee Precinct","00","Local","0","8","0","0","8","0","0","0"
"2021 November General ","2021-11-02 00:00:00","BUCKINGHAM COUNTY","##PE - Central Absentee Precinct","05","Congressional","0","8","0","0","8","0","0","0"
"2021 November General ","2021-11-02 00:00:00","BUCKINGHAM COUNTY","101 - NEW CANTON","05","Congressional","3","0","615","7","618","1453","18","1471"
"2021 November General ","2021-11-02 00:00:00","BUCKINGHAM COUNTY","102  - GEORGIA CREEK","05","Congressional","0","0","191","4","191","368","11","379"
"2021 November General ","2021-11-02 00:00:00","BUCKINGHAM COUNTY","201 - WHITE HALL","05","Congressional","0","0","342","3","342","955","30","985"
"2021 November General ","2021-11-02 00:00:00","BUCKINGHAM COUNTY","301 - CURDSVILLE","05","Congressional","1","0","451","7","452","1035","29","1064"
"2021 November General ","2021-11-02 00:00:00","BUCKINGHAM COUNTY","302 - NEW STORE","05","Congressional","1","0","351","2","352","743","24","767"
"2021 November General ","2021-11-02 00:00:00","BUCKINGHAM COUNTY","401 - MAYSVILLE","05","Congressional","0","0","625","5","625","1780","34","1814"
"2021 November General ","2021-11-02 00:00:00","BUCKINGHAM COUNTY","501 - WRIGHTS","05","Congressional","0","0","259","2","259","712","18","730"
"2021 November General ","2021-11-02 00:00:00","BUCKINGHAM COUNTY","502 - GLENMORE","05","Congressional","0","0","399","3","399","1001","36","1037"
"2021 November General ","2021-11-02 00:00:00","BUCKINGHAM COUNTY","601 - SLATE RIVER","05","Congressional","0","0","522","11","522","1555","74","1629"
"2021 November General ","2021-11-02 00:00:00","BUCKINGHAM COUNTY","701 - GOLD HILL","05","Congressional","2","0","366","2","368","938","22","960"
"2021 November General ","2021-11-02 00:00:00","BUENA VISTA CITY","##AB - Central Absentee Precinct","00","Local","0","148","0","0","148","0","0","0"
"2021 November General ","2021-11-02 00:00:00","BUENA VISTA CITY","##AB - Central Absentee Precinct","06","Congressional","0","148","0","0","148","0","0","0"
"2021 November General ","2021-11-02 00:00:00","BUENA VISTA CITY","##EV - Central Absentee Precinct","00","Local","0","576","0","0","576","0","0","0"
"2021 November General ","2021-11-02 00:00:00","BUENA VISTA CITY","##EV - Central Absentee Precinct","06","Congressional","0","576","0","0","576","0","0","0"
"2021 November General ","2021-11-02 00:00:00","BUENA VISTA CITY","##PE - Central Absentee Precinct","00","Local","0","2","0","0","2","0","0","0"
"2021 November General ","2021-11-02 00:00:00","BUENA VISTA CITY","##PE - Central Absentee Precinct","06","Congressional","0","2","0","0","2","0","0","0"
"2021 November General ","2021-11-02 00:00:00","BUENA VISTA CITY","001 - FIRST WARD","06","Congressional","0","0","712","0","712","2087","91","2178"
"2021 November General ","2021-11-02 00:00:00","BUENA VISTA CITY","002 - SECOND WARD","06","Congressional","1","0","525","0","526","1928","205","2133"
"2021 November General ","2021-11-02 00:00:00","CAMPBELL COUNTY","##AB - Central Absentee Precinct","00","Local","0","71","0","0","71","0","0","0"
"2021 November General ","2021-11-02 00:00:00","CAMPBELL COUNTY","##AB - Central Absentee Precinct","00","Local","0","353","0","0","353","0","0","0"
"2021 November General ","2021-11-02 00:00:00","CAMPBELL COUNTY","##AB - Central Absentee Precinct","00","Local","0","486","0","0","486","0","0","0"
"2021 November General ","2021-11-02 00:00:00","CAMPBELL COUNTY","##AB - Central Absentee Precinct","00","Local","0","956","0","0","956","0","0","0"
"2021 November General ","2021-11-02 00:00:00","CAMPBELL COUNTY","##AB - Central Absentee Precinct","05","Congressional","0","954","0","0","954","0","0","0"
"2021 November General ","2021-11-02 00:00:00","CAMPBELL COUNTY","##EV - Central Absentee Precinct","00","Local","0","495","0","0","495","0","0","0"
"2021 November General ","2021-11-02 00:00:00","CAMPBELL COUNTY","##EV - Central Absentee Precinct","00","Local","0","1332","0","0","1332","0","0","0"
"2021 November General ","2021-11-02 00:00:00","CAMPBELL COUNTY","##EV - Central Absentee Precinct","00","Local","0","3172","0","0","3172","0","0","0"
"2021 November General ","2021-11-02 00:00:00","CAMPBELL COUNTY","##EV - Central Absentee Precinct","00","Local","0","5194","0","23","5194","0","0","0"
"2021 November General ","2021-11-02 00:00:00","CAMPBELL COUNTY","##EV - Central Absentee Precinct","05","Congressional","0","5194","0","23","5194","0","0","0"
"2021 November General ","2021-11-02 00:00:00","CAMPBELL COUNTY","##PE - Central Absentee Precinct","00","Local","0","2","0","0","2","0","0","0"
"2021 November General ","2021-11-02 00:00:00","CAMPBELL COUNTY","##PE - Central Absentee Precinct","00","Local","0","4","0","0","4","0","0","0"
"2021 November General ","2021-11-02 00:00:00","CAMPBELL COUNTY","##PE - Central Absentee Precinct","00","Local","0","5","0","0","5","0","0","0"
"2021 November General ","2021-11-02 00:00:00","CAMPBELL COUNTY","##PE - Central Absentee Precinct","00","Local","0","11","0","0","11","0","0","0"
"2021 November General ","2021-11-02 00:00:00","CAMPBELL COUNTY","##PE - Central Absentee Precinct","05","Congressional","0","11","0","0","11","0","0","0"
"2021 November General ","2021-11-02 00:00:00","CAMPBELL COUNTY","101 - BROOKVILLE","05","Congressional","2","0","1427","0","1429","2913","128","3041"
"2021 November General ","2021-11-02 00:00:00","CAMPBELL COUNTY","102 - NEW LONDON","05","Congressional","5","0","90","0","95","2944","299","3243"
"2021 November General ","2021-11-02 00:00:00","CAMPBELL COUNTY","102 - NEW LONDON","05","Congressional","5","0","1362","0","1367","2944","299","3243"
"2021 November General ","2021-11-02 00:00:00","CAMPBELL COUNTY","201 - WALKER","05","Congressional","6","0","1061","0","1067","2537","172","2709"
"2021 November General ","2021-11-02 00:00:00","CAMPBELL COUNTY","202 - BEDFORD SPRINGS","05","Congressional","0","0","1594","0","1594","3315","93","3408"
"2021 November General ","2021-11-02 00:00:00","CAMPBELL COUNTY","301 - EVINGTON","05","Congressional","1","0","631","0","632","1154","30","1184"
"2021 November General ","2021-11-02 00:00:00","CAMPBELL COUNTY","302 - OTTER RIVER","05","Congressional","0","0","512","0","512","1037","33","1070"
"2021 November General ","2021-11-02 00:00:00","CAMPBELL COUNTY","303 - ALTAVISTA","05","Congressional","1","0","1330","0","1331","3081","80","3161"
"2021 November General ","2021-11-02 00:00:00","CAMPBELL COUNTY","401 - THREE FORKS","05","Congressional","1","0","972","0","973","1907","35","1942"
"2021 November General ","2021-11-02 00:00:00","CAMPBELL COUNTY","402 - COURT HOUSE","05","Congressional","0","0","1463","0","1463","3584","97","3681"
"2021 November General ","2021-11-02 00:00:00","CAMPBELL COUNTY","501 - SPRING HILL","05","Congressional","0","0","311","0","311","3544","226","3770"
"2021 November General ","2021-11-02 00:00:00","CAMPBELL COUNTY","501 - SPRING HILL","05","Congressional","0","0","1053","0","1053","3544","226","3770"
"2021 November General ","2021-11-02 00:00:00","CAMPBELL COUNTY","502 - YELLOW BRANCH","05","Congressional","0","0","886","0","886","2064","56","2120"
"2021 November General ","2021-11-02 00:00:00","CAMPBELL COUNTY","601 - KINGS","05","Congressional","0","0","444","0","444","2349","84","2433"
"2021 November General ","2021-11-02 00:00:00","CAMPBELL COUNTY","601 - KINGS","05","Congressional","0","0","457","0","457","2349","84","2433"
"2021 November General ","2021-11-02 00:00:00","CAMPBELL COUNTY","602 - CONCORD","05","Congressional","0","0","1315","0","1315","2961","78","3039"
"2021 November General ","2021-11-02 00:00:00","CAMPBELL COUNTY","701 - BROOKNEAL","05","Congressional","0","0","723","0","723","1787","56","1843"
"2021 November General ","2021-11-02 00:00:00","CAMPBELL COUNTY","702 - GLADYS","05","Congressional","0","0","320","0","320","2468","53","2521"
"2021 November General ","2021-11-02 00:00:00","CAMPBELL COUNTY","702 - GLADYS","05","Congressional","0","0","616","0","616","2468","53","2521"
"2021 November General ","2021-11-02 00:00:00","CAMPBELL COUNTY","703 - MORRIS CHURCH","05","Congressional","0","0","194","0","194","952","27","979"
"2021 November General ","2021-11-02 00:00:00","CAMPBELL COUNTY","703 - MORRIS CHURCH","05","Congressional","0","0","334","0","334","952","27","979"
"2021 November General ","2021-11-02 00:00:00","CAROLINE COUNTY","##AB - Central Absentee Precinct","00","Local","0","47","0","0","47","0","0","0"
"2021 November General ","2021-11-02 00:00:00","CAROLINE COUNTY","##AB - Central Absentee Precinct","00","Local","0","142","0","0","142","0","0","0"
"2021 November General ","2021-11-02 00:00:00","CAROLINE COUNTY","##AB - Central Absentee Precinct","00","Local","0","607","0","0","607","0","0","0"
"2021 November General ","2021-11-02 00:00:00","CAROLINE COUNTY","##AB - Central Absentee Precinct","00","Local","0","798","0","0","798","0","0","0"
"2021 November General ","2021-11-02 00:00:00","CAROLINE COUNTY","##AB - Central Absentee Precinct","01","Congressional","0","798","0","0","798","0","0","0"
"2021 November General ","2021-11-02 00:00:00","CAROLINE COUNTY","##EV - Central Absentee Precinct","00","Local","0","122","0","0","122","0","0","0"
"2021 November General ","2021-11-02 00:00:00","CAROLINE COUNTY","##EV - Central Absentee Precinct","00","Local","0","531","0","0","531","0","0","0"
"2021 November General ","2021-11-02 00:00:00","CAROLINE COUNTY","##EV - Central Absentee Precinct","00","Local","0","1758","0","0","1758","0","0","0"
"2021 November General ","2021-11-02 00:00:00","CAROLINE COUNTY","##EV - Central Absentee Precinct","00","Local","0","2411","0","0","2411","0","0","0"
"2021 November General ","2021-11-02 00:00:00","CAROLINE COUNTY","##EV - Central Absentee Precinct","01","Congressional","0","2411","0","0","2411","0","0","0"
"2021 November General ","2021-11-02 00:00:00","CAROLINE COUNTY","##PE - Central Absentee Precinct","00","Local","0","2","0","0","2","0","0","0"
"2021 November General ","2021-11-02 00:00:00","CAROLINE COUNTY","##PE - Central Absentee Precinct","00","Local","0","6","0","0","6","0","0","0"
"2021 November General ","2021-11-02 00:00:00","CAROLINE COUNTY","##PE - Central Absentee Precinct","00","Local","0","16","0","0","16","0","0","0"
"2021 November General ","2021-11-02 00:00:00","CAROLINE COUNTY","##PE - Central Absentee Precinct","00","Local","0","24","0","0","24","0","0","0"
"2021 November General ","2021-11-02 00:00:00","CAROLINE COUNTY","##PE - Central Absentee Precinct","01","Congressional","0","24","0","0","24","0","0","0"
"2021 November General ","2021-11-02 00:00:00","CAROLINE COUNTY","101 - BOWLING GREEN","01","Congressional","0","0","17","0","17","1966","69","2035"
"2021 November General ","2021-11-02 00:00:00","CAROLINE COUNTY","101 - BOWLING GREEN","01","Congressional","0","0","794","0","794","1966","69","2035"
"2021 November General ","2021-11-02 00:00:00","CAROLINE COUNTY","102 - SPARTA","01","Congressional","0","0","72","2","72","1455","48","1503"
"2021 November General ","2021-11-02 00:00:00","CAROLINE COUNTY","102 - SPARTA","01","Congressional","0","0","624","0","624","1455","48","1503"
"2021 November General ","2021-11-02 00:00:00","CAROLINE COUNTY","201 - NORTH MADISON","01","Congressional","4","0","695","7","699","1724","79","1803"
"2021 November General ","2021-11-02 00:00:00","CAROLINE COUNTY","202 - SOUTH MADISON","01","Congressional","2","0","928","14","930","2337","105","2442"
"2021 November General ","2021-11-02 00:00:00","CAROLINE COUNTY","301 - PORT ROYAL","01","Congressional","2","0","428","5","430","965","44","1009"
"2021 November General ","2021-11-02 00:00:00","CAROLINE COUNTY","302 - WOODFORD","01","Congressional","4","0","234","7","238","2324","69","2393"
"2021 November General ","2021-11-02 00:00:00","CAROLINE COUNTY","302 - WOODFORD","01","Congressional","4","0","815","8","819","2324","69","2393"
"2021 November General ","2021-11-02 00:00:00","CAROLINE COUNTY","401 - DAWN","01","Congressional","5","0","1032","19","1037","2635","96","2731"
"2021 November General ","2021-11-02 00:00:00","CAROLINE COUNTY","402 - CARMEL CHURCH","01","Congressional","1","0","404","3","405","853","18","871"
"2021 November General ","2021-11-02 00:00:00","CAROLINE COUNTY","501 - WEST MATTAPONI","01","Congressional","2","0","674","6","676","1948","72","2020"
"2021 November General ","2021-11-02 00:00:00","CAROLINE COUNTY","502 - MILFORD","01","Congressional","0","0","67","6","67","1643","44","1687"
"2021 November General ","2021-11-02 00:00:00","CAROLINE COUNTY","502 - MILFORD","01","Congressional","0","0","505","12","505","1643","44","1687"
"2021 November General ","2021-11-02 00:00:00","CAROLINE COUNTY","601 - CHILESBURG","01","Congressional","0","0","898","0","898","2014","98","2112"
"2021 November General ","2021-11-02 00:00:00","CAROLINE COUNTY","602 - LAKE","01","Congressional","1","0","631","3","632","1505","88","1593"
"2021 November General ","2021-11-02 00:00:00","CARROLL COUNTY","##AB - Central Absentee Precinct","00","Local","0","720","0","0","720","0","0","0"
"2021 November General ","2021-11-02 00:00:00","CARROLL COUNTY","##AB - Central Absentee Precinct","09","Congressional","0","720","0","0","720","0","0","0"
"2021 November General ","2021-11-02 00:00:00","CARROLL COUNTY","##EV - Central Absentee Precinct","00","Local","0","1757","0","18","1757","0","0","0"
"2021 November General ","2021-11-02 00:00:00","CARROLL COUNTY","##EV - Central Absentee Precinct","09","Congressional","0","1757","0","18","1757","0","0","0"
"2021 November General ","2021-11-02 00:00:00","CARROLL COUNTY","##PE - Central Absentee Precinct","00","Local","0","30","0","0","30","0","0","0"
"2021 November General ","2021-11-02 00:00:00","CARROLL COUNTY","##PE - Central Absentee Precinct","09","Congressional","0","30","0","0","30","0","0","0"
"2021 November General ","2021-11-02 00:00:00","CARROLL COUNTY","101 - MT BETHEL","09","Congressional","0","0","393","4","393","939","26","965"
"2021 November General ","2021-11-02 00:00:00","CARROLL COUNTY","102 - ST PAUL","09","Congressional","0","0","568","12","568","1247","20","1267"
"2021 November General ","2021-11-02 00:00:00","CARROLL COUNTY","103 - LAMBSBURG","09","Congressional","0","0","338","0","338","773","11","784"
"2021 November General ","2021-11-02 00:00:00","CARROLL COUNTY","105 - FANCY GAP","09","Congressional","1","0","482","2","483","1037","28","1065"
"2021 November General ","2021-11-02 00:00:00","CARROLL COUNTY","201 - HILLSVILLE B","09","Congressional","0","0","907","3","907","2250","55","2305"
"2021 November General ","2021-11-02 00:00:00","CARROLL COUNTY","202 - LAUREL FORK","09","Congressional","0","0","436","0","436","818","17","835"
"2021 November General ","2021-11-02 00:00:00","CARROLL COUNTY","203 - GLADESBORO","09","Congressional","1","0","552","6","553","1113","22","1135"
"2021 November General ","2021-11-02 00:00:00","CARROLL COUNTY","301 - HILLSVILLE C","09","Congressional","3","0","1079","14","1082","2630","59","2689"
"2021 November General ","2021-11-02 00:00:00","CARROLL COUNTY","302 - SYLVATUS","09","Congressional","0","0","475","4","475","897","19","916"
"2021 November General ","2021-11-02 00:00:00","CARROLL COUNTY","303 - DUGSPUR","09","Congressional","2","0","254","1","256","489","8","497"
"2021 November General ","2021-11-02 00:00:00","CARROLL COUNTY","401 - OAKLAND","09","Congressional","0","0","921","20","921","1828","46","1874"
"2021 November General ","2021-11-02 00:00:00","CARROLL COUNTY","402 - WOODLAWN D","09","Congressional","0","0","784","17","784","1803","41","1844"
"2021 November General ","2021-11-02 00:00:00","CARROLL COUNTY","406 - WOODLAWN F","09","Congressional","1","0","152","0","153","356","9","365"
"2021 November General ","2021-11-02 00:00:00","CARROLL COUNTY","501 - VAUGHAN","09","Congressional","0","0","331","4","331","648","5","653"
"2021 November General ","2021-11-02 00:00:00","CARROLL COUNTY","502 - GLADEVILLE","09","Congressional","2","0","814","18","816","1630","49","1679"
"2021 November General ","2021-11-02 00:00:00","CARROLL COUNTY","503 - WOODLAWN E","09","Congressional","0","0","391","5","391","835","15","850"
"2021 November General ","2021-11-02 00:00:00","CARROLL COUNTY","504 - LAUREL","09","Congressional","1","0","454","6","455","922","30","952"
"2021 November General ","2021-11-02 00:00:00","CHARLES CITY COUNTY","##AB - Central Absentee Precinct","00","Local","0","297","0","10","297","0","0","0"
"2021 November General ","2021-11-02 00:00:00","CHARLES CITY COUNTY","##AB - Central Absentee Precinct","04","Congressional","0","297","0","10","297","0","0","0"
"2021 November General ","2021-11-02 00:00:00","CHARLES CITY COUNTY","##EV - Central Absentee Precinct","00","Local","0","1135","0","0","1135","0","0","0"
"2021 November General ","2021-11-02 00:00:00","CHARLES CITY COUNTY","##EV - Central Absentee Precinct","04","Congressional","0","1135","0","0","1135","0","0","0"
"2021 November General ","2021-11-02 00:00:00","CHARLES CITY COUNTY","##PE - Central Absentee Precinct","00","Local","0","15","0","0","15","0","0","0"
"2021 November General ","2021-11-02 00:00:00","CHARLES CITY COUNTY","##PE - Central Absentee Precinct","04","Congressional","0","15","0","0","15","0","0","0"
"2021 November General ","2021-11-02 00:00:00","CHARLES CITY COUNTY","101 - PRECINCT 1-1","04","Congressional","2","0","790","10","792","1927","49","1976"
"2021 November General ","2021-11-02 00:00:00","CHARLES CITY COUNTY","201 - PRECINCT 2-1","04","Congressional","1","0","555","24","556","1747","40","1787"
"2021 November General ","2021-11-02 00:00:00","CHARLES CITY COUNTY","301 - PRECINCT 3-1","04","Congressional","4","0","598","12","602","1839","50","1889"
"2021 November General ","2021-11-02 00:00:00","CHARLOTTE COUNTY","##AB - Central Absentee Precinct","00","Local","0","237","0","0","237","0","0","0"
"2021 November General ","2021-11-02 00:00:00","CHARLOTTE COUNTY","##AB - Central Absentee Precinct","05","Congressional","0","237","0","0","237","0","0","0"
"2021 November General ","2021-11-02 00:00:00","CHARLOTTE COUNTY","##EV - Central Absentee Precinct","00","Local","0","1091","0","0","1091","0","0","0"
"2021 November General ","2021-11-02 00:00:00","CHARLOTTE COUNTY","##EV - Central Absentee Precinct","05","Congressional","0","1091","0","0","1091","0","0","0"
"2021 November General ","2021-11-02 00:00:00","CHARLOTTE COUNTY","##PE - Central Absentee Precinct","00","Local","0","0","0","0","0","0","0","0"
"2021 November General ","2021-11-02 00:00:00","CHARLOTTE COUNTY","##PE - Central Absentee Precinct","05","Congressional","0","0","0","0","0","0","0","0"
"2021 November General ","2021-11-02 00:00:00","CHARLOTTE COUNTY","101 - COUNTY SEAT","05","Congressional","1","0","491","0","492","1253","25","1278"
"2021 November General ","2021-11-02 00:00:00","CHARLOTTE COUNTY","201 - RED OAK WYLLIESBURG","05","Congressional","0","0","587","0","587","1184","26","1210"
"2021 November General ","2021-11-02 00:00:00","CHARLOTTE COUNTY","302 - DRAKES BRANCH","05","Congressional","1","0","416","0","417","993","37","1030"
"2021 November General ","2021-11-02 00:00:00","CHARLOTTE COUNTY","401 - KEYSVILLE","05","Congressional","2","0","573","0","575","1243","34","1277"
"2021 November General ","2021-11-02 00:00:00","CHARLOTTE COUNTY","501 - CULLEN/RED HOUSE","05","Congressional","0","0","422","0","422","1104","31","1135"
"2021 November General ","2021-11-02 00:00:00","CHARLOTTE COUNTY","602 - PHENIX","05","Congressional","0","0","600","0","600","1227","27","1254"
"2021 November General ","2021-11-02 00:00:00","CHARLOTTE COUNTY","702 - BACON/SAXE","05","Congressional","0","0","362","0","362","1124","29","1153"
"2021 November General ","2021-11-02 00:00:00","CHARLOTTESVILLE CITY","##AB - Central Absentee Precinct","00","Local","0","2078","0","0","2078","0","0","0"
"2021 November General ","2021-11-02 00:00:00","CHARLOTTESVILLE CITY","##AB - Central Absentee Precinct","05","Congressional","2","2078","0","0","2080","0","0","0"
"2021 November General ","2021-11-02 00:00:00","CHARLOTTESVILLE CITY","##EV - Central Absentee Precinct","00","Local","0","0","4543","0","4543","0","0","0"
"2021 November General ","2021-11-02 00:00:00","CHARLOTTESVILLE CITY","##EV - Central Absentee Precinct","05","Congressional","0","0","4543","0","4543","0","0","0"
"2021 November General ","2021-11-02 00:00:00","CHARLOTTESVILLE CITY","##PE - Central Absentee Precinct","00","Local","0","164","0","0","164","0","0","0"
"2021 November General ","2021-11-02 00:00:00","CHARLOTTESVILLE CITY","##PE - Central Absentee Precinct","05","Congressional","0","164","0","0","164","0","0","0"
"2021 November General ","2021-11-02 00:00:00","CHARLOTTESVILLE CITY","101 - Key Recreation","05","Congressional","6","0","1318","0","1324","3830","291","4121"
"2021 November General ","2021-11-02 00:00:00","CHARLOTTESVILLE CITY","102 - CLARK","05","Congressional","10","0","1494","0","1504","4131","238","4369"
"2021 November General ","2021-11-02 00:00:00","CHARLOTTESVILLE CITY","201 - CARVER","05","Congressional","7","0","1118","0","1125","3589","356","3945"
"2021 November General ","2021-11-02 00:00:00","CHARLOTTESVILLE CITY","202 - WALKER","05","Congressional","14","0","1743","0","1757","4126","168","4294"
"2021 November General ","2021-11-02 00:00:00","CHARLOTTESVILLE CITY","301 - BENJAMIN TONSLER","05","Congressional","10","0","1099","0","1109","3526","287","3813"
"2021 November General ","2021-11-02 00:00:00","CHARLOTTESVILLE CITY","302 - JOHNSON","05","Congressional","13","0","1588","0","1601","4188","298","4486"
"2021 November General ","2021-11-02 00:00:00","CHARLOTTESVILLE CITY","303 - BUFORD","05","Congressional","13","0","605","0","618","2193","262","2455"
"2021 November General ","2021-11-02 00:00:00","CHARLOTTESVILLE CITY","401 - VENABLE","05","Congressional","18","0","637","0","655","2526","437","2963"
"2021 November General ","2021-11-02 00:00:00","CHARLOTTESVILLE CITY","402 - ALUMNI HALL","05","Congressional","8","0","945","0","953","2735","367","3102"
"2021 November General ","2021-11-02 00:00:00","CHESAPEAKE CITY","##AB - Central Absentee Precinct","00","Local","0","118","0","0","118","0","0","0"
"2021 November General ","2021-11-02 00:00:00","CHESAPEAKE CITY","##AB - Central Absentee Precinct","00","Local","0","397","0","0","397","0","0","0"
"2021 November General ","2021-11-02 00:00:00","CHESAPEAKE CITY","##AB - Central Absentee Precinct","00","Local","0","740","0","0","740","0","0","0"
"2021 November General ","2021-11-02 00:00:00","CHESAPEAKE CITY","##AB - Central Absentee Precinct","00","Local","0","1125","0","0","1125","0","0","0"
"2021 November General ","2021-11-02 00:00:00","CHESAPEAKE CITY","##AB - Central Absentee Precinct","00","Local","0","2442","0","0","2442","0","0","0"
"2021 November General ","2021-11-02 00:00:00","CHESAPEAKE CITY","##AB - Central Absentee Precinct","00","Local","0","2793","0","0","2793","0","0","0"
"2021 November General ","2021-11-02 00:00:00","CHESAPEAKE CITY","##AB - Central Absentee Precinct","00","Local","0","7615","0","0","7615","0","0","0"
"2021 November General ","2021-11-02 00:00:00","CHESAPEAKE CITY","##AB - Central Absentee Precinct","03","Congressional","10","3421","0","0","3431","0","0","0"
"2021 November General ","2021-11-02 00:00:00","CHESAPEAKE CITY","##AB - Central Absentee Precinct","04","Congressional","10","4194","0","0","4204","0","0","0"
"2021 November General ","2021-11-02 00:00:00","CHESAPEAKE CITY","##EV - Central Absentee Precinct","00","Local","0","440","0","1","440","0","0","0"
"2021 November General ","2021-11-02 00:00:00","CHESAPEAKE CITY","##EV - Central Absentee Precinct","00","Local","0","1466","0","24","1466","0","0","0"
"2021 November General ","2021-11-02 00:00:00","CHESAPEAKE CITY","##EV - Central Absentee Precinct","00","Local","0","3174","0","0","3174","0","0","0"
"2021 November General ","2021-11-02 00:00:00","CHESAPEAKE CITY","##EV - Central Absentee Precinct","00","Local","0","4454","0","50","4454","0","0","0"
"2021 November General ","2021-11-02 00:00:00","CHESAPEAKE CITY","##EV - Central Absentee Precinct","00","Local","0","9025","0","150","9025","0","0","0"
"2021 November General ","2021-11-02 00:00:00","CHESAPEAKE CITY","##EV - Central Absentee Precinct","00","Local","0","12999","0","201","12999","0","0","0"
"2021 November General ","2021-11-02 00:00:00","CHESAPEAKE CITY","##EV - Central Absentee Precinct","00","Local","0","31558","0","426","31558","0","0","0"
"2021 November General ","2021-11-02 00:00:00","CHESAPEAKE CITY","##EV - Central Absentee Precinct","03","Congressional","0","12632","0","185","12632","0","0","0"
"2021 November General ","2021-11-02 00:00:00","CHESAPEAKE CITY","##EV - Central Absentee Precinct","04","Congressional","0","18926","0","241","18926","0","0","0"
"2021 November General ","2021-11-02 00:00:00","CHESAPEAKE CITY","##PE - Central Absentee Precinct","00","Local","0","10","0","0","10","0","0","0"
"2021 November General ","2021-11-02 00:00:00","CHESAPEAKE CITY","##PE - Central Absentee Precinct","00","Local","0","43","0","0","43","0","0","0"
"2021 November General ","2021-11-02 00:00:00","CHESAPEAKE CITY","##PE - Central Absentee Precinct","00","Local","0","65","0","0","65","0","0","0"
"2021 November General ","2021-11-02 00:00:00","CHESAPEAKE CITY","##PE - Central Absentee Precinct","00","Local","0","103","0","0","103","0","0","0"
"2021 November General ","2021-11-02 00:00:00","CHESAPEAKE CITY","##PE - Central Absentee Precinct","00","Local","0","246","0","0","246","0","0","0"
"2021 November General ","2021-11-02 00:00:00","CHESAPEAKE CITY","##PE - Central Absentee Precinct","00","Local","0","271","0","0","271","0","0","0"
"2021 November General ","2021-11-02 00:00:00","CHESAPEAKE CITY","##PE - Central Absentee Precinct","00","Local","0","738","0","0","738","0","0","0"
"2021 November General ","2021-11-02 00:00:00","CHESAPEAKE CITY","##PE - Central Absentee Precinct","03","Congressional","0","319","0","0","319","0","0","0"
"2021 November General ","2021-11-02 00:00:00","CHESAPEAKE CITY","##PE - Central Absentee Precinct","04","Congressional","0","419","0","0","419","0","0","0"
"2021 November General ","2021-11-02 00:00:00","CHESAPEAKE CITY","001 - GREAT BRIDGE","04","Congressional","4","0","871","4","875","2761","128","2889"
"2021 November General ","2021-11-02 00:00:00","CHESAPEAKE CITY","002 - BETHEL","04","Congressional","6","0","1129","5","1135","2610","119","2729"
"2021 November General ","2021-11-02 00:00:00","CHESAPEAKE CITY","003 - CAMELOT","03","Congressional","12","0","662","26","674","2357","138","2495"
"2021 November General ","2021-11-02 00:00:00","CHESAPEAKE CITY","004 - CHURCHLAND","03","Congressional","10","0","813","10","823","2407","122","2529"
"2021 November General ","2021-11-02 00:00:00","CHESAPEAKE CITY","005 - CRESTWOOD","03","Congressional","8","0","825","20","833","2697","182","2879"
"2021 November General ","2021-11-02 00:00:00","CHESAPEAKE CITY","006 - DEEP CREEK","04","Congressional","7","0","886","14","893","2805","167","2972"
"2021 November General ","2021-11-02 00:00:00","CHESAPEAKE CITY","007 - GREENBRIER","04","Congressional","3","0","756","9","759","2452","169","2621"
"2021 November General ","2021-11-02 00:00:00","CHESAPEAKE CITY","008 - SOUTH NORFOLK RECREATION","03","Congressional","9","0","1080","19","1089","3192","192","3384"
"2021 November General ","2021-11-02 00:00:00","CHESAPEAKE CITY","009 - BELLS MILL","04","Congressional","7","0","1344","11","1351","3759","174","3933"
"2021 November General ","2021-11-02 00:00:00","CHESAPEAKE CITY","010 - OSCAR SMITH","03","Congressional","5","0","501","3","506","1497","89","1586"
"2021 November General ","2021-11-02 00:00:00","CHESAPEAKE CITY","011 - GENEVA PARK","03","Congressional","0","0","178","0","178","2630","228","2858"
"2021 November General ","2021-11-02 00:00:00","CHESAPEAKE CITY","011 - GENEVA PARK","03","Congressional","0","0","567","28","567","2630","228","2858"
"2021 November General ","2021-11-02 00:00:00","CHESAPEAKE CITY","012 - GEORGETOWN","03","Congressional","6","0","571","20","577","2261","131","2392"
"2021 November General ","2021-11-02 00:00:00","CHESAPEAKE CITY","013 - GILMERTON","03","Congressional","7","0","923","2","930","2351","161","2512"
"2021 November General ","2021-11-02 00:00:00","CHESAPEAKE CITY","014 - GRASSFIELD","04","Congressional","6","0","853","6","859","3775","259","4034"
"2021 November General ","2021-11-02 00:00:00","CHESAPEAKE CITY","015 - GREENBRIER MIDDLE SCHOOL","03","Congressional","15","0","851","8","866","3237","401","3638"
"2021 November General ","2021-11-02 00:00:00","CHESAPEAKE CITY","016 - HICKORY GROVE","04","Congressional","9","0","1222","6","1231","2908","123","3031"
"2021 November General ","2021-11-02 00:00:00","CHESAPEAKE CITY","017 - INDIAN CREEK","04","Congressional","5","0","204","0","209","2008","90","2098"
"2021 November General ","2021-11-02 00:00:00","CHESAPEAKE CITY","017 - INDIAN CREEK","04","Congressional","5","0","758","11","763","2008","90","2098"
"2021 November General ","2021-11-02 00:00:00","CHESAPEAKE CITY","018 - INDIAN RIVER","03","Congressional","9","0","632","15","641","2369","165","2534"
"2021 November General ","2021-11-02 00:00:00","CHESAPEAKE CITY","019 - JOLLIFF","04","Congressional","4","0","684","0","688","1761","100","1861"
"2021 November General ","2021-11-02 00:00:00","CHESAPEAKE CITY","020 - E W CHITTUM","04","Congressional","4","0","1060","14","1064","2819","116","2935"
"2021 November General ","2021-11-02 00:00:00","CHESAPEAKE CITY","021 - FELLOWSHIP","03","Congressional","14","0","1005","12","1019","2758","160","2918"
"2021 November General ","2021-11-02 00:00:00","CHESAPEAKE CITY","022 - NORFOLK HIGHLANDS","03","Congressional","6","0","596","10","602","1892","104","1996"
"2021 November General ","2021-11-02 00:00:00","CHESAPEAKE CITY","023 - OAK GROVE","04","Congressional","5","0","931","24","936","3026","195","3221"
"2021 November General ","2021-11-02 00:00:00","CHESAPEAKE CITY","024 - OAKLETTE","03","Congressional","5","0","710","5","715","2726","192","2918"
"2021 November General ","2021-11-02 00:00:00","CHESAPEAKE CITY","025 - ST JULIANS","03","Congressional","6","0","737","8","743","2416","203","2619"
"2021 November General ","2021-11-02 00:00:00","CHESAPEAKE CITY","026 - JOHNSON PARK","03","Congressional","6","0","466","3","472","1473","128","1601"
"2021 November General ","2021-11-02 00:00:00","CHESAPEAKE CITY","027 - SILVERWOOD","03","Congressional","5","0","897","15","902","2697","136","2833"
"2021 November General ","2021-11-02 00:00:00","CHESAPEAKE CITY","028 - SUNRAY I","04","Congressional","0","0","224","0","224","470","22","492"
"2021 November General ","2021-11-02 00:00:00","CHESAPEAKE CITY","029 - TANGLEWOOD","03","Congressional","8","0","742","6","750","2252","100","2352"
"2021 November General ","2021-11-02 00:00:00","CHESAPEAKE CITY","030 - SOUTH NORFOLK","03","Congressional","2","0","381","8","383","1385","79","1464"
"2021 November General ","2021-11-02 00:00:00","CHESAPEAKE CITY","031 - CARVER SCHOOL","03","Congressional","4","0","738","51","742","3485","235","3720"
"2021 November General ","2021-11-02 00:00:00","CHESAPEAKE CITY","032 - PROVIDENCE","03","Congressional","15","0","777","61","792","3833","268","4101"
"2021 November General ","2021-11-02 00:00:00","CHESAPEAKE CITY","033 - WESTOVER","03","Congressional","3","0","600","5","603","1576","137","1713"
"2021 November General ","2021-11-02 00:00:00","CHESAPEAKE CITY","034 - HICKORY MIDDLE SCHOOL","04","Congressional","5","0","1211","3","1216","3420","186","3606"
"2021 November General ","2021-11-02 00:00:00","CHESAPEAKE CITY","035 - TAYLOR ROAD","03","Congressional","2","0","503","5","505","1890","161","2051"
"2021 November General ","2021-11-02 00:00:00","CHESAPEAKE CITY","036 - GREAT BRIDGE BAPTIST CHURCH","04","Congressional","6","0","950","5","956","2699","220","2919"
"2021 November General ","2021-11-02 00:00:00","CHESAPEAKE CITY","037 - BRIDGETOWN","04","Congressional","4","0","978","6","982","2808","146","2954"
"2021 November General ","2021-11-02 00:00:00","CHESAPEAKE CITY","038 - BAILEY CREEK","03","Congressional","4","0","9","0","13","2258","101","2359"
"2021 November General ","2021-11-02 00:00:00","CHESAPEAKE CITY","038 - BAILEY CREEK","03","Congressional","4","0","862","8","866","2258","101","2359"
"2021 November General ","2021-11-02 00:00:00","CHESAPEAKE CITY","039 - LAKE DRUMMOND","04","Congressional","6","0","724","7","730","1994","122","2116"
"2021 November General ","2021-11-02 00:00:00","CHESAPEAKE CITY","041 - JOHN T WEST","04","Congressional","9","0","1499","6","1508","4271","241","4512"
"2021 November General ","2021-11-02 00:00:00","CHESAPEAKE CITY","042 - PARKWAYS","03","Congressional","7","0","661","8","668","2474","178","2652"
"2021 November General ","2021-11-02 00:00:00","CHESAPEAKE CITY","043 - PLEASANT CROSSING","04","Congressional","1","0","937","11","938","2463","96","2559"
"2021 November General ","2021-11-02 00:00:00","CHESAPEAKE CITY","044 - NANSEMOND","03","Congressional","2","0","767","3","769","2183","118","2301"
"2021 November General ","2021-11-02 00:00:00","CHESAPEAKE CITY","045 - SUNRAY II","04","Congressional","9","0","328","6","337","1080","65","1145"
"2021 November General ","2021-11-02 00:00:00","CHESAPEAKE CITY","046 - BELLS MILL II","04","Congressional","6","0","942","6","948","2380","122","2502"
"2021 November General ","2021-11-02 00:00:00","CHESAPEAKE CITY","048 - JOLLIFF MIDDLE SCHOOL","04","Congressional","4","0","807","20","811","3172","259","3431"
"2021 November General ","2021-11-02 00:00:00","CHESAPEAKE CITY","049 - WATERWAY","04","Congressional","7","0","764","5","771","2475","163","2638"
"2021 November General ","2021-11-02 00:00:00","CHESAPEAKE CITY","050 - RIVER WALK","04","Congressional","6","0","989","9","995","2751","193","2944"
"2021 November General ","2021-11-02 00:00:00","CHESAPEAKE CITY","051 - COOPERS WAY","04","Congressional","12","0","1547","4","1559","4144","270","4414"
"2021 November General ","2021-11-02 00:00:00","CHESAPEAKE CITY","052 - SHIPYARD ROAD","04","Congressional","3","0","747","5","750","2106","129","2235"
"2021 November General ","2021-11-02 00:00:00","CHESAPEAKE CITY","053 - FAIRWAYS","03","Congressional","2","0","1097","16","1099","4139","466","4605"
"2021 November General ","2021-11-02 00:00:00","CHESAPEAKE CITY","054 - PUGHSVILLE","03","Congressional","6","0","32","0","38","2633","182","2815"
"2021 November General ","2021-11-02 00:00:00","CHESAPEAKE CITY","054 - PUGHSVILLE","03","Congressional","6","0","635","10","641","2633","182","2815"
"2021 November General ","2021-11-02 00:00:00","CHESAPEAKE CITY","055 - GEORGETOWN EAST","03","Congressional","1","0","450","14","451","1742","93","1835"
"2021 November General ","2021-11-02 00:00:00","CHESAPEAKE CITY","056 - GREEN TREE","03","Congressional","4","0","709","15","713","2490","222","2712"
"2021 November General ","2021-11-02 00:00:00","CHESAPEAKE CITY","057 - CYPRESS","03","Congressional","4","0","677","18","681","2738","365","3103"
"2021 November General ","2021-11-02 00:00:00","CHESAPEAKE CITY","058 - EXPRESSWAY","04","Congressional","2","0","342","8","344","1081","66","1147"
"2021 November General ","2021-11-02 00:00:00","CHESAPEAKE CITY","059 - CLEARFIELD","04","Congressional","7","0","95","0","102","2538","131","2669"
"2021 November General ","2021-11-02 00:00:00","CHESAPEAKE CITY","059 - CLEARFIELD","04","Congressional","7","0","868","8","875","2538","131","2669"
"2021 November General ","2021-11-02 00:00:00","CHESAPEAKE CITY","060 - PARKER ROAD","04","Congressional","2","0","911","2","913","2895","147","3042"
"2021 November General ","2021-11-02 00:00:00","CHESAPEAKE CITY","061 - CENTERVILLE","04","Congressional","6","0","1366","5","1372","3349","159","3508"
"2021 November General ","2021-11-02 00:00:00","CHESAPEAKE CITY","062 - FENTRESS","04","Congressional","3","0","1210","8","1213","2655","101","2756"
"2021 November General ","2021-11-02 00:00:00","CHESAPEAKE CITY","063 - POPLAR BRANCH","04","Congressional","5","0","623","5","628","1792","71","1863"
"2021 November General ","2021-11-02 00:00:00","CHESAPEAKE CITY","064 - DEEP CREEK II","04","Congressional","7","0","784","7","791","2710","221","2931"
"2021 November General ","2021-11-02 00:00:00","CHESAPEAKE CITY","065 - WATERWAY II","04","Congressional","7","0","770","11","777","2957","177","3134"
"2021 November General ","2021-11-02 00:00:00","CHESTERFIELD COUNTY","##AB - Central Absentee Precinct","00","Local","0","813","0","0","813","0","0","0"
"2021 November General ","2021-11-02 00:00:00","CHESTERFIELD COUNTY","##AB - Central Absentee Precinct","00","Local","0","1188","0","0","1188","0","0","0"
"2021 November General ","2021-11-02 00:00:00","CHESTERFIELD COUNTY","##AB - Central Absentee Precinct","00","Local","0","2079","0","0","2079","0","0","0"
"2021 November General ","2021-11-02 00:00:00","CHESTERFIELD COUNTY","##AB - Central Absentee Precinct","00","Local","0","2180","0","0","2180","0","0","0"
"2021 November General ","2021-11-02 00:00:00","CHESTERFIELD COUNTY","##AB - Central Absentee Precinct","00","Local","0","2516","0","0","2516","0","0","0"
"2021 November General ","2021-11-02 00:00:00","CHESTERFIELD COUNTY","##AB - Central Absentee Precinct","00","Local","0","2942","0","0","2942","0","0","0"
"2021 November General ","2021-11-02 00:00:00","CHESTERFIELD COUNTY","##AB - Central Absentee Precinct","00","Local","0","3402","0","0","3402","0","0","0"
"2021 November General ","2021-11-02 00:00:00","CHESTERFIELD COUNTY","##AB - Central Absentee Precinct","00","Local","0","15120","0","0","15120","0","0","0"
"2021 November General ","2021-11-02 00:00:00","CHESTERFIELD COUNTY","##AB - Central Absentee Precinct","04","Congressional","1","3569","0","0","3570","0","0","0"
"2021 November General ","2021-11-02 00:00:00","CHESTERFIELD COUNTY","##AB - Central Absentee Precinct","07","Congressional","7","11551","0","0","11558","0","0","0"
"2021 November General ","2021-11-02 00:00:00","CHESTERFIELD COUNTY","##EV - Central Absentee Precinct","00","Local","0","2972","0","255","2972","0","0","0"
"2021 November General ","2021-11-02 00:00:00","CHESTERFIELD COUNTY","##EV - Central Absentee Precinct","00","Local","0","4538","0","211","4538","0","0","0"
"2021 November General ","2021-11-02 00:00:00","CHESTERFIELD COUNTY","##EV - Central Absentee Precinct","00","Local","0","6744","0","237","6744","0","0","0"
"2021 November General ","2021-11-02 00:00:00","CHESTERFIELD COUNTY","##EV - Central Absentee Precinct","00","Local","0","7879","0","230","7879","0","0","0"
"2021 November General ","2021-11-02 00:00:00","CHESTERFIELD COUNTY","##EV - Central Absentee Precinct","00","Local","0","7898","0","525","7898","0","0","0"
"2021 November General ","2021-11-02 00:00:00","CHESTERFIELD COUNTY","##EV - Central Absentee Precinct","00","Local","0","10418","0","771","10418","0","0","0"
"2021 November General ","2021-11-02 00:00:00","CHESTERFIELD COUNTY","##EV - Central Absentee Precinct","00","Local","0","12792","0","678","12792","0","0","0"
"2021 November General ","2021-11-02 00:00:00","CHESTERFIELD COUNTY","##EV - Central Absentee Precinct","00","Local","0","53241","0","0","53241","0","0","0"
"2021 November General ","2021-11-02 00:00:00","CHESTERFIELD COUNTY","##EV - Central Absentee Precinct","04","Congressional","0","15782","0","1125","15782","0","0","0"
"2021 November General ","2021-11-02 00:00:00","CHESTERFIELD COUNTY","##EV - Central Absentee Precinct","07","Congressional","0","37459","0","1782","37459","0","0","0"
"2021 November General ","2021-11-02 00:00:00","CHESTERFIELD COUNTY","##PE - Central Absentee Precinct","00","Local","0","61","0","0","61","0","0","0"
"2021 November General ","2021-11-02 00:00:00","CHESTERFIELD COUNTY","##PE - Central Absentee Precinct","00","Local","0","62","0","0","62","0","0","0"
"2021 November General ","2021-11-02 00:00:00","CHESTERFIELD COUNTY","##PE - Central Absentee Precinct","00","Local","0","154","0","0","154","0","0","0"
"2021 November General ","2021-11-02 00:00:00","CHESTERFIELD COUNTY","##PE - Central Absentee Precinct","00","Local","0","204","0","0","204","0","0","0"
"2021 November General ","2021-11-02 00:00:00","CHESTERFIELD COUNTY","##PE - Central Absentee Precinct","00","Local","0","207","0","0","207","0","0","0"
"2021 November General ","2021-11-02 00:00:00","CHESTERFIELD COUNTY","##PE - Central Absentee Precinct","00","Local","0","231","0","0","231","0","0","0"
"2021 November General ","2021-11-02 00:00:00","CHESTERFIELD COUNTY","##PE - Central Absentee Precinct","00","Local","0","288","0","0","288","0","0","0"
"2021 November General ","2021-11-02 00:00:00","CHESTERFIELD COUNTY","##PE - Central Absentee Precinct","00","Local","0","1207","0","0","1207","0","0","0"
"2021 November General ","2021-11-02 00:00:00","CHESTERFIELD COUNTY","##PE - Central Absentee Precinct","04","Congressional","0","286","0","0","286","0","0","0"
"2021 November General ","2021-11-02 00:00:00","CHESTERFIELD COUNTY","##PE - Central Absentee Precinct","07","Congressional","0","921","0","0","921","0","0","0"
"2021 November General ","2021-11-02 00:00:00","CHESTERFIELD COUNTY","101 - BELLWOOD","04","Congressional","4","0","813","26","817","2526","195","2721"
"2021 November General ","2021-11-02 00:00:00","CHESTERFIELD COUNTY","102 - SOUTH CHESTER","04","Congressional","0","0","1190","37","1190","3458","260","3718"
"2021 November General ","2021-11-02 00:00:00","CHESTERFIELD COUNTY","103 - ENON","04","Congressional","3","0","1776","86","1779","4632","255","4887"
"2021 November General ","2021-11-02 00:00:00","CHESTERFIELD COUNTY","104 - NORTH CHESTER","04","Congressional","4","0","1338","72","1342","3948","201","4149"
"2021 November General ","2021-11-02 00:00:00","CHESTERFIELD COUNTY","105 - DREWRYS BLUFF","07","Congressional","1","0","737","14","738","2970","205","3175"
"2021 November General ","2021-11-02 00:00:00","CHESTERFIELD COUNTY","106 - HARROWGATE","04","Congressional","6","0","1591","86","1597","4998","428","5426"
"2021 November General ","2021-11-02 00:00:00","CHESTERFIELD COUNTY","107 - WELLS","04","Congressional","5","0","1173","35","1178","3265","234","3499"
"2021 November General ","2021-11-02 00:00:00","CHESTERFIELD COUNTY","108 - ECOFF","04","Congressional","3","0","1380","55","1383","5024","261","5285"
"2021 November General ","2021-11-02 00:00:00","CHESTERFIELD COUNTY","109 - ELIZABETH SCOTT","04","Congressional","10","0","1840","52","1850","5265","286","5551"
"2021 November General ","2021-11-02 00:00:00","CHESTERFIELD COUNTY","110 - DUTCH GAP","04","Congressional","0","0","982","34","982","2248","106","2354"
"2021 November General ","2021-11-02 00:00:00","CHESTERFIELD COUNTY","111 - IRON BRIDGE","04","Congressional","0","0","748","16","748","2795","159","2954"
"2021 November General ","2021-11-02 00:00:00","CHESTERFIELD COUNTY","112 - CARVER","04","Congressional","6","0","921","33","927","2858","135","2993"
"2021 November General ","2021-11-02 00:00:00","CHESTERFIELD COUNTY","113 - IRON BRIDGE NORTH","04","Congressional","8","0","835","25","843","3033","238","3271"
"2021 November General ","2021-11-02 00:00:00","CHESTERFIELD COUNTY","201 - GATES","04","Congressional","0","0","794","38","794","2714","172","2886"
"2021 November General ","2021-11-02 00:00:00","CHESTERFIELD COUNTY","202 - BEULAH","07","Congressional","3","0","1229","31","1232","4081","179","4260"
"2021 November General ","2021-11-02 00:00:00","CHESTERFIELD COUNTY","203 - BIRD","04","Congressional","0","0","565","18","565","1864","86","1950"
"2021 November General ","2021-11-02 00:00:00","CHESTERFIELD COUNTY","204 - JACOBS","07","Congressional","6","0","789","15","795","2028","86","2114"
"2021 November General ","2021-11-02 00:00:00","CHESTERFIELD COUNTY","205 - FALLING CREEK","07","Congressional","2","0","950","68","952","3634","190","3824"
"2021 November General ","2021-11-02 00:00:00","CHESTERFIELD COUNTY","206 - BELMONT","07","Congressional","0","0","564","11","564","2021","192","2213"
"2021 November General ","2021-11-02 00:00:00","CHESTERFIELD COUNTY","207 - CHIPPENHAM","07","Congressional","1","0","343","24","344","1255","111","1366"
"2021 November General ","2021-11-02 00:00:00","CHESTERFIELD COUNTY","208 - MEADOWBROOK","07","Congressional","1","0","861","37","862","3221","166","3387"
"2021 November General ","2021-11-02 00:00:00","CHESTERFIELD COUNTY","209 - SALEM CHURCH","04","Congressional","1","0","965","29","966","3419","161","3580"
"2021 November General ","2021-11-02 00:00:00","CHESTERFIELD COUNTY","210 - FIVE FORKS","07","Congressional","7","0","1463","0","1470","4566","190","4756"
"2021 November General ","2021-11-02 00:00:00","CHESTERFIELD COUNTY","211 - NASH","04","Congressional","4","0","1470","6","1474","4690","151","4841"
"2021 November General ","2021-11-02 00:00:00","CHESTERFIELD COUNTY","212 - ST. LUKE'S","07","Congressional","1","0","704","16","705","2064","75","2139"
"2021 November General ","2021-11-02 00:00:00","CHESTERFIELD COUNTY","213 - SOUTHSIDE","07","Congressional","0","0","562","21","562","1976","115","2091"
"2021 November General ","2021-11-02 00:00:00","CHESTERFIELD COUNTY","214 - HOPKINS","07","Congressional","1","0","143","2","144","699","61","760"
"2021 November General ","2021-11-02 00:00:00","CHESTERFIELD COUNTY","215 - North Bird","07","Congressional","0","0","452","6","452","1588","41","1629"
"2021 November General ","2021-11-02 00:00:00","CHESTERFIELD COUNTY","216 - RIDGEDALE","07","Congressional","7","0","851","16","858","3332","123","3455"
"2021 November General ","2021-11-02 00:00:00","CHESTERFIELD COUNTY","301 - ETTRICK","04","Congressional","3","0","867","54","870","4678","796","5474"
"2021 November General ","2021-11-02 00:00:00","CHESTERFIELD COUNTY","302 - DEER RUN","07","Congressional","1","0","452","11","453","1366","38","1404"
"2021 November General ","2021-11-02 00:00:00","CHESTERFIELD COUNTY","303 - MATOACA","04","Congressional","4","0","1301","34","1305","4369","205","4574"
"2021 November General ","2021-11-02 00:00:00","CHESTERFIELD COUNTY","304 - WINFREES STORE","04","Congressional","0","0","987","20","987","2584","100","2684"
"2021 November General ","2021-11-02 00:00:00","CHESTERFIELD COUNTY","305 - BEACH","04","Congressional","3","0","509","9","512","1272","39","1311"
"2021 November General ","2021-11-02 00:00:00","CHESTERFIELD COUNTY","306 - WINTERPOCK","07","Congressional","3","0","1623","65","1626","3887","96","3983"
"2021 November General ","2021-11-02 00:00:00","CHESTERFIELD COUNTY","307 - COSBY","07","Congressional","3","0","2325","16","2328","6180","259","6439"
"2021 November General ","2021-11-02 00:00:00","CHESTERFIELD COUNTY","308 - SOUTH MANCHESTER","07","Congressional","4","0","405","6","409","1348","154","1502"
"2021 November General ","2021-11-02 00:00:00","CHESTERFIELD COUNTY","309 - SKINQUARTER","07","Congressional","3","0","1309","10","1312","3334","102","3436"
"2021 November General ","2021-11-02 00:00:00","CHESTERFIELD COUNTY","310 - TOMAHAWK","07","Congressional","6","0","1437","43","1443","3237","141","3378"
"2021 November General ","2021-11-02 00:00:00","CHESTERFIELD COUNTY","313 - WOOLRIDGE","07","Congressional","7","0","1866","8","1873","4975","207","5182"
"2021 November General ","2021-11-02 00:00:00","CHESTERFIELD COUNTY","314 - LONGHOUSE","04","Congressional","3","0","643","10","646","1737","60","1797"
"2021 November General ","2021-11-02 00:00:00","CHESTERFIELD COUNTY","315 - BAILEY BRIDGE","07","Congressional","3","0","1310","24","1313","3661","120","3781"
"2021 November General ","2021-11-02 00:00:00","CHESTERFIELD COUNTY","316 - SPRING RUN","07","Congressional","4","0","1339","26","1343","3421","145","3566"
"2021 November General ","2021-11-02 00:00:00","CHESTERFIELD COUNTY","317 - BIRKDALE","07","Congressional","1","0","1627","82","1628","4908","171","5079"
"2021 November General ","2021-11-02 00:00:00","CHESTERFIELD COUNTY","318 - WEST BEACH","07","Congressional","1","0","465","6","466","1182","40","1222"
"2021 November General ","2021-11-02 00:00:00","CHESTERFIELD COUNTY","319 - MAGNOLIA","07","Congressional","17","0","2079","9","2096","5298","156","5454"
"2021 November General ","2021-11-02 00:00:00","CHESTERFIELD COUNTY","401 - HARBOUR POINTE","07","Congressional","3","0","823","23","826","2111","103","2214"
"2021 November General ","2021-11-02 00:00:00","CHESTERFIELD COUNTY","402 - GENITO","07","Congressional","5","0","514","13","519","1831","91","1922"
"2021 November General ","2021-11-02 00:00:00","CHESTERFIELD COUNTY","403 - BRANDERMILL","07","Congressional","2","0","1411","72","1413","3595","177","3772"
"2021 November General ","2021-11-02 00:00:00","CHESTERFIELD COUNTY","404 - PROVIDENCE","07","Congressional","6","0","1047","29","1053","3220","145","3365"
"2021 November General ","2021-11-02 00:00:00","CHESTERFIELD COUNTY","405 - LA PRADE","07","Congressional","5","0","994","20","999","3225","134","3359"
"2021 November General ","2021-11-02 00:00:00","CHESTERFIELD COUNTY","406 - SMOKETREE","07","Congressional","0","0","1053","14","1053","2630","70","2700"
"2021 November General ","2021-11-02 00:00:00","CHESTERFIELD COUNTY","407 - MONACAN","07","Congressional","0","0","646","7","646","1843","66","1909"
"2021 November General ","2021-11-02 00:00:00","CHESTERFIELD COUNTY","408 - REAMS","07","Congressional","3","0","1352","56","1355","4436","207","4643"
"2021 November General ","2021-11-02 00:00:00","CHESTERFIELD COUNTY","409 - MANCHESTER","07","Congressional","2","0","784","25","786","1674","66","1740"
"2021 November General ","2021-11-02 00:00:00","CHESTERFIELD COUNTY","410 - WAGSTAFF","07","Congressional","5","0","776","16","781","2084","77","2161"
"2021 November General ","2021-11-02 00:00:00","CHESTERFIELD COUNTY","411 - SWIFT CREEK","07","Congressional","4","0","1285","28","1289","3136","154","3290"
"2021 November General ","2021-11-02 00:00:00","CHESTERFIELD COUNTY","412 - CLOVER HILL","07","Congressional","5","0","1217","22","1222","4100","188","4288"
"2021 November General ","2021-11-02 00:00:00","CHESTERFIELD COUNTY","413 - SHENANDOAH","07","Congressional","4","0","1132","9","1136","2873","138","3011"
"2021 November General ","2021-11-02 00:00:00","CHESTERFIELD COUNTY","414 - CRENSHAW","07","Congressional","4","0","1790","28","1794","5288","268","5556"
"2021 November General ","2021-11-02 00:00:00","CHESTERFIELD COUNTY","415 - EVERGREEN","07","Congressional","1","0","1147","9","1148","3327","111","3438"
"2021 November General ","2021-11-02 00:00:00","CHESTERFIELD COUNTY","416 - EVERGREEN WEST","07","Congressional","6","0","859","20","865","2412","142","2554"
"2021 November General ","2021-11-02 00:00:00","CHESTERFIELD COUNTY","417 - EDGEWATER","07","Congressional","4","0","840","4","844","1984","61","2045"
"2021 November General ","2021-11-02 00:00:00","CHESTERFIELD COUNTY","501 - HUGUENOT","07","Congressional","5","0","1090","35","1095","2411","111","2522"
"2021 November General ","2021-11-02 00:00:00","CHESTERFIELD COUNTY","502 - CRESTWOOD","07","Congressional","6","0","708","2","714","1611","84","1695"
"2021 November General ","2021-11-02 00:00:00","CHESTERFIELD COUNTY","503 - MIDLOTHIAN","07","Congressional","7","0","1438","74","1445","3763","157","3920"
"2021 November General ","2021-11-02 00:00:00","CHESTERFIELD COUNTY","504 - ROBIOUS","07","Congressional","2","0","1925","53","1927","5027","145","5172"
"2021 November General ","2021-11-02 00:00:00","CHESTERFIELD COUNTY","505 - BON AIR","07","Congressional","3","0","1459","40","1462","3087","111","3198"
"2021 November General ","2021-11-02 00:00:00","CHESTERFIELD COUNTY","506 - GREENFIELD","07","Congressional","8","0","1398","22","1406","3143","180","3323"
"2021 November General ","2021-11-02 00:00:00","CHESTERFIELD COUNTY","507 - SALISBURY","07","Congressional","3","0","2026","38","2029","4172","125","4297"
"2021 November General ","2021-11-02 00:00:00","CHESTERFIELD COUNTY","508 - BELGRADE","07","Congressional","3","0","1109","84","1112","3679","199","3878"
"2021 November General ","2021-11-02 00:00:00","CHESTERFIELD COUNTY","509 - CRANBECK","07","Congressional","10","0","908","17","918","2349","188","2537"
"2021 November General ","2021-11-02 00:00:00","CHESTERFIELD COUNTY","510 - SYCAMORE","07","Congressional","3","0","1328","27","1331","3239","103","3342"
"2021 November General ","2021-11-02 00:00:00","CHESTERFIELD COUNTY","511 - BLACK HEATH","07","Congressional","0","0","1095","4","1095","2096","52","2148"
"2021 November General ","2021-11-02 00:00:00","CHESTERFIELD COUNTY","513 - BEAUFONT","07","Congressional","1","0","556","3","557","1783","192","1975"
"2021 November General ","2021-11-02 00:00:00","CHESTERFIELD COUNTY","514 - WATKINS","07","Congressional","9","0","1495","14","1504","3836","138","3974"
"2021 November General ","2021-11-02 00:00:00","CHESTERFIELD COUNTY","515 - DAVIS","07","Congressional","0","0","861","34","861","3141","236","3377"
"2021 November General ","2021-11-02 00:00:00","CHESTERFIELD COUNTY","516 - POCOSHOCK","07","Congressional","2","0","615","18","617","1986","77","2063"
"2021 November General ","2021-11-02 00:00:00","CHESTERFIELD COUNTY","517 - ROSELAND","07","Congressional","7","0","1179","12","1186","2144","84","2228"
"2021 November General ","2021-11-02 00:00:00","CHESTERFIELD COUNTY","518 - MIDLOTHIAN NORTH","07","Congressional","7","0","1469","14","1476","4034","157","4191"
"2021 November General ","2021-11-02 00:00:00","CLARKE COUNTY","##AB - Central Absentee Precinct","00","Local","0","176","0","0","176","0","0","0"
"2021 November General ","2021-11-02 00:00:00","CLARKE COUNTY","##AB - Central Absentee Precinct","00","Local","0","295","0","0","295","0","0","0"
"2021 November General ","2021-11-02 00:00:00","CLARKE COUNTY","##AB - Central Absentee Precinct","00","Local","0","471","0","0","471","0","0","0"
"2021 November General ","2021-11-02 00:00:00","CLARKE COUNTY","##AB - Central Absentee Precinct","10","Congressional","0","471","0","0","471","0","0","0"
"2021 November General ","2021-11-02 00:00:00","CLARKE COUNTY","##EV - Central Absentee Precinct","00","Local","0","679","0","9","679","0","0","0"
"2021 November General ","2021-11-02 00:00:00","CLARKE COUNTY","##EV - Central Absentee Precinct","00","Local","0","1600","0","51","1600","0","0","0"
"2021 November General ","2021-11-02 00:00:00","CLARKE COUNTY","##EV - Central Absentee Precinct","00","Local","0","2279","0","60","2279","0","0","0"
"2021 November General ","2021-11-02 00:00:00","CLARKE COUNTY","##EV - Central Absentee Precinct","10","Congressional","0","2279","0","60","2279","0","0","0"
"2021 November General ","2021-11-02 00:00:00","CLARKE COUNTY","##PE - Central Absentee Precinct","00","Local","0","10","0","0","10","0","0","0"
"2021 November General ","2021-11-02 00:00:00","CLARKE COUNTY","##PE - Central Absentee Precinct","00","Local","0","14","0","0","14","0","0","0"
"2021 November General ","2021-11-02 00:00:00","CLARKE COUNTY","##PE - Central Absentee Precinct","00","Local","0","24","0","0","24","0","0","0"
"2021 November General ","2021-11-02 00:00:00","CLARKE COUNTY","##PE - Central Absentee Precinct","10","Congressional","0","24","0","0","24","0","0","0"
"2021 November General ","2021-11-02 00:00:00","CLARKE COUNTY","101 - RUSSELL","10","Congressional","4","0","956","7","960","2384","75","2459"
"2021 November General ","2021-11-02 00:00:00","CLARKE COUNTY","201 - BERRYVILLE","10","Congressional","0","0","750","8","750","2041","96","2137"
"2021 November General ","2021-11-02 00:00:00","CLARKE COUNTY","301 - MILLWOOD","10","Congressional","0","0","145","1","145","1746","59","1805"
"2021 November General ","2021-11-02 00:00:00","CLARKE COUNTY","301 - MILLWOOD","10","Congressional","0","0","481","8","481","1746","59","1805"
"2021 November General ","2021-11-02 00:00:00","CLARKE COUNTY","302 - PINE GROVE","10","Congressional","1","0","361","0","362","729","27","756"
"2021 November General ","2021-11-02 00:00:00","CLARKE COUNTY","401 - WHITE POST","10","Congressional","1","0","1005","12","1006","2210","87","2297"
"2021 November General ","2021-11-02 00:00:00","CLARKE COUNTY","501 - BUCKMARSH","10","Congressional","1","0","635","2","636","1571","59","1630"
"2021 November General ","2021-11-02 00:00:00","CLARKE COUNTY","502 - BLUE RIDGE","10","Congressional","0","0","323","3","323","607","23","630"
"2021 November General ","2021-11-02 00:00:00","COLONIAL HEIGHTS CITY","##AB - Central Absentee Precinct","00","Local","0","423","0","0","423","0","0","0"
"2021 November General ","2021-11-02 00:00:00","COLONIAL HEIGHTS CITY","##AB - Central Absentee Precinct","04","Congressional","0","423","0","0","423","0","0","0"
"2021 November General ","2021-11-02 00:00:00","COLONIAL HEIGHTS CITY","##EV - Central Absentee Precinct","00","Local","0","2562","0","105","2562","0","0","0"
"2021 November General ","2021-11-02 00:00:00","COLONIAL HEIGHTS CITY","##EV - Central Absentee Precinct","04","Congressional","0","2562","0","105","2562","0","0","0"
"2021 November General ","2021-11-02 00:00:00","COLONIAL HEIGHTS CITY","##PE - Central Absentee Precinct","00","Local","0","14","0","0","14","0","0","0"
"2021 November General ","2021-11-02 00:00:00","COLONIAL HEIGHTS CITY","##PE - Central Absentee Precinct","04","Congressional","0","14","0","0","14","0","0","0"
"2021 November General ","2021-11-02 00:00:00","COLONIAL HEIGHTS CITY","001 - FIRST","04","Congressional","0","0","598","6","598","1885","140","2025"
"2021 November General ","2021-11-02 00:00:00","COLONIAL HEIGHTS CITY","002 - SECOND","04","Congressional","2","0","664","5","666","2201","126","2327"
"2021 November General ","2021-11-02 00:00:00","COLONIAL HEIGHTS CITY","003 - THIRD","04","Congressional","0","0","749","1","749","2501","121","2622"
"2021 November General ","2021-11-02 00:00:00","COLONIAL HEIGHTS CITY","004 - FOURTH","04","Congressional","0","0","788","9","788","2975","148","3123"
"2021 November General ","2021-11-02 00:00:00","COLONIAL HEIGHTS CITY","005 - FIFTH","04","Congressional","0","0","932","7","932","2510","83","2593"
"2021 November General ","2021-11-02 00:00:00","COVINGTON CITY","##AB - Central Absentee Precinct","00","Local","0","361","0","7","361","0","0","0"
"2021 November General ","2021-11-02 00:00:00","COVINGTON CITY","##AB - Central Absentee Precinct","09","Congressional","0","361","0","7","361","0","0","0"
"2021 November General ","2021-11-02 00:00:00","COVINGTON CITY","##EV - Central Absentee Precinct","00","Local","0","4","0","0","4","0","0","0"
"2021 November General ","2021-11-02 00:00:00","COVINGTON CITY","##EV - Central Absentee Precinct","09","Congressional","0","4","0","0","4","0","0","0"
"2021 November General ","2021-11-02 00:00:00","COVINGTON CITY","##PE - Central Absentee Precinct","00","Local","0","0","0","0","0","0","0","0"
"2021 November General ","2021-11-02 00:00:00","COVINGTON CITY","##PE - Central Absentee Precinct","00","Local","0","2","0","0","2","0","0","0"
"2021 November General ","2021-11-02 00:00:00","COVINGTON CITY","##PE - Central Absentee Precinct","09","Congressional","0","0","0","0","0","0","0","0"
"2021 November General ","2021-11-02 00:00:00","COVINGTON CITY","101 - PRECINCT 1-1","09","Congressional","0","0","230","0","230","644","31","675"
"2021 November General ","2021-11-02 00:00:00","COVINGTON CITY","201 - PRECINCT 2-1","09","Congressional","0","0","276","0","276","744","20","764"
"2021 November General ","2021-11-02 00:00:00","COVINGTON CITY","301 - PRECINCT 3-1","09","Congressional","0","0","184","2","184","684","34","718"
"2021 November General ","2021-11-02 00:00:00","COVINGTON CITY","401 - PRECINCT 4-1","09","Congressional","0","0","357","0","357","797","26","823"
"2021 November General ","2021-11-02 00:00:00","COVINGTON CITY","501 - PRECINCT 5-1","09","Congressional","0","0","383","0","383","786","20","806"
"2021 November General ","2021-11-02 00:00:00","CRAIG COUNTY","##AB - Central Absentee Precinct","00","Local","0","92","0","0","92","0","0","0"
"2021 November General ","2021-11-02 00:00:00","CRAIG COUNTY","##AB - Central Absentee Precinct","09","Congressional","0","92","0","0","92","0","0","0"
"2021 November General ","2021-11-02 00:00:00","CRAIG COUNTY","##EV - Central Absentee Precinct","00","Local","0","467","0","5","467","0","0","0"
"2021 November General ","2021-11-02 00:00:00","CRAIG COUNTY","##EV - Central Absentee Precinct","09","Congressional","0","467","0","5","467","0","0","0"
"2021 November General ","2021-11-02 00:00:00","CRAIG COUNTY","##PE - Central Absentee Precinct","00","Local","0","1","0","0","1","0","0","0"
"2021 November General ","2021-11-02 00:00:00","CRAIG COUNTY","##PE - Central Absentee Precinct","09","Congressional","0","1","0","0","1","0","0","0"
"2021 November General ","2021-11-02 00:00:00","CRAIG COUNTY","101 - COURT HOUSE","09","Congressional","0","0","329","0","329","732","35","767"
"2021 November General ","2021-11-02 00:00:00","CRAIG COUNTY","201 - AMMENDALE PRECINCT","09","Congressional","0","0","427","1","427","788","28","816"
"2021 November General ","2021-11-02 00:00:00","CRAIG COUNTY","301 - GIVENS & REYNOLDS STORE","09","Congressional","0","0","281","6","281","455","14","469"
"2021 November General ","2021-11-02 00:00:00","CRAIG COUNTY","303 - MARSHALLS STORE","09","Congressional","0","0","201","2","201","368","7","375"
"2021 November General ","2021-11-02 00:00:00","CRAIG COUNTY","401 - BARBOURS CREEK","09","Congressional","0","0","179","6","179","349","6","355"
"2021 November General ","2021-11-02 00:00:00","CRAIG COUNTY","402 - PAINT BANK","09","Congressional","0","0","34","0","34","68","3","71"
"2021 November General ","2021-11-02 00:00:00","CRAIG COUNTY","403 - CRAIG SPRINGS","09","Congressional","0","0","177","1","177","352","12","364"
"2021 November General ","2021-11-02 00:00:00","CRAIG COUNTY","501 - CRAIG CITY","09","Congressional","0","0","317","0","317","728","16","744"
"2021 November General ","2021-11-02 00:00:00","CULPEPER COUNTY","##AB - Central Absentee Precinct","00","Local","0","499","0","0","499","0","0","0"
"2021 November General ","2021-11-02 00:00:00","CULPEPER COUNTY","##AB - Central Absentee Precinct","00","Local","0","1065","0","0","1065","0","0","0"
"2021 November General ","2021-11-02 00:00:00","CULPEPER COUNTY","##AB - Central Absentee Precinct","00","Local","0","1564","0","0","1564","0","0","0"
"2021 November General ","2021-11-02 00:00:00","CULPEPER COUNTY","##AB - Central Absentee Precinct","07","Congressional","1","1564","0","0","1565","0","0","0"
"2021 November General ","2021-11-02 00:00:00","CULPEPER COUNTY","##EV - Central Absentee Precinct","00","Local","0","1379","0","0","1379","0","0","0"
"2021 November General ","2021-11-02 00:00:00","CULPEPER COUNTY","##EV - Central Absentee Precinct","00","Local","0","3216","0","0","3216","0","0","0"
"2021 November General ","2021-11-02 00:00:00","CULPEPER COUNTY","##EV - Central Absentee Precinct","00","Local","0","4595","0","0","4595","0","0","0"
"2021 November General ","2021-11-02 00:00:00","CULPEPER COUNTY","##EV - Central Absentee Precinct","07","Congressional","0","4595","0","0","4595","0","0","0"
"2021 November General ","2021-11-02 00:00:00","CULPEPER COUNTY","##PE - Central Absentee Precinct","00","Local","0","15","0","0","15","0","0","0"
"2021 November General ","2021-11-02 00:00:00","CULPEPER COUNTY","##PE - Central Absentee Precinct","00","Local","0","25","0","0","25","0","0","0"
"2021 November General ","2021-11-02 00:00:00","CULPEPER COUNTY","##PE - Central Absentee Precinct","00","Local","0","40","0","0","40","0","0","0"
"2021 November General ","2021-11-02 00:00:00","CULPEPER COUNTY","##PE - Central Absentee Precinct","07","Congressional","0","40","0","0","40","0","0","0"
"2021 November General ","2021-11-02 00:00:00","CULPEPER COUNTY","101 - WEST FAIRFAX","07","Congressional","9","0","1482","4","1491","4629","201","4830"
"2021 November General ","2021-11-02 00:00:00","CULPEPER COUNTY","201 - EAST FAIRFAX","07","Congressional","2","0","75","0","77","4325","203","4528"
"2021 November General ","2021-11-02 00:00:00","CULPEPER COUNTY","201 - EAST FAIRFAX","07","Congressional","2","0","1134","5","1136","4325","203","4528"
"2021 November General ","2021-11-02 00:00:00","CULPEPER COUNTY","302 - EGGBORNSVILLE","07","Congressional","2","0","948","8","950","2031","59","2090"
"2021 November General ","2021-11-02 00:00:00","CULPEPER COUNTY","303 - CARDOVA","07","Congressional","2","0","753","4","755","1832","58","1890"
"2021 November General ","2021-11-02 00:00:00","CULPEPER COUNTY","304 - WILLOW SHADE","07","Congressional","0","0","294","5","294","886","43","929"
"2021 November General ","2021-11-02 00:00:00","CULPEPER COUNTY","401 - ELDORADO","07","Congressional","1","0","991","3","992","2126","64","2190"
"2021 November General ","2021-11-02 00:00:00","CULPEPER COUNTY","402 - BROWNS STORE","07","Congressional","4","0","1487","11","1491","3444","77","3521"
"2021 November General ","2021-11-02 00:00:00","CULPEPER COUNTY","501 - JEFFERSONTON","07","Congressional","3","0","1441","5","1444","2820","100","2920"
"2021 November General ","2021-11-02 00:00:00","CULPEPER COUNTY","502 - RIXEYVILLE","07","Congressional","1","0","1227","6","1228","2554","85","2639"
"2021 November General ","2021-11-02 00:00:00","CULPEPER COUNTY","601 - MITCHELLS","07","Congressional","0","0","220","1","220","422","18","440"
"2021 November General ","2021-11-02 00:00:00","CULPEPER COUNTY","602 - PEARL SAMPLE","07","Congressional","1","0","1142","6","1143","3110","100","3210"
"2021 November General ","2021-11-02 00:00:00","CULPEPER COUNTY","603 - SOUTH RIDGE","07","Congressional","0","0","369","6","369","1000","61","1061"
"2021 November General ","2021-11-02 00:00:00","CULPEPER COUNTY","702 - BRANDY STATION","07","Congressional","1","0","46","0","47","2971","96","3067"
"2021 November General ","2021-11-02 00:00:00","CULPEPER COUNTY","702 - BRANDY STATION","07","Congressional","1","0","1311","4","1312","2971","96","3067"
"2021 November General ","2021-11-02 00:00:00","CULPEPER COUNTY","703 - LIGNUM","07","Congressional","2","0","672","2","674","1396","38","1434"
"2021 November General ","2021-11-02 00:00:00","CULPEPER COUNTY","704 - RICHARDSVILLE","07","Congressional","1","0","436","6","437","759","23","782"
"2021 November General ","2021-11-02 00:00:00","CUMBERLAND COUNTY","##AB - Central Absentee Precinct","00","Local","0","226","0","0","226","0","0","0"
"2021 November General ","2021-11-02 00:00:00","CUMBERLAND COUNTY","##AB - Central Absentee Precinct","05","Congressional","0","226","0","0","226","0","0","0"
"2021 November General ","2021-11-02 00:00:00","CUMBERLAND COUNTY","##EV - Central Absentee Precinct","00","Local","0","941","0","0","941","0","0","0"
"2021 November General ","2021-11-02 00:00:00","CUMBERLAND COUNTY","##EV - Central Absentee Precinct","05","Congressional","0","941","0","0","941","0","0","0"
"2021 November General ","2021-11-02 00:00:00","CUMBERLAND COUNTY","##PE - Central Absentee Precinct","00","Local","0","3","0","0","3","0","0","0"
"2021 November General ","2021-11-02 00:00:00","CUMBERLAND COUNTY","##PE - Central Absentee Precinct","05","Congressional","0","3","0","0","3","0","0","0"
"2021 November General ","2021-11-02 00:00:00","CUMBERLAND COUNTY","101 - PRECINCT 1","05","Congressional","0","0","760","0","760","1455","39","1494"
"2021 November General ","2021-11-02 00:00:00","CUMBERLAND COUNTY","201 - PRECINCT 2","05","Congressional","1","0","597","0","598","1507","47","1554"
"2021 November General ","2021-11-02 00:00:00","CUMBERLAND COUNTY","301 - PRECINCT 3","05","Congressional","3","0","492","0","495","1362","48","1410"
"2021 November General ","2021-11-02 00:00:00","CUMBERLAND COUNTY","401 - PRECINCT 4","05","Congressional","0","0","627","0","627","1364","43","1407"
"2021 November General ","2021-11-02 00:00:00","CUMBERLAND COUNTY","501 - PRECINCT 5","05","Congressional","0","0","582","0","582","1305","52","1357"
"2021 November General ","2021-11-02 00:00:00","DANVILLE CITY","##AB - Central Absentee Precinct","00","Local","0","1210","0","0","1210","0","0","0"
"2021 November General ","2021-11-02 00:00:00","DANVILLE CITY","##AB - Central Absentee Precinct","05","Congressional","0","1210","0","0","1210","0","0","0"
"2021 November General ","2021-11-02 00:00:00","DANVILLE CITY","##EV - Central Absentee Precinct","00","Local","0","3117","0","44","3117","0","0","0"
"2021 November General ","2021-11-02 00:00:00","DANVILLE CITY","##EV - Central Absentee Precinct","05","Congressional","0","3117","0","44","3117","0","0","0"
"2021 November General ","2021-11-02 00:00:00","DANVILLE CITY","##PE - Central Absentee Precinct","00","Local","0","26","0","0","26","0","0","0"
"2021 November General ","2021-11-02 00:00:00","DANVILLE CITY","##PE - Central Absentee Precinct","05","Congressional","0","26","0","0","26","0","0","0"
"2021 November General ","2021-11-02 00:00:00","DANVILLE CITY","001 - WARD ONE","05","Congressional","0","0","223","0","223","890","58","948"
"2021 November General ","2021-11-02 00:00:00","DANVILLE CITY","002 - WARD TWO","05","Congressional","1","0","265","12","266","871","63","934"
"2021 November General ","2021-11-02 00:00:00","DANVILLE CITY","003 - WARD THREE","05","Congressional","1","0","477","5","478","1616","84","1700"
"2021 November General ","2021-11-02 00:00:00","DANVILLE CITY","004 - WARD FOUR","05","Congressional","0","0","969","8","969","3136","158","3294"
"2021 November General ","2021-11-02 00:00:00","DANVILLE CITY","006 - WARD SIX","05","Congressional","1","0","253","20","254","887","43","930"
"2021 November General ","2021-11-02 00:00:00","DANVILLE CITY","007 - WARD SEVEN","05","Congressional","2","0","377","3","379","1713","96","1809"
"2021 November General ","2021-11-02 00:00:00","DANVILLE CITY","008 - WARD EIGHT","05","Congressional","3","0","406","10","409","1464","55","1519"
"2021 November General ","2021-11-02 00:00:00","DANVILLE CITY","009 - WARD NINE","05","Congressional","1","0","420","4","421","1297","51","1348"
"2021 November General ","2021-11-02 00:00:00","DANVILLE CITY","010 - WARD TEN","05","Congressional","1","0","587","1","588","1727","74","1801"
"2021 November General ","2021-11-02 00:00:00","DANVILLE CITY","011 - WARD ELEVEN","05","Congressional","6","0","675","11","681","2448","103","2551"
"2021 November General ","2021-11-02 00:00:00","DANVILLE CITY","012 - WARD TWELVE","05","Congressional","6","0","784","7","790","2361","76","2437"
"2021 November General ","2021-11-02 00:00:00","DANVILLE CITY","013 - WARD THIRTEEN","05","Congressional","3","0","709","6","712","2219","104","2323"
"2021 November General ","2021-11-02 00:00:00","DANVILLE CITY","014 - WARD FOURTEEN","05","Congressional","0","0","91","2","91","378","20","398"
"2021 November General ","2021-11-02 00:00:00","DANVILLE CITY","015 - WARD FIFTEEN","05","Congressional","1","0","711","4","712","2073","95","2168"
"2021 November General ","2021-11-02 00:00:00","DANVILLE CITY","016 - WARD SIXTEEN","05","Congressional","1","0","886","4","887","2233","74","2307"
"2021 November General ","2021-11-02 00:00:00","DANVILLE CITY","017 - WARD SEVENTEEN","05","Congressional","0","0","717","1","717","1879","70","1949"
"2021 November General ","2021-11-02 00:00:00","DICKENSON COUNTY","##AB - Central Absentee Precinct","00","Local","0","226","0","0","226","0","0","0"
"2021 November General ","2021-11-02 00:00:00","DICKENSON COUNTY","##AB - Central Absentee Precinct","09","Congressional","1","226","0","0","227","0","0","0"
"2021 November General ","2021-11-02 00:00:00","DICKENSON COUNTY","##EV - Central Absentee Precinct","00","Local","0","1218","0","0","1218","0","0","0"
"2021 November General ","2021-11-02 00:00:00","DICKENSON COUNTY","##EV - Central Absentee Precinct","09","Congressional","0","1218","0","0","1218","0","0","0"
"2021 November General ","2021-11-02 00:00:00","DICKENSON COUNTY","##PE - Central Absentee Precinct","00","Local","0","6","0","0","6","0","0","0"
"2021 November General ","2021-11-02 00:00:00","DICKENSON COUNTY","##PE - Central Absentee Precinct","09","Congressional","0","6","0","0","6","0","0","0"
"2021 November General ","2021-11-02 00:00:00","DICKENSON COUNTY","101 - SOUTH CLINTWOOD","09","Congressional","3","0","573","12","576","2055","88","2143"
"2021 November General ","2021-11-02 00:00:00","DICKENSON COUNTY","201 - NORA","09","Congressional","0","0","251","2","251","693","34","727"
"2021 November General ","2021-11-02 00:00:00","DICKENSON COUNTY","202 - FRYING PAN","09","Congressional","0","0","106","3","106","248","15","263"
"2021 November General ","2021-11-02 00:00:00","DICKENSON COUNTY","203 - CLINCHCO","09","Congressional","1","0","327","3","328","902","43","945"
"2021 November General ","2021-11-02 00:00:00","DICKENSON COUNTY","301 - WEST DANTE","09","Congressional","0","0","160","0","160","284","9","293"
"2021 November General ","2021-11-02 00:00:00","DICKENSON COUNTY","302 - HERALD","09","Congressional","0","0","287","0","287","561","17","578"
"2021 November General ","2021-11-02 00:00:00","DICKENSON COUNTY","303 - RIDGE","09","Congressional","0","0","217","2","217","594","47","641"
"2021 November General ","2021-11-02 00:00:00","DICKENSON COUNTY","304 - LONGS FORK","09","Congressional","0","0","178","0","178","506","0","506"
"2021 November General ","2021-11-02 00:00:00","DICKENSON COUNTY","401 - HAYSI-COLLEY","09","Congressional","0","0","626","4","626","1851","107","1958"
"2021 November General ","2021-11-02 00:00:00","DICKENSON COUNTY","501 - TARPON","09","Congressional","0","0","158","2","158","500","25","525"
"2021 November General ","2021-11-02 00:00:00","DICKENSON COUNTY","502 - NORTH CLINTWOOD","09","Congressional","0","0","486","4","486","1495","71","1566"
"2021 November General ","2021-11-02 00:00:00","DINWIDDIE COUNTY","##AB - Central Absentee Precinct","00","Local","0","635","0","0","635","0","0","0"
"2021 November General ","2021-11-02 00:00:00","DINWIDDIE COUNTY","##AB - Central Absentee Precinct","04","Congressional","0","635","0","0","635","0","0","0"
"2021 November General ","2021-11-02 00:00:00","DINWIDDIE COUNTY","##EV - Central Absentee Precinct","00","Local","0","3228","0","0","3228","0","0","0"
"2021 November General ","2021-11-02 00:00:00","DINWIDDIE COUNTY","##EV - Central Absentee Precinct","04","Congressional","0","3228","0","0","3228","0","0","0"
"2021 November General ","2021-11-02 00:00:00","DINWIDDIE COUNTY","##PE - Central Absentee Precinct","00","Local","0","28","0","0","28","0","0","0"
"2021 November General ","2021-11-02 00:00:00","DINWIDDIE COUNTY","##PE - Central Absentee Precinct","04","Congressional","0","28","0","0","28","0","0","0"
"2021 November General ","2021-11-02 00:00:00","DINWIDDIE COUNTY","101 - WHITE OAK","04","Congressional","0","0","423","0","423","780","19","799"
"2021 November General ","2021-11-02 00:00:00","DINWIDDIE COUNTY","102 - ROCKY RUN","04","Congressional","0","0","542","0","542","1298","61","1359"
"2021 November General ","2021-11-02 00:00:00","DINWIDDIE COUNTY","103 - CHURCH ROAD","04","Congressional","2","0","869","0","871","1804","47","1851"
"2021 November General ","2021-11-02 00:00:00","DINWIDDIE COUNTY","201 - ROHOIC","04","Congressional","0","0","431","0","431","1246","55","1301"
"2021 November General ","2021-11-02 00:00:00","DINWIDDIE COUNTY","202 - SUTHERLAND","04","Congressional","0","0","1057","0","1057","2916","104","3020"
"2021 November General ","2021-11-02 00:00:00","DINWIDDIE COUNTY","301 - REAMS","04","Congressional","0","0","412","0","412","777","40","817"
"2021 November General ","2021-11-02 00:00:00","DINWIDDIE COUNTY","302 - NEW HOPE","04","Congressional","1","0","576","0","577","1377","64","1441"
"2021 November General ","2021-11-02 00:00:00","DINWIDDIE COUNTY","303 - LITTLE ZION","04","Congressional","0","0","704","0","704","1988","60","2048"
"2021 November General ","2021-11-02 00:00:00","DINWIDDIE COUNTY","401 - DINWIDDIE","04","Congressional","0","0","751","0","751","1978","74","2052"
"2021 November General ","2021-11-02 00:00:00","DINWIDDIE COUNTY","402 - MCKENNEY","04","Congressional","0","0","502","0","502","1201","35","1236"
"2021 November General ","2021-11-02 00:00:00","DINWIDDIE COUNTY","403 - CHERRY HILL","04","Congressional","0","0","337","0","337","777","28","805"
"2021 November General ","2021-11-02 00:00:00","DINWIDDIE COUNTY","501 - EDGEHILL","04","Congressional","0","0","130","0","130","477","40","517"
"2021 November General ","2021-11-02 00:00:00","DINWIDDIE COUNTY","502 - CHESDIN","04","Congressional","1","0","985","0","986","2942","161","3103"
"2021 November General ","2021-11-02 00:00:00","EMPORIA CITY","##AB - Central Absentee Precinct","00","Local","0","150","0","0","150","0","0","0"
"2021 November General ","2021-11-02 00:00:00","EMPORIA CITY","##AB - Central Absentee Precinct","04","Congressional","0","150","0","0","150","0","0","0"
"2021 November General ","2021-11-02 00:00:00","EMPORIA CITY","##EV - Central Absentee Precinct","00","Local","0","429","0","0","429","0","0","0"
"2021 November General ","2021-11-02 00:00:00","EMPORIA CITY","##EV - Central Absentee Precinct","04","Congressional","0","429","0","0","429","0","0","0"
"2021 November General ","2021-11-02 00:00:00","EMPORIA CITY","##PE - Central Absentee Precinct","00","Local","0","1","0","0","1","0","0","0"
"2021 November General ","2021-11-02 00:00:00","EMPORIA CITY","##PE - Central Absentee Precinct","04","Congressional","0","1","0","0","1","0","0","0"
"2021 November General ","2021-11-02 00:00:00","EMPORIA CITY","101 - PRECINCT 1-1","04","Congressional","0","0","222","0","222","627","25","652"
"2021 November General ","2021-11-02 00:00:00","EMPORIA CITY","201 - PRECINCT 2-1","04","Congressional","0","0","110","4","110","420","23","443"
"2021 November General ","2021-11-02 00:00:00","EMPORIA CITY","301 - PRECINCT 3-1","04","Congressional","0","0","202","3","202","539","33","572"
"2021 November General ","2021-11-02 00:00:00","EMPORIA CITY","401 - PRECINCT 4-1","04","Congressional","1","0","242","2","243","693","32","725"
"2021 November General ","2021-11-02 00:00:00","EMPORIA CITY","501 - PRECINCT 5-1","04","Congressional","0","0","98","3","98","400","28","428"
"2021 November General ","2021-11-02 00:00:00","EMPORIA CITY","601 - DISTRICT 6","04","Congressional","0","0","225","3","225","561","29","590"
"2021 November General ","2021-11-02 00:00:00","EMPORIA CITY","701 - DISTRICT 7","04","Congressional","0","0","164","0","164","485","24","509"
"2021 November General ","2021-11-02 00:00:00","ESSEX COUNTY","##AB - Central Absentee Precinct","00","Local","0","255","0","0","255","0","0","0"
"2021 November General ","2021-11-02 00:00:00","ESSEX COUNTY","##AB - Central Absentee Precinct","01","Congressional","1","255","0","0","256","0","0","0"
"2021 November General ","2021-11-02 00:00:00","ESSEX COUNTY","##EV - Central Absentee Precinct","00","Local","0","1707","0","70","1707","0","0","0"
"2021 November General ","2021-11-02 00:00:00","ESSEX COUNTY","##EV - Central Absentee Precinct","01","Congressional","0","1707","0","70","1707","0","0","0"
"2021 November General ","2021-11-02 00:00:00","ESSEX COUNTY","##PE - Central Absentee Precinct","00","Local","0","10","0","0","10","0","0","0"
"2021 November General ","2021-11-02 00:00:00","ESSEX COUNTY","##PE - Central Absentee Precinct","01","Congressional","0","10","0","0","10","0","0","0"
"2021 November General ","2021-11-02 00:00:00","ESSEX COUNTY","101 - GREATER TAPPAHANNOCK","01","Congressional","0","0","576","2","576","1817","87","1904"
"2021 November General ","2021-11-02 00:00:00","ESSEX COUNTY","201 - NORTH","01","Congressional","2","0","624","5","626","1899","67","1965"
"2021 November General ","2021-11-02 00:00:00","ESSEX COUNTY","301 - SOUTH","01","Congressional","1","0","859","8","860","2101","54","2155"
"2021 November General ","2021-11-02 00:00:00","ESSEX COUNTY","401 - CENTRAL","01","Congressional","0","0","691","5","691","1962","49","2011"
"2021 November General ","2021-11-02 00:00:00","FAIRFAX CITY","##AB - Central Absentee Precinct","00","Local","0","1364","0","0","1364","0","0","0"
"2021 November General ","2021-11-02 00:00:00","FAIRFAX CITY","##AB - Central Absentee Precinct","11","Congressional","2","1364","0","0","1366","0","0","0"
"2021 November General ","2021-11-02 00:00:00","FAIRFAX CITY","##EV - Central Absentee Precinct","00","Local","0","3189","0","36","3189","0","0","0"
"2021 November General ","2021-11-02 00:00:00","FAIRFAX CITY","##EV - Central Absentee Precinct","11","Congressional","0","3189","0","36","3189","0","0","0"
"2021 November General ","2021-11-02 00:00:00","FAIRFAX CITY","##PE - Central Absentee Precinct","00","Local","0","48","0","0","48","0","0","0"
"2021 November General ","2021-11-02 00:00:00","FAIRFAX CITY","##PE - Central Absentee Precinct","11","Congressional","0","48","0","0","48","0","0","0"
"2021 November General ","2021-11-02 00:00:00","FAIRFAX CITY","001 - ONE","11","Congressional","4","0","888","2","892","2596","144","2740"
"2021 November General ","2021-11-02 00:00:00","FAIRFAX CITY","002 - TWO","11","Congressional","6","0","918","3","924","2552","117","2669"
"2021 November General ","2021-11-02 00:00:00","FAIRFAX CITY","003 - THREE","11","Congressional","10","0","1170","3","1180","3596","185","3781"
"2021 November General ","2021-11-02 00:00:00","FAIRFAX CITY","004 - FOUR","11","Congressional","4","0","796","2","800","2701","112","2813"
"2021 November General ","2021-11-02 00:00:00","FAIRFAX CITY","005 - FIVE","11","Congressional","5","0","846","8","851","2596","118","2714"
"2021 November General ","2021-11-02 00:00:00","FAIRFAX CITY","006 - SIX","11","Congressional","3","0","919","7","922","2348","116","2464"
"2021 November General ","2021-11-02 00:00:00","FAIRFAX COUNTY","##AB - Central Absentee Precinct","00","Local","0","346","0","0","346","0","0","0"
"2021 November General ","2021-11-02 00:00:00","FAIRFAX COUNTY","##AB - Central Absentee Precinct","00","Local","0","693","0","0","693","0","0","0"
"2021 November General ","2021-11-02 00:00:00","FAIRFAX COUNTY","##AB - Central Absentee Precinct","00","Local","0","2020","0","0","2020","0","0","0"
"2021 November General ","2021-11-02 00:00:00","FAIRFAX COUNTY","##AB - Central Absentee Precinct","00","Local","0","2327","0","0","2327","0","0","0"
"2021 November General ","2021-11-02 00:00:00","FAIRFAX COUNTY","##AB - Central Absentee Precinct","00","Local","0","3115","0","0","3115","0","0","0"
"2021 November General ","2021-11-02 00:00:00","FAIRFAX COUNTY","##AB - Central Absentee Precinct","00","Local","0","3217","0","0","3217","0","0","0"
"2021 November General ","2021-11-02 00:00:00","FAIRFAX COUNTY","##AB - Central Absentee Precinct","00","Local","0","3355","0","0","3355","0","0","0"
"2021 November General ","2021-11-02 00:00:00","FAIRFAX COUNTY","##AB - Central Absentee Precinct","00","Local","0","3365","0","0","3365","0","0","0"
"2021 November General ","2021-11-02 00:00:00","FAIRFAX COUNTY","##AB - Central Absentee Precinct","00","Local","0","3431","0","0","3431","0","0","0"
"2021 November General ","2021-11-02 00:00:00","FAIRFAX COUNTY","##AB - Central Absentee Precinct","00","Local","0","3666","0","0","3666","0","0","0"
"2021 November General ","2021-11-02 00:00:00","FAIRFAX COUNTY","##AB - Central Absentee Precinct","00","Local","0","3966","0","0","3966","0","0","0"
"2021 November General ","2021-11-02 00:00:00","FAIRFAX COUNTY","##AB - Central Absentee Precinct","00","Local","0","3972","0","0","3972","0","0","0"
"2021 November General ","2021-11-02 00:00:00","FAIRFAX COUNTY","##AB - Central Absentee Precinct","00","Local","0","4214","0","0","4214","0","0","0"
"2021 November General ","2021-11-02 00:00:00","FAIRFAX COUNTY","##AB - Central Absentee Precinct","00","Local","0","4676","0","0","4676","0","0","0"
"2021 November General ","2021-11-02 00:00:00","FAIRFAX COUNTY","##AB - Central Absentee Precinct","00","Local","0","4718","0","0","4718","0","0","0"
"2021 November General ","2021-11-02 00:00:00","FAIRFAX COUNTY","##AB - Central Absentee Precinct","00","Local","0","5263","0","0","5263","0","0","0"
"2021 November General ","2021-11-02 00:00:00","FAIRFAX COUNTY","##AB - Central Absentee Precinct","00","Local","0","5273","0","0","5273","0","0","0"
"2021 November General ","2021-11-02 00:00:00","FAIRFAX COUNTY","##AB - Central Absentee Precinct","00","Local","0","57617","0","0","57617","0","0","0"
"2021 November General ","2021-11-02 00:00:00","FAIRFAX COUNTY","##AB - Central Absentee Precinct","08","Congressional","0","16916","0","0","16916","0","0","0"
"2021 November General ","2021-11-02 00:00:00","FAIRFAX COUNTY","##AB - Central Absentee Precinct","10","Congressional","0","11458","0","0","11458","0","0","0"
"2021 November General ","2021-11-02 00:00:00","FAIRFAX COUNTY","##AB - Central Absentee Precinct","11","Congressional","0","29243","0","0","29243","0","0","0"
"2021 November General ","2021-11-02 00:00:00","FAIRFAX COUNTY","##EV - Central Absentee Precinct","00","Local","0","704","0","0","704","0","0","0"
"2021 November General ","2021-11-02 00:00:00","FAIRFAX COUNTY","##EV - Central Absentee Precinct","00","Local","0","1039","0","0","1039","0","0","0"
"2021 November General ","2021-11-02 00:00:00","FAIRFAX COUNTY","##EV - Central Absentee Precinct","00","Local","0","4005","0","0","4005","0","0","0"
"2021 November General ","2021-11-02 00:00:00","FAIRFAX COUNTY","##EV - Central Absentee Precinct","00","Local","0","4698","0","0","4698","0","0","0"
"2021 November General ","2021-11-02 00:00:00","FAIRFAX COUNTY","##EV - Central Absentee Precinct","00","Local","0","5253","0","0","5253","0","0","0"
"2021 November General ","2021-11-02 00:00:00","FAIRFAX COUNTY","##EV - Central Absentee Precinct","00","Local","0","5946","0","0","5946","0","0","0"
"2021 November General ","2021-11-02 00:00:00","FAIRFAX COUNTY","##EV - Central Absentee Precinct","00","Local","0","6530","0","0","6530","0","0","0"
"2021 November General ","2021-11-02 00:00:00","FAIRFAX COUNTY","##EV - Central Absentee Precinct","00","Local","0","6586","0","0","6586","0","0","0"
"2021 November General ","2021-11-02 00:00:00","FAIRFAX COUNTY","##EV - Central Absentee Precinct","00","Local","0","6750","0","0","6750","0","0","0"
"2021 November General ","2021-11-02 00:00:00","FAIRFAX COUNTY","##EV - Central Absentee Precinct","00","Local","0","7613","0","0","7613","0","0","0"
"2021 November General ","2021-11-02 00:00:00","FAIRFAX COUNTY","##EV - Central Absentee Precinct","00","Local","0","7817","0","0","7817","0","0","0"
"2021 November General ","2021-11-02 00:00:00","FAIRFAX COUNTY","##EV - Central Absentee Precinct","00","Local","0","7836","0","0","7836","0","0","0"
"2021 November General ","2021-11-02 00:00:00","FAIRFAX COUNTY","##EV - Central Absentee Precinct","00","Local","0","8027","0","0","8027","0","0","0"
"2021 November General ","2021-11-02 00:00:00","FAIRFAX COUNTY","##EV - Central Absentee Precinct","00","Local","0","8206","0","0","8206","0","0","0"
"2021 November General ","2021-11-02 00:00:00","FAIRFAX COUNTY","##EV - Central Absentee Precinct","00","Local","0","8898","0","0","8898","0","0","0"
"2021 November General ","2021-11-02 00:00:00","FAIRFAX COUNTY","##EV - Central Absentee Precinct","00","Local","0","9402","0","0","9402","0","0","0"
"2021 November General ","2021-11-02 00:00:00","FAIRFAX COUNTY","##EV - Central Absentee Precinct","00","Local","0","10420","0","0","10420","0","0","0"
"2021 November General ","2021-11-02 00:00:00","FAIRFAX COUNTY","##EV - Central Absentee Precinct","00","Local","0","109778","0","3427","109778","0","0","0"
"2021 November General ","2021-11-02 00:00:00","FAIRFAX COUNTY","##EV - Central Absentee Precinct","08","Congressional","0","31335","0","0","31335","0","0","0"
"2021 November General ","2021-11-02 00:00:00","FAIRFAX COUNTY","##EV - Central Absentee Precinct","10","Congressional","0","25861","0","0","25861","0","0","0"
"2021 November General ","2021-11-02 00:00:00","FAIRFAX COUNTY","##EV - Central Absentee Precinct","11","Congressional","0","52551","0","0","52551","0","0","0"
"2021 November General ","2021-11-02 00:00:00","FAIRFAX COUNTY","##PE - Central Absentee Precinct","00","Local","0","62","0","0","62","0","0","0"
"2021 November General ","2021-11-02 00:00:00","FAIRFAX COUNTY","##PE - Central Absentee Precinct","00","Local","0","133","0","0","133","0","0","0"
"2021 November General ","2021-11-02 00:00:00","FAIRFAX COUNTY","##PE - Central Absentee Precinct","00","Local","0","332","0","0","332","0","0","0"
"2021 November General ","2021-11-02 00:00:00","FAIRFAX COUNTY","##PE - Central Absentee Precinct","00","Local","0","358","0","0","358","0","0","0"
"2021 November General ","2021-11-02 00:00:00","FAIRFAX COUNTY","##PE - Central Absentee Precinct","00","Local","0","454","0","0","454","0","0","0"
"2021 November General ","2021-11-02 00:00:00","FAIRFAX COUNTY","##PE - Central Absentee Precinct","00","Local","0","488","0","0","488","0","0","0"
"2021 November General ","2021-11-02 00:00:00","FAIRFAX COUNTY","##PE - Central Absentee Precinct","00","Local","0","498","0","0","498","0","0","0"
"2021 November General ","2021-11-02 00:00:00","FAIRFAX COUNTY","##PE - Central Absentee Precinct","00","Local","0","509","0","0","509","0","0","0"
"2021 November General ","2021-11-02 00:00:00","FAIRFAX COUNTY","##PE - Central Absentee Precinct","00","Local","0","538","0","0","538","0","0","0"
"2021 November General ","2021-11-02 00:00:00","FAIRFAX COUNTY","##PE - Central Absentee Precinct","00","Local","0","545","0","0","545","0","0","0"
"2021 November General ","2021-11-02 00:00:00","FAIRFAX COUNTY","##PE - Central Absentee Precinct","00","Local","0","581","0","0","581","0","0","0"
"2021 November General ","2021-11-02 00:00:00","FAIRFAX COUNTY","##PE - Central Absentee Precinct","00","Local","0","634","0","0","634","0","0","0"
"2021 November General ","2021-11-02 00:00:00","FAIRFAX COUNTY","##PE - Central Absentee Precinct","00","Local","0","639","0","0","639","0","0","0"
"2021 November General ","2021-11-02 00:00:00","FAIRFAX COUNTY","##PE - Central Absentee Precinct","00","Local","0","712","0","0","712","0","0","0"
"2021 November General ","2021-11-02 00:00:00","FAIRFAX COUNTY","##PE - Central Absentee Precinct","00","Local","0","733","0","0","733","0","0","0"
"2021 November General ","2021-11-02 00:00:00","FAIRFAX COUNTY","##PE - Central Absentee Precinct","00","Local","0","741","0","0","741","0","0","0"
"2021 November General ","2021-11-02 00:00:00","FAIRFAX COUNTY","##PE - Central Absentee Precinct","00","Local","0","795","0","0","795","0","0","0"
"2021 November General ","2021-11-02 00:00:00","FAIRFAX COUNTY","##PE - Central Absentee Precinct","00","Local","0","8748","0","0","8748","0","0","0"
"2021 November General ","2021-11-02 00:00:00","FAIRFAX COUNTY","##PE - Central Absentee Precinct","08","Congressional","0","2729","0","0","2729","0","0","0"
"2021 November General ","2021-11-02 00:00:00","FAIRFAX COUNTY","##PE - Central Absentee Precinct","10","Congressional","0","1665","0","0","1665","0","0","0"
"2021 November General ","2021-11-02 00:00:00","FAIRFAX COUNTY","##PE - Central Absentee Precinct","11","Congressional","0","4362","0","0","4362","0","0","0"
"2021 November General ","2021-11-02 00:00:00","FAIRFAX COUNTY","104 - CHAPEL","11","Congressional","8","0","1120","1","1128","2473","98","2571"
"2021 November General ","2021-11-02 00:00:00","FAIRFAX COUNTY","105 - FAIRVIEW","11","Congressional","7","0","1679","14","1686","4821","225","5046"
"2021 November General ","2021-11-02 00:00:00","FAIRFAX COUNTY","106 - HERITAGE","11","Congressional","14","0","1246","12","1260","4061","236","4296"
"2021 November General ","2021-11-02 00:00:00","FAIRFAX COUNTY","108 - KINGS PARK","11","Congressional","12","0","1113","10","1125","2505","79","2583"
"2021 November General ","2021-11-02 00:00:00","FAIRFAX COUNTY","109 - LITTLE RUN","11","Congressional","3","0","604","9","607","1300","37","1336"
"2021 November General ","2021-11-02 00:00:00","FAIRFAX COUNTY","110 - NORTH SPRINGFIELD","11","Congressional","17","0","1740","25","1757","4443","185","4628"
"2021 November General ","2021-11-02 00:00:00","FAIRFAX COUNTY","113 - CANTERBURY","11","Congressional","10","0","1721","7","1731","4160","152","4312"
"2021 November General ","2021-11-02 00:00:00","FAIRFAX COUNTY","114 - OLDE CREEK","11","Congressional","9","0","939","9","948","2280","95","2375"
"2021 November General ","2021-11-02 00:00:00","FAIRFAX COUNTY","115 - RAVENSWORTH","11","Congressional","4","0","912","2","916","1840","60","1900"
"2021 November General ","2021-11-02 00:00:00","FAIRFAX COUNTY","116 - WAKEFIELD","11","Congressional","12","0","1083","3","1095","2314","85","2399"
"2021 November General ","2021-11-02 00:00:00","FAIRFAX COUNTY","117 - WOODSON","11","Congressional","10","0","1120","19","1130","3078","153","3231"
"2021 November General ","2021-11-02 00:00:00","FAIRFAX COUNTY","118 - LAKE BRADDOCK","11","Congressional","18","0","1612","6","1630","4197","224","4421"
"2021 November General ","2021-11-02 00:00:00","FAIRFAX COUNTY","119 - LAUREL","11","Congressional","10","0","1734","11","1744","4176","201","4377"
"2021 November General ","2021-11-02 00:00:00","FAIRFAX COUNTY","120 - SIDEBURN","11","Congressional","11","0","1344","6","1355","3199","131","3329"
"2021 November General ","2021-11-02 00:00:00","FAIRFAX COUNTY","121 - VILLA","11","Congressional","8","0","860","0","868","2168","106","2274"
"2021 November General ","2021-11-02 00:00:00","FAIRFAX COUNTY","123 - ROBINSON","11","Congressional","17","0","1647","27","1664","4430","222","4652"
"2021 November General ","2021-11-02 00:00:00","FAIRFAX COUNTY","125 - SIGNAL HILL","11","Congressional","11","0","1262","4","1273","3246","131","3375"
"2021 November General ","2021-11-02 00:00:00","FAIRFAX COUNTY","126 - BONNIE BRAE","11","Congressional","7","0","1034","11","1041","2495","105","2600"
"2021 November General ","2021-11-02 00:00:00","FAIRFAX COUNTY","127 - BURKE CENTRE","11","Congressional","18","0","1774","8","1792","4665","245","4910"
"2021 November General ","2021-11-02 00:00:00","FAIRFAX COUNTY","128 - CARDINAL","11","Congressional","8","0","959","3","967","2391","117","2507"
"2021 November General ","2021-11-02 00:00:00","FAIRFAX COUNTY","129 - KEENE MILL","11","Congressional","9","0","794","1","803","1787","70","1857"
"2021 November General ","2021-11-02 00:00:00","FAIRFAX COUNTY","130 - TERRA CENTRE","11","Congressional","6","0","1113","2","1119","2407","134","2541"
"2021 November General ","2021-11-02 00:00:00","FAIRFAX COUNTY","131 - EAGLE VIEW","11","Congressional","14","0","1299","24","1313","3897","244","4140"
"2021 November General ","2021-11-02 00:00:00","FAIRFAX COUNTY","132 - MONUMENT","11","Congressional","24","0","1167","5","1191","4946","407","5353"
"2021 November General ","2021-11-02 00:00:00","FAIRFAX COUNTY","133 - DANBURY","11","Congressional","0","0","359","1","359","726","28","754"
"2021 November General ","2021-11-02 00:00:00","FAIRFAX COUNTY","134 - UNIVERSITY","11","Congressional","14","0","381","2","395","1995","409","2402"
"2021 November General ","2021-11-02 00:00:00","FAIRFAX COUNTY","201 - ARMSTRONG","11","Congressional","6","0","1356","2","1362","3798","279","4077"
"2021 November General ","2021-11-02 00:00:00","FAIRFAX COUNTY","202 - FLINT HILL","11","Congressional","10","0","1319","3","1329","3103","124","3227"
"2021 November General ","2021-11-02 00:00:00","FAIRFAX COUNTY","203 - FLORIS","11","Congressional","8","0","1616","4","1624","3922","139","4061"
"2021 November General ","2021-11-02 00:00:00","FAIRFAX COUNTY","204 - MADISON","11","Congressional","2","0","350","1","352","988","48","1036"
"2021 November General ","2021-11-02 00:00:00","FAIRFAX COUNTY","208 - RESTON #1","11","Congressional","16","0","1403","2","1419","4463","435","4898"
"2021 November General ","2021-11-02 00:00:00","FAIRFAX COUNTY","209 - RESTON #2","11","Congressional","25","0","1300","4","1325","3571","198","3769"
"2021 November General ","2021-11-02 00:00:00","FAIRFAX COUNTY","213 - VIENNA #1","11","Congressional","18","0","1726","5","1744","4231","169","4400"
"2021 November General ","2021-11-02 00:00:00","FAIRFAX COUNTY","214 - VIENNA #2","11","Congressional","11","0","1421","7","1432","3401","137","3537"
"2021 November General ","2021-11-02 00:00:00","FAIRFAX COUNTY","216 - VIENNA #4","11","Congressional","5","0","686","5","691","1615","80","1695"
"2021 November General ","2021-11-02 00:00:00","FAIRFAX COUNTY","218 - VIENNA #6","11","Congressional","13","0","946","8","959","2392","78","2469"
"2021 November General ","2021-11-02 00:00:00","FAIRFAX COUNTY","219 - WESTBRIAR","11","Congressional","18","0","1379","10","1397","3816","202","4018"
"2021 November General ","2021-11-02 00:00:00","FAIRFAX COUNTY","220 - DOGWOOD","11","Congressional","13","0","1445","8","1458","4356","223","4579"
"2021 November General ","2021-11-02 00:00:00","FAIRFAX COUNTY","221 - HUNTERS WOODS","11","Congressional","8","0","1167","5","1175","2833","93","2926"
"2021 November General ","2021-11-02 00:00:00","FAIRFAX COUNTY","222 - RESTON #3","11","Congressional","12","0","823","2","835","2242","121","2362"
"2021 November General ","2021-11-02 00:00:00","FAIRFAX COUNTY","223 - GLADE","11","Congressional","13","0","1458","1","1471","3943","193","4136"
"2021 November General ","2021-11-02 00:00:00","FAIRFAX COUNTY","224 - SOUTH LAKES","11","Congressional","14","0","1892","10","1906","5292","288","5580"
"2021 November General ","2021-11-02 00:00:00","FAIRFAX COUNTY","225 - HUGHES","11","Congressional","18","0","1352","5","1370","4099","301","4398"
"2021 November General ","2021-11-02 00:00:00","FAIRFAX COUNTY","226 - WOLFTRAP","11","Congressional","4","0","1667","6","1671","3652","151","3803"
"2021 November General ","2021-11-02 00:00:00","FAIRFAX COUNTY","227 - SUNRISE VALLEY","11","Congressional","3","0","809","4","812","1915","63","1978"
"2021 November General ","2021-11-02 00:00:00","FAIRFAX COUNTY","229 - FOX MILL","10","Congressional","17","0","1885","14","1902","4628","174","4802"
"2021 November General ","2021-11-02 00:00:00","FAIRFAX COUNTY","233 - NORTH POINT","11","Congressional","6","0","1339","2","1345","3634","154","3788"
"2021 November General ","2021-11-02 00:00:00","FAIRFAX COUNTY","234 - ALDRIN","11","Congressional","5","0","1056","2","1061","2973","205","3178"
"2021 November General ","2021-11-02 00:00:00","FAIRFAX COUNTY","235 - FRYING PAN","11","Congressional","6","0","1173","8","1179","3129","168","3296"
"2021 November General ","2021-11-02 00:00:00","FAIRFAX COUNTY","236 - STUART","11","Congressional","6","0","616","4","622","1397","55","1452"
"2021 November General ","2021-11-02 00:00:00","FAIRFAX COUNTY","237 - MCNAIR","11","Congressional","28","0","1148","0","1176","3837","285","4121"
"2021 November General ","2021-11-02 00:00:00","FAIRFAX COUNTY","238 - CAMERON GLEN","11","Congressional","29","0","979","7","1008","4410","384","4794"
"2021 November General ","2021-11-02 00:00:00","FAIRFAX COUNTY","240 - COLVIN","10","Congressional","14","0","1002","9","1016","2625","94","2719"
"2021 November General ","2021-11-02 00:00:00","FAIRFAX COUNTY","301 - CHAIN BRIDGE","10","Congressional","18","0","1149","12","1167","3814","195","4009"
"2021 November General ","2021-11-02 00:00:00","FAIRFAX COUNTY","302 - CHESTERBROOK","08","Congressional","8","0","920","19","928","2758","112","2870"
"2021 November General ","2021-11-02 00:00:00","FAIRFAX COUNTY","303 - CHURCHILL","10","Congressional","11","0","638","6","649","1615","71","1686"
"2021 November General ","2021-11-02 00:00:00","FAIRFAX COUNTY","304 - COOPER","10","Congressional","4","0","733","4","737","2432","145","2577"
"2021 November General ","2021-11-02 00:00:00","FAIRFAX COUNTY","305 - EL NIDO","08","Congressional","17","0","952","2","969","2461","90","2551"
"2021 November General ","2021-11-02 00:00:00","FAIRFAX COUNTY","306 - GREAT FALLS","10","Congressional","11","0","771","4","782","2192","104","2296"
"2021 November General ","2021-11-02 00:00:00","FAIRFAX COUNTY","307 - HAYCOCK","08","Congressional","10","0","1100","4","1110","2601","78","2679"
"2021 November General ","2021-11-02 00:00:00","FAIRFAX COUNTY","309 - KENMORE","10","Congressional","18","0","1216","5","1234","4074","186","4259"
"2021 November General ","2021-11-02 00:00:00","FAIRFAX COUNTY","310 - KIRBY","08","Congressional","11","0","822","3","833","2239","97","2335"
"2021 November General ","2021-11-02 00:00:00","FAIRFAX COUNTY","311 - LANGLEY","10","Congressional","11","0","798","5","809","2197","124","2321"
"2021 November General ","2021-11-02 00:00:00","FAIRFAX COUNTY","312 - LONGFELLOW","08","Congressional","9","0","917","14","926","2673","117","2790"
"2021 November General ","2021-11-02 00:00:00","FAIRFAX COUNTY","314 - MCLEAN","10","Congressional","5","0","793","4","798","2834","134","2968"
"2021 November General ","2021-11-02 00:00:00","FAIRFAX COUNTY","315 - PIMMIT","08","Congressional","10","0","1194","3","1204","3425","203","3628"
"2021 November General ","2021-11-02 00:00:00","FAIRFAX COUNTY","316 - SALONA #1","08","Congressional","3","0","348","0","351","1024","46","1070"
"2021 November General ","2021-11-02 00:00:00","FAIRFAX COUNTY","317 - WESTHAMPTON","08","Congressional","16","0","798","4","814","2362","105","2467"
"2021 November General ","2021-11-02 00:00:00","FAIRFAX COUNTY","318 - WESTMORELAND","08","Congressional","9","0","601","4","610","1540","86","1626"
"2021 November General ","2021-11-02 00:00:00","FAIRFAX COUNTY","319 - HERNDON #1","11","Congressional","9","0","1427","14","1436","4150","181","4330"
"2021 November General ","2021-11-02 00:00:00","FAIRFAX COUNTY","320 - HERNDON #2","11","Congressional","10","0","1280","6","1290","4351","233","4584"
"2021 November General ","2021-11-02 00:00:00","FAIRFAX COUNTY","321 - CLEARVIEW","10","Congressional","7","0","1743","28","1750","4075","171","4246"
"2021 November General ","2021-11-02 00:00:00","FAIRFAX COUNTY","322 - FORESTVILLE","10","Congressional","8","0","1128","10","1136","3402","144","3546"
"2021 November General ","2021-11-02 00:00:00","FAIRFAX COUNTY","323 - SHOUSE","10","Congressional","16","0","971","8","987","2351","76","2427"
"2021 November General ","2021-11-02 00:00:00","FAIRFAX COUNTY","324 - HERNDON #3","11","Congressional","20","0","1158","7","1178","3912","305","4217"
"2021 November General ","2021-11-02 00:00:00","FAIRFAX COUNTY","325 - HUTCHISON","11","Congressional","11","0","746","2","757","2427","188","2615"
"2021 November General ","2021-11-02 00:00:00","FAIRFAX COUNTY","327 - SUGARLAND","10","Congressional","14","0","1482","6","1496","3662","177","3839"
"2021 November General ","2021-11-02 00:00:00","FAIRFAX COUNTY","328 - HICKORY","10","Congressional","8","0","1025","4","1033","3510","155","3665"
"2021 November General ","2021-11-02 00:00:00","FAIRFAX COUNTY","329 - SENECA","10","Congressional","18","0","1274","3","1292","3652","153","3805"
"2021 November General ","2021-11-02 00:00:00","FAIRFAX COUNTY","331 - SPRING HILL","10","Congressional","4","0","778","4","782","2374","73","2447"
"2021 November General ","2021-11-02 00:00:00","FAIRFAX COUNTY","332 - COATES","11","Congressional","21","0","1362","2","1383","4726","518","5244"
"2021 November General ","2021-11-02 00:00:00","FAIRFAX COUNTY","333 - SALONA #2","08","Congressional","7","0","675","8","682","1859","69","1928"
"2021 November General ","2021-11-02 00:00:00","FAIRFAX COUNTY","401 - BUSH HILL","08","Congressional","9","0","1495","8","1504","3461","157","3617"
"2021 November General ","2021-11-02 00:00:00","FAIRFAX COUNTY","402 - CAMERON","08","Congressional","1","0","528","2","529","1209","64","1273"
"2021 November General ","2021-11-02 00:00:00","FAIRFAX COUNTY","403 - FORESTDALE","08","Congressional","5","0","524","5","529","1405","91","1496"
"2021 November General ","2021-11-02 00:00:00","FAIRFAX COUNTY","404 - FRANCONIA","08","Congressional","7","0","1381","1","1388","4029","240","4269"
"2021 November General ","2021-11-02 00:00:00","FAIRFAX COUNTY","405 - GROVETON","08","Congressional","11","0","658","3","669","2130","201","2331"
"2021 November General ","2021-11-02 00:00:00","FAIRFAX COUNTY","406 - HAYFIELD","08","Congressional","9","0","1162","4","1171","2410","124","2534"
"2021 November General ","2021-11-02 00:00:00","FAIRFAX COUNTY","408 - MOUNT EAGLE","08","Congressional","14","0","982","5","996","2773","299","3071"
"2021 November General ","2021-11-02 00:00:00","FAIRFAX COUNTY","409 - PIONEER","08","Congressional","21","0","1335","16","1356","4156","248","4403"
"2021 November General ","2021-11-02 00:00:00","FAIRFAX COUNTY","410 - ROSE HILL","08","Congressional","26","0","1788","10","1814","4800","280","5080"
"2021 November General ","2021-11-02 00:00:00","FAIRFAX COUNTY","411 - VIRGINIA HILLS","08","Congressional","3","0","982","0","985","2473","120","2593"
"2021 November General ","2021-11-02 00:00:00","FAIRFAX COUNTY","413 - FAIRFIELD","08","Congressional","11","0","734","7","745","2793","189","2982"
"2021 November General ","2021-11-02 00:00:00","FAIRFAX COUNTY","415 - CRESTWOOD","08","Congressional","11","0","1149","19","1160","2891","102","2992"
"2021 November General ","2021-11-02 00:00:00","FAIRFAX COUNTY","417 - GARFIELD","08","Congressional","10","0","1339","2","1349","4045","191","4235"
"2021 November General ","2021-11-02 00:00:00","FAIRFAX COUNTY","418 - LYNBROOK","08","Congressional","8","0","765","2","773","2266","97","2363"
"2021 November General ","2021-11-02 00:00:00","FAIRFAX COUNTY","419 - LANE #1","08","Congressional","7","0","451","5","458","1374","77","1451"
"2021 November General ","2021-11-02 00:00:00","FAIRFAX COUNTY","420 - VILLAGES","08","Congressional","17","0","1698","6","1715","4761","305","5065"
"2021 November General ","2021-11-02 00:00:00","FAIRFAX COUNTY","421 - KINGSTOWNE","08","Congressional","25","0","1273","7","1298","3962","301","4263"
"2021 November General ","2021-11-02 00:00:00","FAIRFAX COUNTY","422 - VAN DORN","08","Congressional","11","0","1336","7","1347","3834","330","4163"
"2021 November General ","2021-11-02 00:00:00","FAIRFAX COUNTY","423 - CLERMONT","08","Congressional","9","0","1173","9","1182","2763","131","2894"
"2021 November General ","2021-11-02 00:00:00","FAIRFAX COUNTY","424 - HUNTLEY","08","Congressional","8","0","1156","2","1164","2750","146","2896"
"2021 November General ","2021-11-02 00:00:00","FAIRFAX COUNTY","426 - GREENSPRING","11","Congressional","8","0","970","0","978","1755","32","1787"
"2021 November General ","2021-11-02 00:00:00","FAIRFAX COUNTY","427 - ISLAND CREEK","08","Congressional","4","0","1182","3","1186","2757","158","2915"
"2021 November General ","2021-11-02 00:00:00","FAIRFAX COUNTY","428 - PINEWOOD","08","Congressional","17","0","903","10","920","3401","228","3629"
"2021 November General ","2021-11-02 00:00:00","FAIRFAX COUNTY","429 - HYBLA VALLEY","08","Congressional","14","0","957","9","971","3756","251","4007"
"2021 November General ","2021-11-02 00:00:00","FAIRFAX COUNTY","430 - LANE #2","08","Congressional","10","0","866","6","876","2276","120","2396"
"2021 November General ","2021-11-02 00:00:00","FAIRFAX COUNTY","501 - BAILEYS #1","08","Congressional","5","0","722","1","727","2285","129","2414"
"2021 November General ","2021-11-02 00:00:00","FAIRFAX COUNTY","502 - BARCROFT","11","Congressional","1","0","566","2","567","1386","65","1451"
"2021 November General ","2021-11-02 00:00:00","FAIRFAX COUNTY","503 - BELVEDERE","11","Congressional","2","0","601","3","603","1744","68","1812"
"2021 November General ","2021-11-02 00:00:00","FAIRFAX COUNTY","504 - BRISTOW","11","Congressional","11","0","924","10","935","2803","154","2957"
"2021 November General ","2021-11-02 00:00:00","FAIRFAX COUNTY","505 - GLEN FOREST","08","Congressional","8","0","1029","6","1037","3080","169","3249"
"2021 November General ","2021-11-02 00:00:00","FAIRFAX COUNTY","506 - HOLMES #1","08","Congressional","1","0","188","1","189","695","50","745"
"2021 November General ","2021-11-02 00:00:00","FAIRFAX COUNTY","507 - LINCOLNIA","08","Congressional","4","0","1111","8","1115","3586","288","3873"
"2021 November General ","2021-11-02 00:00:00","FAIRFAX COUNTY","508 - MASONVILLE","11","Congressional","10","0","1135","14","1145","3007","114","3121"
"2021 November General ","2021-11-02 00:00:00","FAIRFAX COUNTY","509 - PLAZA","08","Congressional","5","0","502","0","507","1177","46","1223"
"2021 November General ","2021-11-02 00:00:00","FAIRFAX COUNTY","510 - PARKLAWN","08","Congressional","3","0","812","3","815","2343","91","2434"
"2021 November General ","2021-11-02 00:00:00","FAIRFAX COUNTY","511 - RAVENWOOD","11","Congressional","13","0","999","8","1012","2668","114","2782"
"2021 November General ","2021-11-02 00:00:00","FAIRFAX COUNTY","512 - SLEEPY HOLLOW","11","Congressional","2","0","645","2","647","1525","61","1586"
"2021 November General ","2021-11-02 00:00:00","FAIRFAX COUNTY","513 - SAINT ALBANS","08","Congressional","12","0","74","9","86","2621","106","2727"
"2021 November General ","2021-11-02 00:00:00","FAIRFAX COUNTY","513 - SAINT ALBANS","11","Congressional","12","0","882","9","894","2621","106","2727"
"2021 November General ","2021-11-02 00:00:00","FAIRFAX COUNTY","514 - CROSSROADS","08","Congressional","22","0","409","0","431","1230","107","1336"
"2021 November General ","2021-11-02 00:00:00","FAIRFAX COUNTY","515 - WESTLAWN","08","Congressional","9","0","643","1","652","1823","74","1897"
"2021 November General ","2021-11-02 00:00:00","FAIRFAX COUNTY","516 - WEYANOKE #1","08","Congressional","6","0","573","7","579","1407","77","1484"
"2021 November General ","2021-11-02 00:00:00","FAIRFAX COUNTY","517 - WILLSTON","08","Congressional","8","0","604","1","612","2031","150","2181"
"2021 November General ","2021-11-02 00:00:00","FAIRFAX COUNTY","518 - COLUMBIA","11","Congressional","10","0","977","1","987","3011","173","3184"
"2021 November General ","2021-11-02 00:00:00","FAIRFAX COUNTY","519 - HUMMER","11","Congressional","11","0","769","2","780","2152","78","2229"
"2021 November General ","2021-11-02 00:00:00","FAIRFAX COUNTY","520 - SKYLINE","08","Congressional","10","0","717","4","727","2654","420","3074"
"2021 November General ","2021-11-02 00:00:00","FAIRFAX COUNTY","521 - BROOK HILL","08","Congressional","6","0","837","7","843","2374","117","2491"
"2021 November General ","2021-11-02 00:00:00","FAIRFAX COUNTY","522 - CAMELOT #1","11","Congressional","2","0","188","2","190","339","14","353"
"2021 November General ","2021-11-02 00:00:00","FAIRFAX COUNTY","523 - POE","08","Congressional","10","0","962","5","972","2873","143","3016"
"2021 November General ","2021-11-02 00:00:00","FAIRFAX COUNTY","525 - WALNUT HILL","08","Congressional","17","0","1218","4","1235","3639","212","3851"
"2021 November General ","2021-11-02 00:00:00","FAIRFAX COUNTY","526 - BREN MAR","08","Congressional","19","0","1351","2","1370","3696","321","4014"
"2021 November General ","2021-11-02 00:00:00","FAIRFAX COUNTY","527 - EDSALL","08","Congressional","11","0","914","5","925","2276","95","2371"
"2021 November General ","2021-11-02 00:00:00","FAIRFAX COUNTY","528 - RIDGELEA","11","Congressional","5","0","639","5","644","1317","63","1379"
"2021 November General ","2021-11-02 00:00:00","FAIRFAX COUNTY","530 - HOLMES #2","11","Congressional","10","0","606","10","616","1955","137","2091"
"2021 November General ","2021-11-02 00:00:00","FAIRFAX COUNTY","531 - BAILEYS #2","08","Congressional","5","0","416","0","421","1409","74","1483"
"2021 November General ","2021-11-02 00:00:00","FAIRFAX COUNTY","532 - WEYANOKE #2","08","Congressional","7","0","597","0","604","1990","152","2142"
"2021 November General ","2021-11-02 00:00:00","FAIRFAX COUNTY","534 - CAMELOT #2","11","Congressional","3","0","576","3","579","1102","53","1155"
"2021 November General ","2021-11-02 00:00:00","FAIRFAX COUNTY","601 - BELLE HAVEN","08","Congressional","6","0","833","1","839","2352","121","2473"
"2021 November General ","2021-11-02 00:00:00","FAIRFAX COUNTY","602 - BELLEVIEW","08","Congressional","10","0","901","5","911","2391","180","2571"
"2021 November General ","2021-11-02 00:00:00","FAIRFAX COUNTY","604 - BUCKNELL","08","Congressional","17","0","1101","16","1118","4040","349","4389"
"2021 November General ","2021-11-02 00:00:00","FAIRFAX COUNTY","605 - FORT HUNT","08","Congressional","13","0","987","1","1000","2500","118","2617"
"2021 November General ","2021-11-02 00:00:00","FAIRFAX COUNTY","606 - HOLLIN HALL","08","Congressional","9","0","1060","0","1069","2824","100","2924"
"2021 November General ","2021-11-02 00:00:00","FAIRFAX COUNTY","607 - HUNTINGTON","08","Congressional","12","0","1139","6","1151","4166","453","4619"
"2021 November General ","2021-11-02 00:00:00","FAIRFAX COUNTY","608 - KIRKSIDE","08","Congressional","7","0","704","7","711","2108","103","2211"
"2021 November General ","2021-11-02 00:00:00","FAIRFAX COUNTY","609 - MARLAN","08","Congressional","17","0","821","1","838","2362","102","2464"
"2021 November General ","2021-11-02 00:00:00","FAIRFAX COUNTY","610 - SHERWOOD","08","Congressional","10","0","658","10","668","2405","89","2493"
"2021 November General ","2021-11-02 00:00:00","FAIRFAX COUNTY","611 - STRATFORD","08","Congressional","3","0","1145","3","1148","3087","128","3215"
"2021 November General ","2021-11-02 00:00:00","FAIRFAX COUNTY","612 - WAYNEWOOD","08","Congressional","1","0","601","2","602","1391","60","1451"
"2021 November General ","2021-11-02 00:00:00","FAIRFAX COUNTY","613 - WESTGATE","08","Congressional","14","0","1461","4","1475","4286","420","4706"
"2021 November General ","2021-11-02 00:00:00","FAIRFAX COUNTY","614 - RIVERSIDE","08","Congressional","9","0","866","6","875","2210","108","2318"
"2021 November General ","2021-11-02 00:00:00","FAIRFAX COUNTY","615 - WOODLEY","08","Congressional","11","0","1070","3","1081","3167","196","3363"
"2021 November General ","2021-11-02 00:00:00","FAIRFAX COUNTY","616 - GUNSTON","08","Congressional","12","0","1230","9","1242","2751","159","2910"
"2021 November General ","2021-11-02 00:00:00","FAIRFAX COUNTY","617 - LORTON","08","Congressional","5","0","13","5","18","2750","133","2883"
"2021 November General ","2021-11-02 00:00:00","FAIRFAX COUNTY","617 - LORTON","08","Congressional","5","0","804","0","809","2750","133","2883"
"2021 November General ","2021-11-02 00:00:00","FAIRFAX COUNTY","618 - NEWINGTON","11","Congressional","24","0","2222","6","2246","5288","245","5533"
"2021 November General ","2021-11-02 00:00:00","FAIRFAX COUNTY","619 - BELVOIR","08","Congressional","9","0","1178","40","1187","3949","202","4151"
"2021 November General ","2021-11-02 00:00:00","FAIRFAX COUNTY","621 - GROSVENOR","08","Congressional","6","0","794","0","800","2567","390","2957"
"2021 November General ","2021-11-02 00:00:00","FAIRFAX COUNTY","622 - LORTON STATION","08","Congressional","12","0","1259","8","1271","4048","315","4363"
"2021 November General ","2021-11-02 00:00:00","FAIRFAX COUNTY","623 - ALBAN","08","Congressional","12","0","1266","8","1278","3132","161","3293"
"2021 November General ","2021-11-02 00:00:00","FAIRFAX COUNTY","626 - SARATOGA","08","Congressional","16","0","1440","11","1456","3691","169","3859"
"2021 November General ","2021-11-02 00:00:00","FAIRFAX COUNTY","627 - WOODLAWN","08","Congressional","11","0","1240","10","1251","4560","513","5072"
"2021 November General ","2021-11-02 00:00:00","FAIRFAX COUNTY","628 - LAUREL HILL","11","Congressional","14","0","1696","2","1710","4921","270","5191"
"2021 November General ","2021-11-02 00:00:00","FAIRFAX COUNTY","629 - SOUTH COUNTY","11","Congressional","14","0","1440","4","1454","3728","204","3931"
"2021 November General ","2021-11-02 00:00:00","FAIRFAX COUNTY","630 - ARMY","08","Congressional","2","0","333","0","335","755","51","806"
"2021 November General ","2021-11-02 00:00:00","FAIRFAX COUNTY","701 - BLAKE","11","Congressional","11","0","1528","5","1539","4853","283","5136"
"2021 November General ","2021-11-02 00:00:00","FAIRFAX COUNTY","703 - FORT BUFFALO","08","Congressional","9","0","760","1","769","2198","183","2381"
"2021 November General ","2021-11-02 00:00:00","FAIRFAX COUNTY","704 - FREEDOM HILL","11","Congressional","8","0","971","3","979","2512","109","2621"
"2021 November General ","2021-11-02 00:00:00","FAIRFAX COUNTY","705 - GRAHAM - GREENWAY","08","Congressional","11","0","1384","16","1395","3664","166","3830"
"2021 November General ","2021-11-02 00:00:00","FAIRFAX COUNTY","707 - MANTUA","11","Congressional","12","0","996","8","1008","2404","95","2499"
"2021 November General ","2021-11-02 00:00:00","FAIRFAX COUNTY","708 - MARSHALL","08","Congressional","24","0","1442","14","1466","5010","333","5343"
"2021 November General ","2021-11-02 00:00:00","FAIRFAX COUNTY","709 - MOSBY","11","Congressional","23","0","1115","10","1138","3807","273","4080"
"2021 November General ","2021-11-02 00:00:00","FAIRFAX COUNTY","710 - PINE SPRING","08","Congressional","8","0","866","7","874","2344","138","2482"
"2021 November General ","2021-11-02 00:00:00","FAIRFAX COUNTY","711 - PRICE","11","Congressional","13","0","857","7","870","2192","94","2286"
"2021 November General ","2021-11-02 00:00:00","FAIRFAX COUNTY","712 - SHREVE","08","Congressional","5","0","653","2","658","1499","59","1556"
"2021 November General ","2021-11-02 00:00:00","FAIRFAX COUNTY","713 - TIMBER LANE","08","Congressional","5","0","1256","4","1261","3377","148","3525"
"2021 November General ","2021-11-02 00:00:00","FAIRFAX COUNTY","714 - WALKER","11","Congressional","23","0","1231","3","1254","3771","186","3957"
"2021 November General ","2021-11-02 00:00:00","FAIRFAX COUNTY","717 - WOODBURN","11","Congressional","16","0","758","6","774","2049","153","2200"
"2021 November General ","2021-11-02 00:00:00","FAIRFAX COUNTY","718 - PINE RIDGE","11","Congressional","9","0","855","3","864","2563","121","2684"
"2021 November General ","2021-11-02 00:00:00","FAIRFAX COUNTY","720 - THOREAU","11","Congressional","10","0","1261","8","1271","3023","105","3128"
"2021 November General ","2021-11-02 00:00:00","FAIRFAX COUNTY","721 - MERRIFIELD","11","Congressional","17","0","1345","3","1362","4514","531","5045"
"2021 November General ","2021-11-02 00:00:00","FAIRFAX COUNTY","723 - GALLOWS EAST","11","Congressional","12","0","593","2","605","2142","217","2358"
"2021 November General ","2021-11-02 00:00:00","FAIRFAX COUNTY","726 - MAGARITY","08","Congressional","12","0","1268","6","1280","4166","394","4558"
"2021 November General ","2021-11-02 00:00:00","FAIRFAX COUNTY","727 - OAKTON","11","Congressional","9","0","1056","10","1065","2677","112","2789"
"2021 November General ","2021-11-02 00:00:00","FAIRFAX COUNTY","729 - NOTTOWAY","11","Congressional","10","0","971","5","981","3779","225","4004"
"2021 November General ","2021-11-02 00:00:00","FAIRFAX COUNTY","730 - PENDERBROOK","11","Congressional","22","0","1522","4","1544","3909","228","4137"
"2021 November General ","2021-11-02 00:00:00","FAIRFAX COUNTY","731 - TYSONS","11","Congressional","20","0","1070","0","1090","4356","551","4907"
"2021 November General ","2021-11-02 00:00:00","FAIRFAX COUNTY","732 - OAK MARR","11","Congressional","12","0","1447","17","1459","3931","242","4173"
"2021 November General ","2021-11-02 00:00:00","FAIRFAX COUNTY","733 - KILMER","11","Congressional","19","0","1480","11","1499","4524","256","4780"
"2021 November General ","2021-11-02 00:00:00","FAIRFAX COUNTY","734 - HUNTERS BRANCH","11","Congressional","27","0","597","1","624","2664","180","2844"
"2021 November General ","2021-11-02 00:00:00","FAIRFAX COUNTY","735 - ROTONDA","11","Congressional","7","0","533","1","540","1400","100","1500"
"2021 November General ","2021-11-02 00:00:00","FAIRFAX COUNTY","801 - BURKE","11","Congressional","27","0","1743","6","1770","5103","267","5370"
"2021 November General ","2021-11-02 00:00:00","FAIRFAX COUNTY","802 - CEDAR LAKE","11","Congressional","10","0","456","2","466","1597","107","1704"
"2021 November General ","2021-11-02 00:00:00","FAIRFAX COUNTY","803 - CLIFTON","10","Congressional","19","0","1755","13","1774","4574","164","4736"
"2021 November General ","2021-11-02 00:00:00","FAIRFAX COUNTY","804 - COLCHESTER","10","Congressional","3","0","829","2","832","1947","73","2019"
"2021 November General ","2021-11-02 00:00:00","FAIRFAX COUNTY","805 - FAIRFAX STATION","10","Congressional","6","0","799","1","805","1639","49","1688"
"2021 November General ","2021-11-02 00:00:00","FAIRFAX COUNTY","806 - SYDENSTRICKER","11","Congressional","14","0","1480","11","1494","3465","132","3596"
"2021 November General ","2021-11-02 00:00:00","FAIRFAX COUNTY","807 - HUNT VALLEY","11","Congressional","3","0","991","1","994","2209","104","2313"
"2021 November General ","2021-11-02 00:00:00","FAIRFAX COUNTY","811 - POHICK","11","Congressional","8","0","825","1","833","2177","127","2303"
"2021 November General ","2021-11-02 00:00:00","FAIRFAX COUNTY","812 - VALLEY","11","Congressional","11","0","1212","6","1223","2980","119","3099"
"2021 November General ","2021-11-02 00:00:00","FAIRFAX COUNTY","815 - WOODYARD","10","Congressional","15","0","1175","12","1190","2888","110","2998"
"2021 November General ","2021-11-02 00:00:00","FAIRFAX COUNTY","824 - ORANGE","11","Congressional","18","0","1695","8","1713","4017","189","4206"
"2021 November General ","2021-11-02 00:00:00","FAIRFAX COUNTY","825 - CHERRY RUN","11","Congressional","15","0","1268","6","1283","2891","137","3028"
"2021 November General ","2021-11-02 00:00:00","FAIRFAX COUNTY","827 - IRVING","11","Congressional","9","0","1065","10","1074","2666","121","2787"
"2021 November General ","2021-11-02 00:00:00","FAIRFAX COUNTY","833 - WHITE OAKS","11","Congressional","12","0","1303","11","1315","3192","144","3336"
"2021 November General ","2021-11-02 00:00:00","FAIRFAX COUNTY","838 - SANGSTER","10","Congressional","5","0","1010","6","1015","2343","91","2434"
"2021 November General ","2021-11-02 00:00:00","FAIRFAX COUNTY","839 - SILVERBROOK","10","Congressional","8","0","1651","7","1659","3670","139","3809"
"2021 November General ","2021-11-02 00:00:00","FAIRFAX COUNTY","840 - WEST SPRINGFIELD","11","Congressional","6","0","1309","1","1315","3133","139","3271"
"2021 November General ","2021-11-02 00:00:00","FAIRFAX COUNTY","841 - POPES HEAD","10","Congressional","5","0","756","5","761","1643","77","1719"
"2021 November General ","2021-11-02 00:00:00","FAIRFAX COUNTY","842 - PARKWAY","11","Congressional","6","0","988","8","994","2417","83","2500"
"2021 November General ","2021-11-02 00:00:00","FAIRFAX COUNTY","843 - FAIR LAKES","11","Congressional","8","0","1337","9","1345","3480","213","3692"
"2021 November General ","2021-11-02 00:00:00","FAIRFAX COUNTY","844 - CENTERPOINTE","11","Congressional","12","0","783","5","795","3355","310","3665"
"2021 November General ","2021-11-02 00:00:00","FAIRFAX COUNTY","845 - FOUNTAINHEAD","10","Congressional","7","0","1773","9","1780","4086","208","4292"
"2021 November General ","2021-11-02 00:00:00","FAIRFAX COUNTY","846 - GREENBRIAR EAST","11","Congressional","8","0","1285","4","1293","3758","262","4020"
"2021 November General ","2021-11-02 00:00:00","FAIRFAX COUNTY","847 - GREENBRIAR WEST","10","Congressional","9","0","1010","9","1019","2441","140","2581"
"2021 November General ","2021-11-02 00:00:00","FAIRFAX COUNTY","848 - FAIR OAKS","11","Congressional","10","0","1097","5","1107","4129","211","4339"
"2021 November General ","2021-11-02 00:00:00","FAIRFAX COUNTY","849 - NEWGATE","10","Congressional","4","0","2078","2","2082","4958","173","5131"
"2021 November General ","2021-11-02 00:00:00","FAIRFAX COUNTY","850 - SOUTH RUN","10","Congressional","9","0","1177","5","1186","2971","119","3090"
"2021 November General ","2021-11-02 00:00:00","FAIRFAX COUNTY","851 - WILLOW SPRINGS","11","Congressional","10","0","1127","12","1137","2978","100","3078"
"2021 November General ","2021-11-02 00:00:00","FAIRFAX COUNTY","901 - CENTRE RIDGE","11","Congressional","13","0","1091","4","1104","3616","211","3827"
"2021 November General ","2021-11-02 00:00:00","FAIRFAX COUNTY","902 - BROOKFIELD","10","Congressional","13","0","1534","14","1547","4478","221","4699"
"2021 November General ","2021-11-02 00:00:00","FAIRFAX COUNTY","903 - CUB RUN","10","Congressional","13","0","1551","4","1564","4481","213","4693"
"2021 November General ","2021-11-02 00:00:00","FAIRFAX COUNTY","904 - STONECROFT","10","Congressional","5","0","581","3","586","1683","100","1781"
"2021 November General ","2021-11-02 00:00:00","FAIRFAX COUNTY","905 - FRANKLIN","10","Congressional","3","0","446","6","449","862","39","901"
"2021 November General ","2021-11-02 00:00:00","FAIRFAX COUNTY","908 - HIDDEN MEADOW","10","Congressional","5","0","1071","8","1076","2385","81","2466"
"2021 November General ","2021-11-02 00:00:00","FAIRFAX COUNTY","909 - OAK HILL","10","Congressional","6","0","977","4","983","2161","92","2253"
"2021 November General ","2021-11-02 00:00:00","FAIRFAX COUNTY","910 - LONDON TOWNE","11","Congressional","12","0","1351","6","1363","4206","201","4407"
"2021 November General ","2021-11-02 00:00:00","FAIRFAX COUNTY","911 - NAVY","10","Congressional","12","0","1443","9","1455","3860","152","4012"
"2021 November General ","2021-11-02 00:00:00","FAIRFAX COUNTY","913 - ROCKY RUN","10","Congressional","8","0","1675","14","1683","4533","150","4683"
"2021 November General ","2021-11-02 00:00:00","FAIRFAX COUNTY","914 - VALE","10","Congressional","5","0","988","5","993","2519","111","2630"
"2021 November General ","2021-11-02 00:00:00","FAIRFAX COUNTY","915 - VIRGINIA RUN","10","Congressional","6","0","1218","2","1224","2798","136","2934"
"2021 November General ","2021-11-02 00:00:00","FAIRFAX COUNTY","916 - WAPLES MILL","10","Congressional","13","0","1818","8","1831","4497","137","4634"
"2021 November General ","2021-11-02 00:00:00","FAIRFAX COUNTY","917 - STONE NORTH","10","Congressional","8","0","784","3","792","2081","91","2172"
"2021 November General ","2021-11-02 00:00:00","FAIRFAX COUNTY","918 - CENTREVILLE","11","Congressional","18","0","1531","5","1549","4939","275","5214"
"2021 November General ","2021-11-02 00:00:00","FAIRFAX COUNTY","919 - GREEN TRAILS","11","Congressional","17","0","1593","4","1610","4587","211","4798"
"2021 November General ","2021-11-02 00:00:00","FAIRFAX COUNTY","920 - CHANTILLY","10","Congressional","11","0","1116","2","1127","3326","107","3433"
"2021 November General ","2021-11-02 00:00:00","FAIRFAX COUNTY","921 - DEER PARK","10","Congressional","9","0","1328","6","1337","3538","127","3665"
"2021 November General ","2021-11-02 00:00:00","FAIRFAX COUNTY","923 - BULL RUN","10","Congressional","17","0","1077","11","1094","2649","101","2750"
"2021 November General ","2021-11-02 00:00:00","FAIRFAX COUNTY","924 - SPINDLE","11","Congressional","10","0","575","2","585","2278","164","2442"
"2021 November General ","2021-11-02 00:00:00","FAIRFAX COUNTY","925 - OLD MILL","10","Congressional","8","0","741","3","749","2015","101","2116"
"2021 November General ","2021-11-02 00:00:00","FAIRFAX COUNTY","926 - POWELL","11","Congressional","25","0","1635","6","1660","5658","305","5962"
"2021 November General ","2021-11-02 00:00:00","FAIRFAX COUNTY","927 - ARMFIELD","10","Congressional","2","0","811","0","813","2183","75","2258"
"2021 November General ","2021-11-02 00:00:00","FAIRFAX COUNTY","928 - POPLAR TREE","10","Congressional","10","0","1230","9","1240","2969","69","3038"
"2021 November General ","2021-11-02 00:00:00","FAIRFAX COUNTY","929 - DIFFICULT RUN","10","Congressional","1","0","383","5","384","790","25","815"
"2021 November General ","2021-11-02 00:00:00","FAIRFAX COUNTY","930 - LEES CORNER ","10","Congressional","11","0","937","1","948","2305","90","2395"
"2021 November General ","2021-11-02 00:00:00","FAIRFAX COUNTY","931 - CARSON","10","Congressional","5","0","1036","20","1041","3028","142","3170"
"2021 November General ","2021-11-02 00:00:00","FAIRFAX COUNTY","932 - STONE SOUTH","10","Congressional","2","0","593","2","595","1878","117","1995"
"2021 November General ","2021-11-02 00:00:00","FAIRFAX COUNTY","933 - COMPTON","11","Congressional","3","0","309","1","312","811","46","857"
"2021 November General ","2021-11-02 00:00:00","FALLS CHURCH CITY","##AB - Central Absentee Precinct","00","Local","0","952","0","0","952","0","0","0"
"2021 November General ","2021-11-02 00:00:00","FALLS CHURCH CITY","##AB - Central Absentee Precinct","08","Congressional","0","952","0","0","952","0","0","0"
"2021 November General ","2021-11-02 00:00:00","FALLS CHURCH CITY","##EV - Central Absentee Precinct","00","Local","0","2888","0","0","2888","0","0","0"
"2021 November General ","2021-11-02 00:00:00","FALLS CHURCH CITY","##EV - Central Absentee Precinct","00","Local","0","2888","0","15","2888","0","0","0"
"2021 November General ","2021-11-02 00:00:00","FALLS CHURCH CITY","##EV - Central Absentee Precinct","08","Congressional","0","2888","0","0","2888","0","0","0"
"2021 November General ","2021-11-02 00:00:00","FALLS CHURCH CITY","##PE - Central Absentee Precinct","00","Local","0","28","0","0","28","0","0","0"
"2021 November General ","2021-11-02 00:00:00","FALLS CHURCH CITY","##PE - Central Absentee Precinct","08","Congressional","0","28","0","0","28","0","0","0"
"2021 November General ","2021-11-02 00:00:00","FALLS CHURCH CITY","001 - FIRST WARD","08","Congressional","12","0","1157","14","1169","3396","216","3612"
"2021 November General ","2021-11-02 00:00:00","FALLS CHURCH CITY","002 - SECOND WARD","08","Congressional","8","0","892","3","900","2886","327","3213"
"2021 November General ","2021-11-02 00:00:00","FALLS CHURCH CITY","003 - THIRD WARD","08","Congressional","3","0","1105","5","1108","3785","227","4012"
"2021 November General ","2021-11-02 00:00:00","FAUQUIER COUNTY","##AB - Central Absentee Precinct","00","Local","0","196","0","0","196","0","0","0"
"2021 November General ","2021-11-02 00:00:00","FAUQUIER COUNTY","##AB - Central Absentee Precinct","00","Local","0","692","0","0","692","0","0","0"
"2021 November General ","2021-11-02 00:00:00","FAUQUIER COUNTY","##AB - Central Absentee Precinct","00","Local","0","1622","0","0","1622","0","0","0"
"2021 November General ","2021-11-02 00:00:00","FAUQUIER COUNTY","##AB - Central Absentee Precinct","00","Local","0","2510","0","0","2510","0","0","0"
"2021 November General ","2021-11-02 00:00:00","FAUQUIER COUNTY","##AB - Central Absentee Precinct","01","Congressional","0","340","0","0","340","0","0","0"
"2021 November General ","2021-11-02 00:00:00","FAUQUIER COUNTY","##AB - Central Absentee Precinct","05","Congressional","0","2170","0","0","2170","0","0","0"
"2021 November General ","2021-11-02 00:00:00","FAUQUIER COUNTY","##EV - Central Absentee Precinct","00","Local","0","1099","0","0","1099","0","0","0"
"2021 November General ","2021-11-02 00:00:00","FAUQUIER COUNTY","##EV - Central Absentee Precinct","00","Local","0","3136","0","0","3136","0","0","0"
"2021 November General ","2021-11-02 00:00:00","FAUQUIER COUNTY","##EV - Central Absentee Precinct","00","Local","0","6175","0","0","6175","0","0","0"
"2021 November General ","2021-11-02 00:00:00","FAUQUIER COUNTY","##EV - Central Absentee Precinct","00","Local","0","10410","0","0","10410","0","0","0"
"2021 November General ","2021-11-02 00:00:00","FAUQUIER COUNTY","##EV - Central Absentee Precinct","01","Congressional","0","1744","0","0","1744","0","0","0"
"2021 November General ","2021-11-02 00:00:00","FAUQUIER COUNTY","##EV - Central Absentee Precinct","05","Congressional","0","8666","0","0","8666","0","0","0"
"2021 November General ","2021-11-02 00:00:00","FAUQUIER COUNTY","##PE - Central Absentee Precinct","00","Local","0","3","0","0","3","0","0","0"
"2021 November General ","2021-11-02 00:00:00","FAUQUIER COUNTY","##PE - Central Absentee Precinct","00","Local","0","38","0","0","38","0","0","0"
"2021 November General ","2021-11-02 00:00:00","FAUQUIER COUNTY","##PE - Central Absentee Precinct","00","Local","0","61","0","0","61","0","0","0"
"2021 November General ","2021-11-02 00:00:00","FAUQUIER COUNTY","##PE - Central Absentee Precinct","00","Local","0","104","0","0","104","0","0","0"
"2021 November General ","2021-11-02 00:00:00","FAUQUIER COUNTY","##PE - Central Absentee Precinct","01","Congressional","0","25","0","0","25","0","0","0"
"2021 November General ","2021-11-02 00:00:00","FAUQUIER COUNTY","##PE - Central Absentee Precinct","05","Congressional","0","79","0","0","79","0","0","0"
"2021 November General ","2021-11-02 00:00:00","FAUQUIER COUNTY","101 - KETTLE RUN","05","Congressional","0","0","576","0","576","1278","45","1323"
"2021 November General ","2021-11-02 00:00:00","FAUQUIER COUNTY","102 - CATLETT","01","Congressional","0","0","1326","0","1326","3187","172","3359"
"2021 November General ","2021-11-02 00:00:00","FAUQUIER COUNTY","103 - CASANOVA","05","Congressional","0","0","635","0","635","1435","80","1515"
"2021 November General ","2021-11-02 00:00:00","FAUQUIER COUNTY","104 - LOIS","01","Congressional","0","0","608","0","608","1339","51","1390"
"2021 November General ","2021-11-02 00:00:00","FAUQUIER COUNTY","105 - OPAL","05","Congressional","0","0","638","0","638","1360","60","1420"
"2021 November General ","2021-11-02 00:00:00","FAUQUIER COUNTY","106 - BALDWIN RIDGE","05","Congressional","0","0","790","0","790","1824","78","1902"
"2021 November General ","2021-11-02 00:00:00","FAUQUIER COUNTY","201 - COURTHOUSE","05","Congressional","0","0","1346","0","1346","3672","231","3903"
"2021 November General ","2021-11-02 00:00:00","FAUQUIER COUNTY","202 - AIRLIE","05","Congressional","0","0","1056","0","1056","2695","124","2819"
"2021 November General ","2021-11-02 00:00:00","FAUQUIER COUNTY","203 - WARRENTON","05","Congressional","1","0","1240","0","1241","3263","223","3486"
"2021 November General ","2021-11-02 00:00:00","FAUQUIER COUNTY","301 - MORRISVILLE","01","Congressional","1","0","952","0","953","2130","92","2222"
"2021 November General ","2021-11-02 00:00:00","FAUQUIER COUNTY","302 - REMINGTON","05","Congressional","1","0","1312","0","1313","3207","173","3380"
"2021 November General ","2021-11-02 00:00:00","FAUQUIER COUNTY","303 - BEALETON","01","Congressional","0","0","1533","0","1533","4164","261","4425"
"2021 November General ","2021-11-02 00:00:00","FAUQUIER COUNTY","401 - MARSHALL","05","Congressional","0","0","1240","0","1240","2943","147","3090"
"2021 November General ","2021-11-02 00:00:00","FAUQUIER COUNTY","402 - LEEDS","05","Congressional","0","0","1213","0","1213","2574","143","2717"
"2021 November General ","2021-11-02 00:00:00","FAUQUIER COUNTY","403 - WATERLOO","05","Congressional","0","0","1170","0","1170","3236","124","3360"
"2021 November General ","2021-11-02 00:00:00","FAUQUIER COUNTY","404 - SPRINGS VALLEY","05","Congressional","0","0","590","0","590","1530","79","1609"
"2021 November General ","2021-11-02 00:00:00","FAUQUIER COUNTY","501 - THE PLAINS","05","Congressional","0","0","1148","0","1148","2462","175","2637"
"2021 November General ","2021-11-02 00:00:00","FAUQUIER COUNTY","502 - NEW BALTIMORE","05","Congressional","0","0","1186","0","1186","2743","143","2886"
"2021 November General ","2021-11-02 00:00:00","FAUQUIER COUNTY","503 - BROAD RUN","05","Congressional","0","0","932","0","932","2316","105","2421"
"2021 November General ","2021-11-02 00:00:00","FAUQUIER COUNTY","504 - VINT HILL","05","Congressional","0","0","1512","0","1512","4641","208","4849"
"2021 November General ","2021-11-02 00:00:00","FLOYD COUNTY","##AB - Central Absentee Precinct","00","Local","0","491","0","0","491","0","0","0"
"2021 November General ","2021-11-02 00:00:00","FLOYD COUNTY","##AB - Central Absentee Precinct","09","Congressional","0","491","0","0","491","0","0","0"
"2021 November General ","2021-11-02 00:00:00","FLOYD COUNTY","##EV - Central Absentee Precinct","00","Local","0","1888","0","65","1888","0","0","0"
"2021 November General ","2021-11-02 00:00:00","FLOYD COUNTY","##EV - Central Absentee Precinct","09","Congressional","0","1888","0","65","1888","0","0","0"
"2021 November General ","2021-11-02 00:00:00","FLOYD COUNTY","##PE - Central Absentee Precinct","00","Local","0","13","0","0","13","0","0","0"
"2021 November General ","2021-11-02 00:00:00","FLOYD COUNTY","##PE - Central Absentee Precinct","09","Congressional","0","13","0","0","13","0","0","0"
"2021 November General ","2021-11-02 00:00:00","FLOYD COUNTY","101 - LOCUST GROVE","09","Congressional","4","0","1075","71","1079","2237","85","2322"
"2021 November General ","2021-11-02 00:00:00","FLOYD COUNTY","201 - LITTLE RIVER","09","Congressional","3","0","1104","62","1107","2504","79","2583"
"2021 November General ","2021-11-02 00:00:00","FLOYD COUNTY","301 - COURTHOUSE","09","Congressional","6","0","795","31","801","2111","75","2186"
"2021 November General ","2021-11-02 00:00:00","FLOYD COUNTY","401 - BURKS FORK","09","Congressional","7","0","1022","166","1029","2221","80","2301"
"2021 November General ","2021-11-02 00:00:00","FLOYD COUNTY","501 - INDIAN VALLEY","09","Congressional","0","0","1125","30","1125","2174","50","2224"
"2021 November General ","2021-11-02 00:00:00","FLUVANNA COUNTY","##AB - Central Absentee Precinct","00","Local","0","300","0","0","300","0","0","0"
"2021 November General ","2021-11-02 00:00:00","FLUVANNA COUNTY","##AB - Central Absentee Precinct","00","Local","0","865","0","0","865","0","0","0"
"2021 November General ","2021-11-02 00:00:00","FLUVANNA COUNTY","##AB - Central Absentee Precinct","00","Local","0","1178","0","0","1178","0","0","0"
"2021 November General ","2021-11-02 00:00:00","FLUVANNA COUNTY","##AB - Central Absentee Precinct","05","Congressional","3","1178","0","0","1181","0","0","0"
"2021 November General ","2021-11-02 00:00:00","FLUVANNA COUNTY","##EV - Central Absentee Precinct","00","Local","0","863","0","0","863","0","0","0"
"2021 November General ","2021-11-02 00:00:00","FLUVANNA COUNTY","##EV - Central Absentee Precinct","00","Local","0","3803","0","0","3803","0","0","0"
"2021 November General ","2021-11-02 00:00:00","FLUVANNA COUNTY","##EV - Central Absentee Precinct","00","Local","0","4666","0","0","4666","0","0","0"
"2021 November General ","2021-11-02 00:00:00","FLUVANNA COUNTY","##EV - Central Absentee Precinct","05","Congressional","0","4666","0","0","4666","0","0","0"
"2021 November General ","2021-11-02 00:00:00","FLUVANNA COUNTY","##PE - Central Absentee Precinct","00","Local","0","14","0","0","14","0","0","0"
"2021 November General ","2021-11-02 00:00:00","FLUVANNA COUNTY","##PE - Central Absentee Precinct","00","Local","0","40","0","0","40","0","0","0"
"2021 November General ","2021-11-02 00:00:00","FLUVANNA COUNTY","##PE - Central Absentee Precinct","00","Local","0","41","0","0","41","0","0","0"
"2021 November General ","2021-11-02 00:00:00","FLUVANNA COUNTY","##PE - Central Absentee Precinct","05","Congressional","0","41","0","0","41","0","0","0"
"2021 November General ","2021-11-02 00:00:00","FLUVANNA COUNTY","101 - PALMYRA","05","Congressional","3","0","1455","0","1458","4579","155","4734"
"2021 November General ","2021-11-02 00:00:00","FLUVANNA COUNTY","201 - COLUMBIA","05","Congressional","3","0","65","0","68","3117","72","3189"
"2021 November General ","2021-11-02 00:00:00","FLUVANNA COUNTY","201 - COLUMBIA","05","Congressional","3","0","1170","0","1173","3117","72","3189"
"2021 November General ","2021-11-02 00:00:00","FLUVANNA COUNTY","301 - FORK UNION","05","Congressional","2","0","294","0","296","3354","85","3439"
"2021 November General ","2021-11-02 00:00:00","FLUVANNA COUNTY","301 - FORK UNION","05","Congressional","2","0","949","0","951","3354","85","3439"
"2021 November General ","2021-11-02 00:00:00","FLUVANNA COUNTY","401 - CUNNINGHAM","05","Congressional","1","0","1427","0","1428","4334","145","4479"
"2021 November General ","2021-11-02 00:00:00","FLUVANNA COUNTY","501 - RIVANNA","05","Congressional","6","0","1215","0","1221","4273","168","4441"
"2021 November General ","2021-11-02 00:00:00","FRANKLIN CITY","##AB - Central Absentee Precinct","00","Local","0","209","0","0","209","0","0","0"
"2021 November General ","2021-11-02 00:00:00","FRANKLIN CITY","##AB - Central Absentee Precinct","03","Congressional","0","209","0","0","209","0","0","0"
"2021 November General ","2021-11-02 00:00:00","FRANKLIN CITY","##EV - Central Absentee Precinct","00","Local","0","859","0","34","859","0","0","0"
"2021 November General ","2021-11-02 00:00:00","FRANKLIN CITY","##EV - Central Absentee Precinct","03","Congressional","0","859","0","34","859","0","0","0"
"2021 November General ","2021-11-02 00:00:00","FRANKLIN CITY","##PE - Central Absentee Precinct","00","Local","0","9","0","0","9","0","0","0"
"2021 November General ","2021-11-02 00:00:00","FRANKLIN CITY","##PE - Central Absentee Precinct","03","Congressional","0","9","0","0","9","0","0","0"
"2021 November General ","2021-11-02 00:00:00","FRANKLIN CITY","101 - PRECINCT 1-1","03","Congressional","0","0","455","1","455","1083","36","1119"
"2021 November General ","2021-11-02 00:00:00","FRANKLIN CITY","201 - PRECINCT 2-1","03","Congressional","0","0","432","4","432","1016","47","1063"
"2021 November General ","2021-11-02 00:00:00","FRANKLIN CITY","301 - PRECINCT 3-1","03","Congressional","0","0","267","6","267","866","32","898"
"2021 November General ","2021-11-02 00:00:00","FRANKLIN CITY","401 - PRECINCT 4-1","03","Congressional","0","0","191","2","191","813","45","858"
"2021 November General ","2021-11-02 00:00:00","FRANKLIN CITY","501 - PRECINCT 5-1","03","Congressional","0","0","217","14","217","775","43","818"
"2021 November General ","2021-11-02 00:00:00","FRANKLIN CITY","601 - PRECINCT 6-1","03","Congressional","4","0","340","4","344","935","76","1011"
"2021 November General ","2021-11-02 00:00:00","FRANKLIN COUNTY","##AB - Central Absentee Precinct","00","Local","0","231","0","0","231","0","0","0"
"2021 November General ","2021-11-02 00:00:00","FRANKLIN COUNTY","##AB - Central Absentee Precinct","00","Local","0","1107","0","0","1107","0","0","0"
"2021 November General ","2021-11-02 00:00:00","FRANKLIN COUNTY","##AB - Central Absentee Precinct","00","Local","0","1338","0","0","1338","0","0","0"
"2021 November General ","2021-11-02 00:00:00","FRANKLIN COUNTY","##AB - Central Absentee Precinct","05","Congressional","1","1338","0","0","1339","0","0","0"
"2021 November General ","2021-11-02 00:00:00","FRANKLIN COUNTY","##EV - Central Absentee Precinct","00","Local","0","777","0","0","777","0","0","0"
"2021 November General ","2021-11-02 00:00:00","FRANKLIN COUNTY","##EV - Central Absentee Precinct","00","Local","0","3726","0","12","3726","0","0","0"
"2021 November General ","2021-11-02 00:00:00","FRANKLIN COUNTY","##EV - Central Absentee Precinct","00","Local","0","4503","0","12","4503","0","0","0"
"2021 November General ","2021-11-02 00:00:00","FRANKLIN COUNTY","##EV - Central Absentee Precinct","05","Congressional","0","4503","0","12","4503","0","0","0"
"2021 November General ","2021-11-02 00:00:00","FRANKLIN COUNTY","##PE - Central Absentee Precinct","00","Local","0","11","0","0","11","0","0","0"
"2021 November General ","2021-11-02 00:00:00","FRANKLIN COUNTY","##PE - Central Absentee Precinct","00","Local","0","44","0","0","44","0","0","0"
"2021 November General ","2021-11-02 00:00:00","FRANKLIN COUNTY","##PE - Central Absentee Precinct","00","Local","0","55","0","0","55","0","0","0"
"2021 November General ","2021-11-02 00:00:00","FRANKLIN COUNTY","##PE - Central Absentee Precinct","05","Congressional","0","55","0","0","55","0","0","0"
"2021 November General ","2021-11-02 00:00:00","FRANKLIN COUNTY","102 - BURNT CHIMNEY","05","Congressional","2","0","1304","9","1306","2662","54","2716"
"2021 November General ","2021-11-02 00:00:00","FRANKLIN COUNTY","103 - SCRUGGS","05","Congressional","13","0","2087","4","2100","4473","140","4613"
"2021 November General ","2021-11-02 00:00:00","FRANKLIN COUNTY","201 - GLADE HILL","05","Congressional","1","0","1133","3","1134","2312","52","2364"
"2021 November General ","2021-11-02 00:00:00","FRANKLIN COUNTY","202 - PENHOOK","05","Congressional","2","0","809","11","811","1665","57","1722"
"2021 November General ","2021-11-02 00:00:00","FRANKLIN COUNTY","203 - HODGESVILLE","05","Congressional","0","0","189","1","189","398","13","411"
"2021 November General ","2021-11-02 00:00:00","FRANKLIN COUNTY","204 - DUDLEY","05","Congressional","0","0","153","0","153","1400","51","1451"
"2021 November General ","2021-11-02 00:00:00","FRANKLIN COUNTY","204 - DUDLEY","05","Congressional","0","0","525","11","525","1400","51","1451"
"2021 November General ","2021-11-02 00:00:00","FRANKLIN COUNTY","301 - SNOW CREEK","05","Congressional","1","0","529","8","530","1034","20","1054"
"2021 November General ","2021-11-02 00:00:00","FRANKLIN COUNTY","302 - FORK MOUNTAIN","05","Congressional","0","0","491","9","491","899","18","917"
"2021 November General ","2021-11-02 00:00:00","FRANKLIN COUNTY","303 - SONTAG","05","Congressional","0","0","798","3","798","1972","62","2034"
"2021 November General ","2021-11-02 00:00:00","FRANKLIN COUNTY","304 - DICKINSON","05","Congressional","1","0","377","0","378","763","8","771"
"2021 November General ","2021-11-02 00:00:00","FRANKLIN COUNTY","401 - HENRY","05","Congressional","1","0","895","0","896","1869","63","1932"
"2021 November General ","2021-11-02 00:00:00","FRANKLIN COUNTY","402 - FERRUM","05","Congressional","0","0","501","9","501","1241","51","1292"
"2021 November General ","2021-11-02 00:00:00","FRANKLIN COUNTY","403 - ENDICOTT","05","Congressional","1","0","524","11","525","1032","25","1057"
"2021 November General ","2021-11-02 00:00:00","FRANKLIN COUNTY","501 - WAIDSBORO","05","Congressional","4","0","591","4","595","1262","32","1294"
"2021 November General ","2021-11-02 00:00:00","FRANKLIN COUNTY","502 - CALLAWAY","05","Congressional","4","0","865","4","869","1682","38","1720"
"2021 November General ","2021-11-02 00:00:00","FRANKLIN COUNTY","503 - BOWMANS","05","Congressional","2","0","500","2","502","924","33","957"
"2021 November General ","2021-11-02 00:00:00","FRANKLIN COUNTY","504 - GOGGINSVILLE","05","Congressional","1","0","747","0","748","1327","32","1359"
"2021 November General ","2021-11-02 00:00:00","FRANKLIN COUNTY","601 - BOONES MILL","05","Congressional","3","0","1076","15","1079","2335","59","2394"
"2021 November General ","2021-11-02 00:00:00","FRANKLIN COUNTY","602 - BONBROOK","05","Congressional","1","0","1031","9","1032","2047","54","2101"
"2021 November General ","2021-11-02 00:00:00","FRANKLIN COUNTY","603 - COOPERS COVE","05","Congressional","0","0","785","14","785","1434","40","1474"
"2021 November General ","2021-11-02 00:00:00","FRANKLIN COUNTY","701 - ROCKY MOUNT EAST","05","Congressional","4","0","177","0","181","2273","95","2368"
"2021 November General ","2021-11-02 00:00:00","FRANKLIN COUNTY","701 - ROCKY MOUNT EAST","05","Congressional","4","0","714","15","718","2273","95","2368"
"2021 November General ","2021-11-02 00:00:00","FRANKLIN COUNTY","702 - ROCKY MOUNT WEST","05","Congressional","3","0","627","15","630","1634","54","1688"
"2021 November General ","2021-11-02 00:00:00","FRANKLIN COUNTY","703 - ROCKY MOUNT SOUTH","05","Congressional","0","0","538","8","538","1336","32","1368"
"2021 November General ","2021-11-02 00:00:00","FREDERICK COUNTY","##AB - Central Absentee Precinct","00","Local","0","342","0","0","342","0","0","0"
"2021 November General ","2021-11-02 00:00:00","FREDERICK COUNTY","##AB - Central Absentee Precinct","00","Local","0","536","0","0","536","0","0","0"
"2021 November General ","2021-11-02 00:00:00","FREDERICK COUNTY","##AB - Central Absentee Precinct","00","Local","0","1477","0","0","1477","0","0","0"
"2021 November General ","2021-11-02 00:00:00","FREDERICK COUNTY","##AB - Central Absentee Precinct","00","Local","0","2355","0","0","2355","0","0","0"
"2021 November General ","2021-11-02 00:00:00","FREDERICK COUNTY","##AB - Central Absentee Precinct","10","Congressional","0","2355","0","0","2355","0","0","0"
"2021 November General ","2021-11-02 00:00:00","FREDERICK COUNTY","##EV - Central Absentee Precinct","00","Local","0","1201","0","0","1201","0","0","0"
"2021 November General ","2021-11-02 00:00:00","FREDERICK COUNTY","##EV - Central Absentee Precinct","00","Local","0","1643","0","0","1643","0","0","0"
"2021 November General ","2021-11-02 00:00:00","FREDERICK COUNTY","##EV - Central Absentee Precinct","00","Local","0","4673","0","0","4673","0","0","0"
"2021 November General ","2021-11-02 00:00:00","FREDERICK COUNTY","##EV - Central Absentee Precinct","00","Local","0","7517","0","0","7517","0","0","0"
"2021 November General ","2021-11-02 00:00:00","FREDERICK COUNTY","##EV - Central Absentee Precinct","10","Congressional","0","7517","0","0","7517","0","0","0"
"2021 November General ","2021-11-02 00:00:00","FREDERICK COUNTY","##PE - Central Absentee Precinct","00","Local","0","22","0","0","22","0","0","0"
"2021 November General ","2021-11-02 00:00:00","FREDERICK COUNTY","##PE - Central Absentee Precinct","00","Local","0","35","0","0","35","0","0","0"
"2021 November General ","2021-11-02 00:00:00","FREDERICK COUNTY","##PE - Central Absentee Precinct","00","Local","0","82","0","0","82","0","0","0"
"2021 November General ","2021-11-02 00:00:00","FREDERICK COUNTY","##PE - Central Absentee Precinct","00","Local","0","139","0","0","139","0","0","0"
"2021 November General ","2021-11-02 00:00:00","FREDERICK COUNTY","##PE - Central Absentee Precinct","10","Congressional","0","139","0","0","139","0","0","0"
"2021 November General ","2021-11-02 00:00:00","FREDERICK COUNTY","101 - RUSSELLS","10","Congressional","0","0","1169","0","1169","2370","63","2433"
"2021 November General ","2021-11-02 00:00:00","FREDERICK COUNTY","102 - GORE","10","Congressional","2","0","1536","2","1538","3250","159","3409"
"2021 November General ","2021-11-02 00:00:00","FREDERICK COUNTY","103 - KERNSTOWN","10","Congressional","3","0","1336","1","1339","2859","88","2947"
"2021 November General ","2021-11-02 00:00:00","FREDERICK COUNTY","104 - CEDAR CREEK","10","Congressional","1","0","886","1","887","1897","83","1980"
"2021 November General ","2021-11-02 00:00:00","FREDERICK COUNTY","201 - GAINESBOROUGH","10","Congressional","1","0","829","2","830","1659","59","1718"
"2021 November General ","2021-11-02 00:00:00","FREDERICK COUNTY","202 - ALBIN","10","Congressional","0","0","1122","1","1122","2556","85","2641"
"2021 November General ","2021-11-02 00:00:00","FREDERICK COUNTY","203 - REDLAND","10","Congressional","1","0","1581","1","1582","3505","157","3662"
"2021 November General ","2021-11-02 00:00:00","FREDERICK COUNTY","204 - NAIN","10","Congressional","2","0","1005","0","1007","2804","100","2904"
"2021 November General ","2021-11-02 00:00:00","FREDERICK COUNTY","301 - CLEAR BROOK","10","Congressional","1","0","804","3","805","1771","76","1847"
"2021 November General ","2021-11-02 00:00:00","FREDERICK COUNTY","302 - NEFF'S TOWN","10","Congressional","6","0","1737","11","1743","4827","295","5122"
"2021 November General ","2021-11-02 00:00:00","FREDERICK COUNTY","303 - WHITE HALL","10","Congressional","2","0","1591","4","1593","3812","161","3973"
"2021 November General ","2021-11-02 00:00:00","FREDERICK COUNTY","401 - CARPERS VALLEY","10","Congressional","3","0","1081","2","1084","2737","114","2851"
"2021 November General ","2021-11-02 00:00:00","FREDERICK COUNTY","402 - SHENANDOAH","10","Congressional","1","0","805","0","806","1913","78","1991"
"2021 November General ","2021-11-02 00:00:00","FREDERICK COUNTY","403 - PARKIN'S MILL","10","Congressional","2","0","1271","0","1273","2856","152","3008"
"2021 November General ","2021-11-02 00:00:00","FREDERICK COUNTY","404 - ARMEL","10","Congressional","3","0","1162","0","1165","2531","93","2624"
"2021 November General ","2021-11-02 00:00:00","FREDERICK COUNTY","501 - STEPHENS CITY","10","Congressional","1","0","1398","11","1399","3133","119","3252"
"2021 November General ","2021-11-02 00:00:00","FREDERICK COUNTY","502 - NEWTOWN","10","Congressional","0","0","1681","3","1681","4044","226","4270"
"2021 November General ","2021-11-02 00:00:00","FREDERICK COUNTY","503 - CANTERBURG","10","Congressional","4","0","1664","11","1668","4427","169","4596"
"2021 November General ","2021-11-02 00:00:00","FREDERICK COUNTY","601 - MILLBROOK","10","Congressional","1","0","832","6","833","1980","115","2095"
"2021 November General ","2021-11-02 00:00:00","FREDERICK COUNTY","602 - ASH HOLLOW","10","Congressional","0","0","991","3","991","2879","216","3095"
"2021 November General ","2021-11-02 00:00:00","FREDERICK COUNTY","603 - GREENWOOD","10","Congressional","6","0","1902","1","1908","4465","211","4676"
"2021 November General ","2021-11-02 00:00:00","FREDERICKSBURG CITY","##AB - Central Absentee Precinct","00","Local","0","390","0","0","390","0","0","0"
"2021 November General ","2021-11-02 00:00:00","FREDERICKSBURG CITY","##AB - Central Absentee Precinct","00","Local","0","650","0","0","650","0","0","0"
"2021 November General ","2021-11-02 00:00:00","FREDERICKSBURG CITY","##AB - Central Absentee Precinct","00","Local","0","1044","0","0","1044","0","0","0"
"2021 November General ","2021-11-02 00:00:00","FREDERICKSBURG CITY","##AB - Central Absentee Precinct","01","Congressional","0","1044","0","0","1044","0","0","0"
"2021 November General ","2021-11-02 00:00:00","FREDERICKSBURG CITY","##EV - Central Absentee Precinct","00","Local","0","1018","0","0","1018","0","0","0"
"2021 November General ","2021-11-02 00:00:00","FREDERICKSBURG CITY","##EV - Central Absentee Precinct","00","Local","0","1539","0","0","1539","0","0","0"
"2021 November General ","2021-11-02 00:00:00","FREDERICKSBURG CITY","##EV - Central Absentee Precinct","00","Local","0","2557","0","72","2557","0","0","0"
"2021 November General ","2021-11-02 00:00:00","FREDERICKSBURG CITY","##EV - Central Absentee Precinct","01","Congressional","0","2557","0","0","2557","0","0","0"
"2021 November General ","2021-11-02 00:00:00","FREDERICKSBURG CITY","##PE - Central Absentee Precinct","00","Local","0","5","0","0","5","0","0","0"
"2021 November General ","2021-11-02 00:00:00","FREDERICKSBURG CITY","##PE - Central Absentee Precinct","00","Local","0","7","0","0","7","0","0","0"
"2021 November General ","2021-11-02 00:00:00","FREDERICKSBURG CITY","##PE - Central Absentee Precinct","00","Local","0","12","0","0","12","0","0","0"
"2021 November General ","2021-11-02 00:00:00","FREDERICKSBURG CITY","##PE - Central Absentee Precinct","01","Congressional","0","12","0","0","12","0","0","0"
"2021 November General ","2021-11-02 00:00:00","FREDERICKSBURG CITY","101 - PRECINCT 1 - DISTRICT ONE","01","Congressional","10","0","1597","20","1607","5043","376","5419"
"2021 November General ","2021-11-02 00:00:00","FREDERICKSBURG CITY","201 - PRECINCT 1 - DISTRICT TWO","01","Congressional","0","0","236","0","236","3637","220","3857"
"2021 November General ","2021-11-02 00:00:00","FREDERICKSBURG CITY","201 - PRECINCT 1 - DISTRICT TWO","01","Congressional","0","0","1112","7","1112","3637","220","3857"
"2021 November General ","2021-11-02 00:00:00","FREDERICKSBURG CITY","301 - PRECINCT 1 - DISTRICT THREE","01","Congressional","14","0","1184","11","1198","3905","332","4237"
"2021 November General ","2021-11-02 00:00:00","FREDERICKSBURG CITY","401 - PRECINCT 1 - DISTRICT FOUR","01","Congressional","5","0","3","0","8","2375","164","2539"
"2021 November General ","2021-11-02 00:00:00","FREDERICKSBURG CITY","401 - PRECINCT 1 - DISTRICT FOUR","01","Congressional","5","0","714","30","719","2375","164","2539"
"2021 November General ","2021-11-02 00:00:00","FREDERICKSBURG CITY","402 - PRECINCT 2 - DISTRICT FOUR","01","Congressional","9","0","161","0","170","2189","213","2402"
"2021 November General ","2021-11-02 00:00:00","FREDERICKSBURG CITY","402 - PRECINCT 2 - DISTRICT FOUR","01","Congressional","9","0","423","2","432","2189","213","2402"
"2021 November General ","2021-11-02 00:00:00","GALAX CITY","##AB - Central Absentee Precinct","00","Local","0","126","0","0","126","0","0","0"
"2021 November General ","2021-11-02 00:00:00","GALAX CITY","##AB - Central Absentee Precinct","09","Congressional","0","126","0","0","126","0","0","0"
"2021 November General ","2021-11-02 00:00:00","GALAX CITY","##EV - Central Absentee Precinct","00","Local","0","551","0","36","551","0","0","0"
"2021 November General ","2021-11-02 00:00:00","GALAX CITY","##EV - Central Absentee Precinct","09","Congressional","0","551","0","36","551","0","0","0"
"2021 November General ","2021-11-02 00:00:00","GALAX CITY","##PE - Central Absentee Precinct","00","Local","0","3","0","0","3","0","0","0"
"2021 November General ","2021-11-02 00:00:00","GALAX CITY","##PE - Central Absentee Precinct","09","Congressional","0","3","0","0","3","0","0","0"
"2021 November General ","2021-11-02 00:00:00","GALAX CITY","001 - EAST","09","Congressional","1","0","565","10","566","1774","75","1849"
"2021 November General ","2021-11-02 00:00:00","GALAX CITY","005 - WEST","09","Congressional","3","0","703","6","706","1990","93","2083"
"2021 November General ","2021-11-02 00:00:00","GILES COUNTY","##AB - Central Absentee Precinct","00","Local","0","308","0","0","308","0","0","0"
"2021 November General ","2021-11-02 00:00:00","GILES COUNTY","##AB - Central Absentee Precinct","09","Congressional","0","308","0","0","308","0","0","0"
"2021 November General ","2021-11-02 00:00:00","GILES COUNTY","##EV - Central Absentee Precinct","00","Local","0","2512","0","31","2512","0","0","0"
"2021 November General ","2021-11-02 00:00:00","GILES COUNTY","##EV - Central Absentee Precinct","09","Congressional","0","2512","0","31","2512","0","0","0"
"2021 November General ","2021-11-02 00:00:00","GILES COUNTY","##PE - Central Absentee Precinct","00","Local","0","6","0","0","6","0","0","0"
"2021 November General ","2021-11-02 00:00:00","GILES COUNTY","##PE - Central Absentee Precinct","09","Congressional","0","6","0","0","6","0","0","0"
"2021 November General ","2021-11-02 00:00:00","GILES COUNTY","101 - GLEN LYN","09","Congressional","0","0","85","0","85","180","11","191"
"2021 November General ","2021-11-02 00:00:00","GILES COUNTY","102 - RICH CREEK","09","Congressional","0","0","349","3","349","842","37","879"
"2021 November General ","2021-11-02 00:00:00","GILES COUNTY","103 - NARROWS","09","Congressional","0","0","872","5","872","2417","78","2495"
"2021 November General ","2021-11-02 00:00:00","GILES COUNTY","201 - PEARISBURG","09","Congressional","0","0","874","5","874","3102","93","3195"
"2021 November General ","2021-11-02 00:00:00","GILES COUNTY","202 - STAFFORDSVILLE","09","Congressional","0","0","251","1","251","515","13","528"
"2021 November General ","2021-11-02 00:00:00","GILES COUNTY","203 - WHITE GATE","09","Congressional","0","0","169","2","169","286","8","294"
"2021 November General ","2021-11-02 00:00:00","GILES COUNTY","301 - EGGLESTON","09","Congressional","0","0","439","0","439","877","19","896"
"2021 November General ","2021-11-02 00:00:00","GILES COUNTY","302 - PEMBROKE","09","Congressional","0","0","945","6","945","2253","53","2306"
"2021 November General ","2021-11-02 00:00:00","GILES COUNTY","303 - NEWPORT","09","Congressional","1","0","591","0","592","1133","33","1166"
"2021 November General ","2021-11-02 00:00:00","GLOUCESTER COUNTY","##AB - Central Absentee Precinct","00","Local","0","912","0","0","912","0","0","0"
"2021 November General ","2021-11-02 00:00:00","GLOUCESTER COUNTY","##AB - Central Absentee Precinct","01","Congressional","0","912","0","0","912","0","0","0"
"2021 November General ","2021-11-02 00:00:00","GLOUCESTER COUNTY","##EV - Central Absentee Precinct","00","Local","0","3920","0","0","3920","0","0","0"
"2021 November General ","2021-11-02 00:00:00","GLOUCESTER COUNTY","##EV - Central Absentee Precinct","00","Local","0","3920","0","68","3920","0","0","0"
"2021 November General ","2021-11-02 00:00:00","GLOUCESTER COUNTY","##EV - Central Absentee Precinct","01","Congressional","0","3920","0","0","3920","0","0","0"
"2021 November General ","2021-11-02 00:00:00","GLOUCESTER COUNTY","##PE - Central Absentee Precinct","00","Local","0","22","0","0","22","0","0","0"
"2021 November General ","2021-11-02 00:00:00","GLOUCESTER COUNTY","##PE - Central Absentee Precinct","01","Congressional","0","22","0","0","22","0","0","0"
"2021 November General ","2021-11-02 00:00:00","GLOUCESTER COUNTY","101 - HARCUM","01","Congressional","5","0","1003","8","1008","2092","72","2164"
"2021 November General ","2021-11-02 00:00:00","GLOUCESTER COUNTY","102 - SALEM","01","Congressional","1","0","863","7","864","1842","45","1887"
"2021 November General ","2021-11-02 00:00:00","GLOUCESTER COUNTY","103 - PEASLEY","01","Congressional","0","0","694","8","694","1370","48","1418"
"2021 November General ","2021-11-02 00:00:00","GLOUCESTER COUNTY","201 - COURTHOUSE","01","Congressional","1","0","851","3","852","2130","53","2183"
"2021 November General ","2021-11-02 00:00:00","GLOUCESTER COUNTY","202 - BOTETOURT","01","Congressional","2","0","1308","11","1310","3335","121","3456"
"2021 November General ","2021-11-02 00:00:00","GLOUCESTER COUNTY","301 - WHITE MARSH","01","Congressional","0","0","1114","13","1114","2529","85","2614"
"2021 November General ","2021-11-02 00:00:00","GLOUCESTER COUNTY","302 - ROANES","01","Congressional","0","0","1335","17","1335","3359","115","3474"
"2021 November General ","2021-11-02 00:00:00","GLOUCESTER COUNTY","401 - HAYES","01","Congressional","2","0","1311","10","1313","3099","127","3226"
"2021 November General ","2021-11-02 00:00:00","GLOUCESTER COUNTY","402 - SARAHS CREEK","01","Congressional","2","0","1171","9","1173","2465","88","2553"
"2021 November General ","2021-11-02 00:00:00","GLOUCESTER COUNTY","501 - ACHILLES","01","Congressional","2","0","1766","32","1768","3482","123","3605"
"2021 November General ","2021-11-02 00:00:00","GLOUCESTER COUNTY","502 - WALKER","01","Congressional","1","0","1118","18","1119","2614","80","2694"
"2021 November General ","2021-11-02 00:00:00","GOOCHLAND COUNTY","##AB - Central Absentee Precinct","00","Local","0","268","0","0","268","0","0","0"
"2021 November General ","2021-11-02 00:00:00","GOOCHLAND COUNTY","##AB - Central Absentee Precinct","00","Local","0","709","0","0","709","0","0","0"
"2021 November General ","2021-11-02 00:00:00","GOOCHLAND COUNTY","##AB - Central Absentee Precinct","00","Local","0","940","0","0","940","0","0","0"
"2021 November General ","2021-11-02 00:00:00","GOOCHLAND COUNTY","##AB - Central Absentee Precinct","07","Congressional","0","940","0","0","940","0","0","0"
"2021 November General ","2021-11-02 00:00:00","GOOCHLAND COUNTY","##EV - Central Absentee Precinct","00","Local","0","2043","0","0","2043","0","0","0"
"2021 November General ","2021-11-02 00:00:00","GOOCHLAND COUNTY","##EV - Central Absentee Precinct","00","Local","0","3436","0","0","3436","0","0","0"
"2021 November General ","2021-11-02 00:00:00","GOOCHLAND COUNTY","##EV - Central Absentee Precinct","00","Local","0","5479","0","13","5479","0","0","0"
"2021 November General ","2021-11-02 00:00:00","GOOCHLAND COUNTY","##EV - Central Absentee Precinct","07","Congressional","0","5479","0","0","5479","0","0","0"
"2021 November General ","2021-11-02 00:00:00","GOOCHLAND COUNTY","##PE - Central Absentee Precinct","00","Local","0","13","0","0","13","0","0","0"
"2021 November General ","2021-11-02 00:00:00","GOOCHLAND COUNTY","##PE - Central Absentee Precinct","00","Local","0","27","0","0","27","0","0","0"
"2021 November General ","2021-11-02 00:00:00","GOOCHLAND COUNTY","##PE - Central Absentee Precinct","00","Local","0","40","0","0","40","0","0","0"
"2021 November General ","2021-11-02 00:00:00","GOOCHLAND COUNTY","##PE - Central Absentee Precinct","07","Congressional","0","40","0","0","40","0","0","0"
"2021 November General ","2021-11-02 00:00:00","GOOCHLAND COUNTY","101 - FIFE","07","Congressional","0","0","601","6","601","1402","45","1447"
"2021 November General ","2021-11-02 00:00:00","GOOCHLAND COUNTY","102 - HADENSVILLE","07","Congressional","3","0","46","0","49","2232","67","2299"
"2021 November General ","2021-11-02 00:00:00","GOOCHLAND COUNTY","102 - HADENSVILLE","07","Congressional","3","0","922","5","925","2232","67","2299"
"2021 November General ","2021-11-02 00:00:00","GOOCHLAND COUNTY","201 - THREE SQUARE","07","Congressional","0","0","274","2","274","630","14","644"
"2021 November General ","2021-11-02 00:00:00","GOOCHLAND COUNTY","202 - SANDY HOOK","07","Congressional","1","0","50","0","51","2833","62","2895"
"2021 November General ","2021-11-02 00:00:00","GOOCHLAND COUNTY","202 - SANDY HOOK","07","Congressional","1","0","915","11","916","2833","62","2895"
"2021 November General ","2021-11-02 00:00:00","GOOCHLAND COUNTY","301 - GOOCHLAND COURT HOUSE 1","07","Congressional","0","0","629","2","629","1916","44","1960"
"2021 November General ","2021-11-02 00:00:00","GOOCHLAND COUNTY","302 - GOOCHLAND COURT HOUSE 2","07","Congressional","0","0","285","3","285","878","28","906"
"2021 November General ","2021-11-02 00:00:00","GOOCHLAND COUNTY","401 - SHALLOW WELL","07","Congressional","4","0","1084","8","1088","2671","62","2733"
"2021 November General ","2021-11-02 00:00:00","GOOCHLAND COUNTY","402 - CENTERVILLE","07","Congressional","1","0","1081","14","1082","2503","70","2573"
"2021 November General ","2021-11-02 00:00:00","GOOCHLAND COUNTY","501 - MANAKIN","07","Congressional","3","0","1306","9","1309","2929","54","2983"
"2021 November General ","2021-11-02 00:00:00","GOOCHLAND COUNTY","502 - BLAIR","07","Congressional","2","0","889","3","891","1931","106","2037"
"2021 November General ","2021-11-02 00:00:00","GRAYSON COUNTY","##AB - Central Absentee Precinct","00","Local","0","364","0","0","364","0","0","0"
"2021 November General ","2021-11-02 00:00:00","GRAYSON COUNTY","##AB - Central Absentee Precinct","09","Congressional","0","364","0","0","364","0","0","0"
"2021 November General ","2021-11-02 00:00:00","GRAYSON COUNTY","##EV - Central Absentee Precinct","00","Local","0","918","0","29","918","0","0","0"
"2021 November General ","2021-11-02 00:00:00","GRAYSON COUNTY","##EV - Central Absentee Precinct","09","Congressional","0","918","0","29","918","0","0","0"
"2021 November General ","2021-11-02 00:00:00","GRAYSON COUNTY","##PE - Central Absentee Precinct","00","Local","0","3","0","0","3","0","0","0"
"2021 November General ","2021-11-02 00:00:00","GRAYSON COUNTY","##PE - Central Absentee Precinct","09","Congressional","0","3","0","0","3","0","0","0"
"2021 November General ","2021-11-02 00:00:00","GRAYSON COUNTY","101 - BRIDLE CREEK","09","Congressional","0","0","231","0","231","406","11","417"
"2021 November General ","2021-11-02 00:00:00","GRAYSON COUNTY","102 - FLATRIDGE","09","Congressional","0","0","122","0","122","242","7","249"
"2021 November General ","2021-11-02 00:00:00","GRAYSON COUNTY","103 - GRANT","09","Congressional","0","0","239","4","239","433","14","447"
"2021 November General ","2021-11-02 00:00:00","GRAYSON COUNTY","104 - MOUTH OF WILSON","09","Congressional","0","0","133","0","133","280","13","293"
"2021 November General ","2021-11-02 00:00:00","GRAYSON COUNTY","105 - MOUNT ROGERS","09","Congressional","0","0","168","0","168","355","9","364"
"2021 November General ","2021-11-02 00:00:00","GRAYSON COUNTY","106 - RUGBY","09","Congressional","0","0","187","0","187","330","5","335"
"2021 November General ","2021-11-02 00:00:00","GRAYSON COUNTY","107 - TROUTDALE","09","Congressional","0","0","107","0","107","198","4","202"
"2021 November General ","2021-11-02 00:00:00","GRAYSON COUNTY","108 - COMERS ROCK","09","Congressional","0","0","160","0","160","278","6","284"
"2021 November General ","2021-11-02 00:00:00","GRAYSON COUNTY","202 - ELK CREEK","09","Congressional","0","0","355","0","355","688","17","705"
"2021 November General ","2021-11-02 00:00:00","GRAYSON COUNTY","203 - INDEPENDENCE","09","Congressional","0","0","835","11","835","2001","54","2055"
"2021 November General ","2021-11-02 00:00:00","GRAYSON COUNTY","301 - BAYWOOD","09","Congressional","0","0","533","1","533","1125","51","1176"
"2021 November General ","2021-11-02 00:00:00","GRAYSON COUNTY","302 - FAIRVIEW","09","Congressional","0","0","672","6","672","1524","40","1564"
"2021 November General ","2021-11-02 00:00:00","GRAYSON COUNTY","401 - FRIES","09","Congressional","0","0","306","3","306","627","20","647"
"2021 November General ","2021-11-02 00:00:00","GRAYSON COUNTY","402 - PROVIDENCE","09","Congressional","0","0","651","11","651","1321","24","1345"
"2021 November General ","2021-11-02 00:00:00","GRAYSON COUNTY","403 - OLDTOWN","09","Congressional","0","0","264","0","264","614","18","632"
"2021 November General ","2021-11-02 00:00:00","GREENE COUNTY","##AB - Central Absentee Precinct","00","Local","0","610","0","0","610","0","0","0"
"2021 November General ","2021-11-02 00:00:00","GREENE COUNTY","##AB - Central Absentee Precinct","05","Congressional","0","610","0","0","610","0","0","0"
"2021 November General ","2021-11-02 00:00:00","GREENE COUNTY","##EV - Central Absentee Precinct","00","Local","0","2868","0","18","2868","0","0","0"
"2021 November General ","2021-11-02 00:00:00","GREENE COUNTY","##EV - Central Absentee Precinct","05","Congressional","0","2868","0","18","2868","0","0","0"
"2021 November General ","2021-11-02 00:00:00","GREENE COUNTY","##PE - Central Absentee Precinct","00","Local","0","29","0","0","29","0","0","0"
"2021 November General ","2021-11-02 00:00:00","GREENE COUNTY","##PE - Central Absentee Precinct","05","Congressional","0","29","0","0","29","0","0","0"
"2021 November General ","2021-11-02 00:00:00","GREENE COUNTY","101 - DYKE","05","Congressional","1","0","645","1","646","1315","25","1340"
"2021 November General ","2021-11-02 00:00:00","GREENE COUNTY","102 - SWIFT RUN","05","Congressional","8","0","773","0","781","2005","54","2059"
"2021 November General ","2021-11-02 00:00:00","GREENE COUNTY","201 - RUCKERSVILLE","05","Congressional","6","0","1422","5","1428","3755","135","3890"
"2021 November General ","2021-11-02 00:00:00","GREENE COUNTY","301 - STANARDSVILLE","05","Congressional","3","0","1102","6","1105","3160","90","3250"
"2021 November General ","2021-11-02 00:00:00","GREENE COUNTY","401 - MIDWAY","05","Congressional","1","0","1405","1","1406","3749","106","3855"
"2021 November General ","2021-11-02 00:00:00","GREENSVILLE COUNTY","##AB - Central Absentee Precinct","00","Local","0","296","0","0","296","0","0","0"
"2021 November General ","2021-11-02 00:00:00","GREENSVILLE COUNTY","##AB - Central Absentee Precinct","04","Congressional","0","296","0","0","296","0","0","0"
"2021 November General ","2021-11-02 00:00:00","GREENSVILLE COUNTY","##EV - Central Absentee Precinct","00","Local","0","786","0","31","786","0","0","0"
"2021 November General ","2021-11-02 00:00:00","GREENSVILLE COUNTY","##EV - Central Absentee Precinct","04","Congressional","0","786","0","31","786","0","0","0"
"2021 November General ","2021-11-02 00:00:00","GREENSVILLE COUNTY","##PE - Central Absentee Precinct","00","Local","0","1","0","0","1","0","0","0"
"2021 November General ","2021-11-02 00:00:00","GREENSVILLE COUNTY","##PE - Central Absentee Precinct","04","Congressional","0","1","0","0","1","0","0","0"
"2021 November General ","2021-11-02 00:00:00","GREENSVILLE COUNTY","101 - PRECINCT 1-A","04","Congressional","0","0","304","0","304","667","12","679"
"2021 November General ","2021-11-02 00:00:00","GREENSVILLE COUNTY","102 - PRECINCT 1-B","04","Congressional","0","0","129","0","129","286","9","295"
"2021 November General ","2021-11-02 00:00:00","GREENSVILLE COUNTY","103 - PRECINCT 1-C","04","Congressional","0","0","179","1","179","531","19","550"
"2021 November General ","2021-11-02 00:00:00","GREENSVILLE COUNTY","201 - PRECINCT 2-A","04","Congressional","0","0","298","3","298","768","28","796"
"2021 November General ","2021-11-02 00:00:00","GREENSVILLE COUNTY","202 - PRECINCT 2-B","04","Congressional","0","0","396","11","396","848","26","874"
"2021 November General ","2021-11-02 00:00:00","GREENSVILLE COUNTY","302 - PRECINCT 3-A","04","Congressional","0","0","563","0","563","1559","58","1617"
"2021 November General ","2021-11-02 00:00:00","GREENSVILLE COUNTY","401 - PRECINCT 4-A","04","Congressional","0","0","210","0","210","424","12","436"
"2021 November General ","2021-11-02 00:00:00","GREENSVILLE COUNTY","402 - PRECINCT 4-B","04","Congressional","0","0","330","4","330","759","27","786"
"2021 November General ","2021-11-02 00:00:00","GREENSVILLE COUNTY","403 - PRECINCT 4-C","04","Congressional","0","0","155","0","155","331","9","340"
"2021 November General ","2021-11-02 00:00:00","HALIFAX COUNTY","##AB - Central Absentee Precinct","00","Local","0","821","0","0","821","0","0","0"
"2021 November General ","2021-11-02 00:00:00","HALIFAX COUNTY","##AB - Central Absentee Precinct","05","Congressional","0","821","0","0","821","0","0","0"
"2021 November General ","2021-11-02 00:00:00","HALIFAX COUNTY","##EV - Central Absentee Precinct","00","Local","0","3351","0","0","3351","0","0","0"
"2021 November General ","2021-11-02 00:00:00","HALIFAX COUNTY","##EV - Central Absentee Precinct","05","Congressional","0","3351","0","0","3351","0","0","0"
"2021 November General ","2021-11-02 00:00:00","HALIFAX COUNTY","##PE - Central Absentee Precinct","00","Local","0","20","0","0","20","0","0","0"
"2021 November General ","2021-11-02 00:00:00","HALIFAX COUNTY","##PE - Central Absentee Precinct","05","Congressional","0","20","0","0","20","0","0","0"
"2021 November General ","2021-11-02 00:00:00","HALIFAX COUNTY","101 - CHILDREY","05","Congressional","1","0","531","0","532","1045","21","1066"
"2021 November General ","2021-11-02 00:00:00","HALIFAX COUNTY","102 - LIBERTY","05","Congressional","0","0","259","2","259","558","15","573"
"2021 November General ","2021-11-02 00:00:00","HALIFAX COUNTY","103 - REPUBLICAN GROVE","05","Congressional","1","0","509","0","510","1226","35","1261"
"2021 November General ","2021-11-02 00:00:00","HALIFAX COUNTY","201 - CLAYS MILL","05","Congressional","0","0","370","0","370","811","11","822"
"2021 November General ","2021-11-02 00:00:00","HALIFAX COUNTY","202 - CROSSROADS","05","Congressional","0","0","360","0","360","731","17","748"
"2021 November General ","2021-11-02 00:00:00","HALIFAX COUNTY","203 - CLOVER","05","Congressional","0","0","486","8","486","1243","26","1269"
"2021 November General ","2021-11-02 00:00:00","HALIFAX COUNTY","302 - MEADVILLE","05","Congressional","3","0","205","0","208","529","16","545"
"2021 November General ","2021-11-02 00:00:00","HALIFAX COUNTY","304 - VERNON HILL","05","Congressional","0","0","409","0","409","863","23","886"
"2021 November General ","2021-11-02 00:00:00","HALIFAX COUNTY","305 - SINAI","05","Congressional","0","0","456","0","456","1847","45","1892"
"2021 November General ","2021-11-02 00:00:00","HALIFAX COUNTY","401 - COURTHOUSE","05","Congressional","0","0","487","0","487","1493","47","1540"
"2021 November General ","2021-11-02 00:00:00","HALIFAX COUNTY","403 - CENTER","05","Congressional","0","0","512","1","512","1435","36","1471"
"2021 November General ","2021-11-02 00:00:00","HALIFAX COUNTY","502 - DAN RIVER","05","Congressional","0","0","617","0","617","2052","57","2109"
"2021 November General ","2021-11-02 00:00:00","HALIFAX COUNTY","503 - SCOTTSBURG","05","Congressional","2","0","493","0","495","965","14","979"
"2021 November General ","2021-11-02 00:00:00","HALIFAX COUNTY","601 - BLACK WALNUT","05","Congressional","0","0","468","0","468","1202","25","1227"
"2021 November General ","2021-11-02 00:00:00","HALIFAX COUNTY","603 - MT CARMEL","05","Congressional","0","0","714","0","714","1595","45","1640"
"2021 November General ","2021-11-02 00:00:00","HALIFAX COUNTY","605 - UNION","05","Congressional","1","0","242","0","243","490","10","500"
"2021 November General ","2021-11-02 00:00:00","HALIFAX COUNTY","701 - HYCO","05","Congressional","0","0","735","0","735","1574","27","1601"
"2021 November General ","2021-11-02 00:00:00","HALIFAX COUNTY","702 - MIDWAY","05","Congressional","0","0","542","3","542","999","14","1013"
"2021 November General ","2021-11-02 00:00:00","HALIFAX COUNTY","703 - VIRGILINA","05","Congressional","0","0","361","1","361","709","17","726"
"2021 November General ","2021-11-02 00:00:00","HALIFAX COUNTY","801 - SOUTH BOSTON","05","Congressional","1","0","636","25","637","2593","88","2681"
"2021 November General ","2021-11-02 00:00:00","HAMPTON CITY","##AB - Central Absentee Precinct","00","Local","0","6","0","0","6","0","0","0"
"2021 November General ","2021-11-02 00:00:00","HAMPTON CITY","##AB - Central Absentee Precinct","00","Local","0","1583","0","0","1583","0","0","0"
"2021 November General ","2021-11-02 00:00:00","HAMPTON CITY","##AB - Central Absentee Precinct","00","Local","0","2724","0","0","2724","0","0","0"
"2021 November General ","2021-11-02 00:00:00","HAMPTON CITY","##AB - Central Absentee Precinct","00","Local","0","4313","0","0","4313","0","0","0"
"2021 November General ","2021-11-02 00:00:00","HAMPTON CITY","##AB - Central Absentee Precinct","02","Congressional","0","898","0","0","898","0","0","0"
"2021 November General ","2021-11-02 00:00:00","HAMPTON CITY","##AB - Central Absentee Precinct","03","Congressional","2","3415","0","0","3417","0","0","0"
"2021 November General ","2021-11-02 00:00:00","HAMPTON CITY","##EV - Central Absentee Precinct","00","Local","0","12","0","0","12","0","0","0"
"2021 November General ","2021-11-02 00:00:00","HAMPTON CITY","##EV - Central Absentee Precinct","00","Local","0","4747","0","0","4747","0","0","0"
"2021 November General ","2021-11-02 00:00:00","HAMPTON CITY","##EV - Central Absentee Precinct","00","Local","0","7168","0","0","7168","0","0","0"
"2021 November General ","2021-11-02 00:00:00","HAMPTON CITY","##EV - Central Absentee Precinct","00","Local","0","11927","0","259","11927","0","0","0"
"2021 November General ","2021-11-02 00:00:00","HAMPTON CITY","##EV - Central Absentee Precinct","02","Congressional","0","2777","0","62","2777","0","0","0"
"2021 November General ","2021-11-02 00:00:00","HAMPTON CITY","##EV - Central Absentee Precinct","03","Congressional","0","9150","0","197","9150","0","0","0"
"2021 November General ","2021-11-02 00:00:00","HAMPTON CITY","##PE - Central Absentee Precinct","00","Local","0","2","0","0","2","0","0","0"
"2021 November General ","2021-11-02 00:00:00","HAMPTON CITY","##PE - Central Absentee Precinct","00","Local","0","99","0","0","99","0","0","0"
"2021 November General ","2021-11-02 00:00:00","HAMPTON CITY","##PE - Central Absentee Precinct","00","Local","0","100","0","0","100","0","0","0"
"2021 November General ","2021-11-02 00:00:00","HAMPTON CITY","##PE - Central Absentee Precinct","00","Local","0","201","0","0","201","0","0","0"
"2021 November General ","2021-11-02 00:00:00","HAMPTON CITY","##PE - Central Absentee Precinct","02","Congressional","0","38","0","0","38","0","0","0"
"2021 November General ","2021-11-02 00:00:00","HAMPTON CITY","##PE - Central Absentee Precinct","03","Congressional","0","163","0","0","163","0","0","0"
"2021 November General ","2021-11-02 00:00:00","HAMPTON CITY","101 - ABERDEEN","03","Congressional","5","0","832","41","837","2948","179","3127"
"2021 November General ","2021-11-02 00:00:00","HAMPTON CITY","102 - BASSETTE","03","Congressional","5","0","850","49","855","3021","200","3221"
"2021 November General ","2021-11-02 00:00:00","HAMPTON CITY","103 - CITY HALL","03","Congressional","6","0","162","2","168","2258","233","2491"
"2021 November General ","2021-11-02 00:00:00","HAMPTON CITY","103 - CITY HALL","03","Congressional","6","0","290","3","296","2258","233","2491"
"2021 November General ","2021-11-02 00:00:00","HAMPTON CITY","104 - COOPER","03","Congressional","6","0","1108","27","1114","4998","718","5716"
"2021 November General ","2021-11-02 00:00:00","HAMPTON CITY","105 - EAST HAMPTON","03","Congressional","1","0","460","8","461","3037","1519","4556"
"2021 November General ","2021-11-02 00:00:00","HAMPTON CITY","106 - ARMSTRONG","03","Congressional","1","0","970","5","971","3031","231","3262"
"2021 November General ","2021-11-02 00:00:00","HAMPTON CITY","107 - LINDSAY","03","Congressional","2","0","865","15","867","2640","159","2799"
"2021 November General ","2021-11-02 00:00:00","HAMPTON CITY","108 - THOMAS","03","Congressional","15","0","312","3","327","3828","489","4317"
"2021 November General ","2021-11-02 00:00:00","HAMPTON CITY","108 - THOMAS","03","Congressional","15","0","583","7","598","3828","489","4317"
"2021 November General ","2021-11-02 00:00:00","HAMPTON CITY","109 - PHENIX","03","Congressional","9","0","1012","10","1021","3535","244","3779"
"2021 November General ","2021-11-02 00:00:00","HAMPTON CITY","110 - PHOEBUS","02","Congressional","1","0","321","0","322","866","51","917"
"2021 November General ","2021-11-02 00:00:00","HAMPTON CITY","111 - HAMPTON LIBRARY","03","Congressional","1","0","145","0","146","1130","161","1291"
"2021 November General ","2021-11-02 00:00:00","HAMPTON CITY","111 - HAMPTON LIBRARY","03","Congressional","1","0","265","1","266","1130","161","1291"
"2021 November General ","2021-11-02 00:00:00","HAMPTON CITY","112 - SMITH","03","Congressional","6","0","1177","34","1183","4032","350","4382"
"2021 November General ","2021-11-02 00:00:00","HAMPTON CITY","115 - WYTHE","03","Congressional","4","0","693","1","697","1710","108","1818"
"2021 November General ","2021-11-02 00:00:00","HAMPTON CITY","116 - JONES","03","Congressional","3","0","475","1","478","1496","127","1623"
"2021 November General ","2021-11-02 00:00:00","HAMPTON CITY","117 - KECOUGHTAN","03","Congressional","3","0","805","7","808","2701","289","2990"
"2021 November General ","2021-11-02 00:00:00","HAMPTON CITY","118 - MALLORY","03","Congressional","5","0","1051","4","1056","3473","183","3656"
"2021 November General ","2021-11-02 00:00:00","HAMPTON CITY","201 - BOOKER","02","Congressional","3","0","1287","9","1290","3267","201","3468"
"2021 November General ","2021-11-02 00:00:00","HAMPTON CITY","202 - BRYAN","02","Congressional","3","0","1209","9","1212","3444","228","3672"
"2021 November General ","2021-11-02 00:00:00","HAMPTON CITY","203 - BURBANK","02","Congressional","5","0","836","5","841","2545","346","2891"
"2021 November General ","2021-11-02 00:00:00","HAMPTON CITY","204 - FORREST","03","Congressional","0","0","909","5","909","2608","219","2827"
"2021 November General ","2021-11-02 00:00:00","HAMPTON CITY","205 - ASBURY","02","Congressional","7","0","1948","4","1955","4333","240","4573"
"2021 November General ","2021-11-02 00:00:00","HAMPTON CITY","208 - KRAFT","03","Congressional","5","0","1592","10","1597","4469","248","4717"
"2021 November General ","2021-11-02 00:00:00","HAMPTON CITY","209 - LANGLEY","02","Congressional","6","0","1032","2","1038","3193","205","3398"
"2021 November General ","2021-11-02 00:00:00","HAMPTON CITY","210 - MACHEN","03","Congressional","3","0","1406","24","1409","4876","504","5380"
"2021 November General ","2021-11-02 00:00:00","HAMPTON CITY","212 - BETHEL","03","Congressional","6","0","1514","5","1520","4202","230","4432"
"2021 November General ","2021-11-02 00:00:00","HAMPTON CITY","213 - PHILLIPS","02","Congressional","6","0","1698","33","1704","4140","199","4339"
"2021 November General ","2021-11-02 00:00:00","HAMPTON CITY","214 - TUCKER CAPPS","03","Congressional","3","0","1280","18","1283","3781","421","4202"
"2021 November General ","2021-11-02 00:00:00","HAMPTON CITY","215 - TYLER","02","Congressional","0","0","27","0","27","1014","146","1160"
"2021 November General ","2021-11-02 00:00:00","HAMPTON CITY","215 - TYLER","03","Congressional","0","0","240","4","240","1014","146","1160"
"2021 November General ","2021-11-02 00:00:00","HAMPTON CITY","216 - SANDY BOTTOM","03","Congressional","3","0","101","0","104","1951","126","2077"
"2021 November General ","2021-11-02 00:00:00","HAMPTON CITY","216 - SANDY BOTTOM","03","Congressional","3","0","678","3","681","1951","126","2077"
"2021 November General ","2021-11-02 00:00:00","HAMPTON CITY","217 - SYMS","03","Congressional","0","0","573","0","573","1439","71","1510"
"2021 November General ","2021-11-02 00:00:00","HANOVER COUNTY","##AB - Central Absentee Precinct","00","Local","0","2437","0","0","2437","0","0","0"
"2021 November General ","2021-11-02 00:00:00","HANOVER COUNTY","##AB - Central Absentee Precinct","00","Local","0","3016","0","0","3016","0","0","0"
"2021 November General ","2021-11-02 00:00:00","HANOVER COUNTY","##AB - Central Absentee Precinct","00","Local","0","5460","0","0","5460","0","0","0"
"2021 November General ","2021-11-02 00:00:00","HANOVER COUNTY","##AB - Central Absentee Precinct","01","Congressional","6","5460","0","0","5466","0","0","0"
"2021 November General ","2021-11-02 00:00:00","HANOVER COUNTY","##EV - Central Absentee Precinct","00","Local","0","7847","0","0","7847","0","0","0"
"2021 November General ","2021-11-02 00:00:00","HANOVER COUNTY","##EV - Central Absentee Precinct","00","Local","0","8516","0","0","8516","0","0","0"
"2021 November General ","2021-11-02 00:00:00","HANOVER COUNTY","##EV - Central Absentee Precinct","00","Local","0","16363","0","1072","16363","0","0","0"
"2021 November General ","2021-11-02 00:00:00","HANOVER COUNTY","##EV - Central Absentee Precinct","01","Congressional","0","16363","0","1072","16363","0","0","0"
"2021 November General ","2021-11-02 00:00:00","HANOVER COUNTY","##PE - Central Absentee Precinct","00","Local","0","64","0","0","64","0","0","0"
"2021 November General ","2021-11-02 00:00:00","HANOVER COUNTY","##PE - Central Absentee Precinct","00","Local","0","82","0","0","82","0","0","0"
"2021 November General ","2021-11-02 00:00:00","HANOVER COUNTY","##PE - Central Absentee Precinct","00","Local","0","146","0","0","146","0","0","0"
"2021 November General ","2021-11-02 00:00:00","HANOVER COUNTY","##PE - Central Absentee Precinct","01","Congressional","0","146","0","0","146","0","0","0"
"2021 November General ","2021-11-02 00:00:00","HANOVER COUNTY","101 - ASHLAND","01","Congressional","5","0","826","9","831","2108","72","2180"
"2021 November General ","2021-11-02 00:00:00","HANOVER COUNTY","104 - SLIDING HILL","01","Congressional","4","0","952","19","956","2229","68","2297"
"2021 November General ","2021-11-02 00:00:00","HANOVER COUNTY","105 - BERKLEY","01","Congressional","5","0","739","18","744","2130","90","2220"
"2021 November General ","2021-11-02 00:00:00","HANOVER COUNTY","106 - KERSEY CREEK","01","Congressional","0","0","570","3","570","1254","30","1284"
"2021 November General ","2021-11-02 00:00:00","HANOVER COUNTY","107 - CHICKAHOMINY","01","Congressional","8","0","770","3","778","1691","46","1737"
"2021 November General ","2021-11-02 00:00:00","HANOVER COUNTY","201 - BEAVERDAM","01","Congressional","4","0","1475","71","1479","3053","73","3126"
"2021 November General ","2021-11-02 00:00:00","HANOVER COUNTY","202 - BLUNTS","01","Congressional","2","0","746","8","748","1462","40","1502"
"2021 November General ","2021-11-02 00:00:00","HANOVER COUNTY","203 - WILMINGTON PARISH","01","Congressional","3","0","1056","4","1059","2240","56","2296"
"2021 November General ","2021-11-02 00:00:00","HANOVER COUNTY","206 - COURTHOUSE","01","Congressional","5","0","770","8","775","2202","36","2238"
"2021 November General ","2021-11-02 00:00:00","HANOVER COUNTY","208 - OAK KNOLL","01","Congressional","2","0","809","11","811","2026","40","2066"
"2021 November General ","2021-11-02 00:00:00","HANOVER COUNTY","209 - WEST HANOVER","01","Congressional","3","0","336","6","339","647","16","663"
"2021 November General ","2021-11-02 00:00:00","HANOVER COUNTY","210 - OAK HILL","01","Congressional","2","0","330","5","332","735","18","753"
"2021 November General ","2021-11-02 00:00:00","HANOVER COUNTY","301 - CLAY","01","Congressional","3","0","987","18","990","2672","46","2718"
"2021 November General ","2021-11-02 00:00:00","HANOVER COUNTY","303 - SHADY GROVE","01","Congressional","2","0","1157","17","1159","2541","71","2612"
"2021 November General ","2021-11-02 00:00:00","HANOVER COUNTY","304 - ATLEE","01","Congressional","13","0","2578","16","2591","6142","151","6293"
"2021 November General ","2021-11-02 00:00:00","HANOVER COUNTY","305 - COOL SPRING","01","Congressional","3","0","1180","0","1183","2554","55","2609"
"2021 November General ","2021-11-02 00:00:00","HANOVER COUNTY","401 - BATTLEFIELD","01","Congressional","1","0","1246","5","1247","2643","62","2705"
"2021 November General ","2021-11-02 00:00:00","HANOVER COUNTY","403 - COLD HARBOR","01","Congressional","2","0","1609","14","1611","3312","90","3402"
"2021 November General ","2021-11-02 00:00:00","HANOVER COUNTY","404 - BLACK CREEK","01","Congressional","4","0","1552","26","1556","2913","45","2958"
"2021 November General ","2021-11-02 00:00:00","HANOVER COUNTY","405 - PEBBLE CREEK","01","Congressional","3","0","857","11","860","1637","30","1667"
"2021 November General ","2021-11-02 00:00:00","HANOVER COUNTY","406 - BEAVERDAM CREEK","01","Congressional","0","0","332","4","332","688","40","728"
"2021 November General ","2021-11-02 00:00:00","HANOVER COUNTY","502 - RURAL POINT","01","Congressional","6","0","1202","9","1208","2632","65","2697"
"2021 November General ","2021-11-02 00:00:00","HANOVER COUNTY","503 - NEWMAN","01","Congressional","5","0","951","8","956","2280","93","2373"
"2021 November General ","2021-11-02 00:00:00","HANOVER COUNTY","504 - STUDLEY","01","Congressional","1","0","940","8","941","1632","29","1661"
"2021 November General ","2021-11-02 00:00:00","HANOVER COUNTY","505 - TOTOPOTOMOY","01","Congressional","2","0","682","12","684","1330","28","1358"
"2021 November General ","2021-11-02 00:00:00","HANOVER COUNTY","506 - GEORGETOWN","01","Congressional","9","0","855","8","864","2090","44","2134"
"2021 November General ","2021-11-02 00:00:00","HANOVER COUNTY","507 - LAUREL MEADOW","01","Congressional","6","0","1082","18","1088","2445","70","2515"
"2021 November General ","2021-11-02 00:00:00","HANOVER COUNTY","601 - VILLAGE","01","Congressional","9","0","1756","9","1765","3894","65","3959"
"2021 November General ","2021-11-02 00:00:00","HANOVER COUNTY","602 - LEE DAVIS","01","Congressional","13","0","1373","39","1386","3641","120","3761"
"2021 November General ","2021-11-02 00:00:00","HANOVER COUNTY","603 - MECHANICSVILLE","01","Congressional","2","0","899","14","901","2325","95","2420"
"2021 November General ","2021-11-02 00:00:00","HANOVER COUNTY","604 - HANOVER GROVE","01","Congressional","4","0","819","12","823","1830","43","1873"
"2021 November General ","2021-11-02 00:00:00","HANOVER COUNTY","701 - FARRINGTON","01","Congressional","6","0","1107","21","1113","2632","50","2682"
"2021 November General ","2021-11-02 00:00:00","HANOVER COUNTY","702 - MONTPELIER","01","Congressional","10","0","1145","7","1155","2298","52","2350"
"2021 November General ","2021-11-02 00:00:00","HANOVER COUNTY","703 - ROCKVILLE","01","Congressional","0","0","1320","11","1320","2392","50","2442"
"2021 November General ","2021-11-02 00:00:00","HANOVER COUNTY","704 - ELMONT","01","Congressional","3","0","1334","10","1337","3057","86","3143"
"2021 November General ","2021-11-02 00:00:00","HANOVER COUNTY","705 - SOUTH ANNA","01","Congressional","4","0","754","3","758","1415","29","1444"
"2021 November General ","2021-11-02 00:00:00","HARRISONBURG CITY","##AB - Central Absentee Precinct","00","Local","0","606","0","0","606","0","0","0"
"2021 November General ","2021-11-02 00:00:00","HARRISONBURG CITY","##AB - Central Absentee Precinct","06","Congressional","1","606","0","0","607","0","0","0"
"2021 November General ","2021-11-02 00:00:00","HARRISONBURG CITY","##EV - Central Absentee Precinct","00","Local","0","4141","0","125","4141","0","0","0"
"2021 November General ","2021-11-02 00:00:00","HARRISONBURG CITY","##EV - Central Absentee Precinct","06","Congressional","0","4141","0","125","4141","0","0","0"
"2021 November General ","2021-11-02 00:00:00","HARRISONBURG CITY","##PE - Central Absentee Precinct","00","Local","0","64","0","0","64","0","0","0"
"2021 November General ","2021-11-02 00:00:00","HARRISONBURG CITY","##PE - Central Absentee Precinct","06","Congressional","0","64","0","0","64","0","0","0"
"2021 November General ","2021-11-02 00:00:00","HARRISONBURG CITY","101 - NORTHEAST","06","Congressional","2","0","1006","14","1008","3816","260","4076"
"2021 November General ","2021-11-02 00:00:00","HARRISONBURG CITY","102 - EAST CENTRAL","06","Congressional","0","0","491","0","491","1727","106","1833"
"2021 November General ","2021-11-02 00:00:00","HARRISONBURG CITY","103 - SOUTHEAST","06","Congressional","5","0","990","0","995","3779","311","4090"
"2021 November General ","2021-11-02 00:00:00","HARRISONBURG CITY","104 - EAST","06","Congressional","2","0","859","0","861","3657","285","3942"
"2021 November General ","2021-11-02 00:00:00","HARRISONBURG CITY","105 - South East Central","06","Congressional","2","0","276","0","278","908","702","1610"
"2021 November General ","2021-11-02 00:00:00","HARRISONBURG CITY","201 - NORTHWEST","06","Congressional","3","0","967","13","970","3364","169","3533"
"2021 November General ","2021-11-02 00:00:00","HARRISONBURG CITY","202 - SOUTHWEST","06","Congressional","0","0","1010","6","1010","3392","187","3579"
"2021 November General ","2021-11-02 00:00:00","HARRISONBURG CITY","203 -  WEST","06","Congressional","1","0","940","14","941","3163","157","3320"
"2021 November General ","2021-11-02 00:00:00","HENRICO COUNTY","##AB - Central Absentee Precinct","00","Local","0","194","0","0","194","0","0","0"
"2021 November General ","2021-11-02 00:00:00","HENRICO COUNTY","##AB - Central Absentee Precinct","00","Local","0","1393","0","0","1393","0","0","0"
"2021 November General ","2021-11-02 00:00:00","HENRICO COUNTY","##AB - Central Absentee Precinct","00","Local","0","1396","0","0","1396","0","0","0"
"2021 November General ","2021-11-02 00:00:00","HENRICO COUNTY","##AB - Central Absentee Precinct","00","Local","0","2627","0","0","2627","0","0","0"
"2021 November General ","2021-11-02 00:00:00","HENRICO COUNTY","##AB - Central Absentee Precinct","00","Local","0","3360","0","0","3360","0","0","0"
"2021 November General ","2021-11-02 00:00:00","HENRICO COUNTY","##AB - Central Absentee Precinct","00","Local","0","3637","0","0","3637","0","0","0"
"2021 November General ","2021-11-02 00:00:00","HENRICO COUNTY","##AB - Central Absentee Precinct","00","Local","0","12800","0","0","12800","0","0","0"
"2021 November General ","2021-11-02 00:00:00","HENRICO COUNTY","##AB - Central Absentee Precinct","04","Congressional","0","2817","0","0","2817","0","0","0"
"2021 November General ","2021-11-02 00:00:00","HENRICO COUNTY","##AB - Central Absentee Precinct","07","Congressional","0","9983","0","0","9983","0","0","0"
"2021 November General ","2021-11-02 00:00:00","HENRICO COUNTY","##EV - Central Absentee Precinct","00","Local","0","472","0","0","472","0","0","0"
"2021 November General ","2021-11-02 00:00:00","HENRICO COUNTY","##EV - Central Absentee Precinct","00","Local","0","3184","0","0","3184","0","0","0"
"2021 November General ","2021-11-02 00:00:00","HENRICO COUNTY","##EV - Central Absentee Precinct","00","Local","0","4841","0","0","4841","0","0","0"
"2021 November General ","2021-11-02 00:00:00","HENRICO COUNTY","##EV - Central Absentee Precinct","00","Local","0","7583","0","0","7583","0","0","0"
"2021 November General ","2021-11-02 00:00:00","HENRICO COUNTY","##EV - Central Absentee Precinct","00","Local","0","7778","0","0","7778","0","0","0"
"2021 November General ","2021-11-02 00:00:00","HENRICO COUNTY","##EV - Central Absentee Precinct","00","Local","0","8360","0","0","8360","0","0","0"
"2021 November General ","2021-11-02 00:00:00","HENRICO COUNTY","##EV - Central Absentee Precinct","00","Local","0","32434","0","0","32434","0","0","0"
"2021 November General ","2021-11-02 00:00:00","HENRICO COUNTY","##EV - Central Absentee Precinct","04","Congressional","0","9577","0","0","9577","0","0","0"
"2021 November General ","2021-11-02 00:00:00","HENRICO COUNTY","##EV - Central Absentee Precinct","07","Congressional","0","22857","0","0","22857","0","0","0"
"2021 November General ","2021-11-02 00:00:00","HENRICO COUNTY","##PE - Central Absentee Precinct","00","Local","0","48","0","0","48","0","0","0"
"2021 November General ","2021-11-02 00:00:00","HENRICO COUNTY","##PE - Central Absentee Precinct","00","Local","0","184","0","0","184","0","0","0"
"2021 November General ","2021-11-02 00:00:00","HENRICO COUNTY","##PE - Central Absentee Precinct","00","Local","0","360","0","0","360","0","0","0"
"2021 November General ","2021-11-02 00:00:00","HENRICO COUNTY","##PE - Central Absentee Precinct","00","Local","0","428","0","0","428","0","0","0"
"2021 November General ","2021-11-02 00:00:00","HENRICO COUNTY","##PE - Central Absentee Precinct","00","Local","0","650","0","0","650","0","0","0"
"2021 November General ","2021-11-02 00:00:00","HENRICO COUNTY","##PE - Central Absentee Precinct","00","Local","0","687","0","0","687","0","0","0"
"2021 November General ","2021-11-02 00:00:00","HENRICO COUNTY","##PE - Central Absentee Precinct","00","Local","0","2379","0","0","2379","0","0","0"
"2021 November General ","2021-11-02 00:00:00","HENRICO COUNTY","##PE - Central Absentee Precinct","04","Congressional","0","416","0","0","416","0","0","0"
"2021 November General ","2021-11-02 00:00:00","HENRICO COUNTY","##PE - Central Absentee Precinct","07","Congressional","0","1963","0","0","1963","0","0","0"
"2021 November General ","2021-11-02 00:00:00","HENRICO COUNTY","101 - COALPIT","07","Congressional","10","0","1711","9","1721","4046","116","4162"
"2021 November General ","2021-11-02 00:00:00","HENRICO COUNTY","102 - DUMBARTON","07","Congressional","2","0","1005","4","1007","3575","226","3801"
"2021 November General ","2021-11-02 00:00:00","HENRICO COUNTY","103 - GLEN ALLEN","07","Congressional","0","0","1814","9","1814","4522","160","4682"
"2021 November General ","2021-11-02 00:00:00","HENRICO COUNTY","105 - GREENDALE","07","Congressional","0","0","595","7","595","3390","138","3528"
"2021 November General ","2021-11-02 00:00:00","HENRICO COUNTY","105 - GREENDALE","07","Congressional","0","0","697","5","697","3390","138","3528"
"2021 November General ","2021-11-02 00:00:00","HENRICO COUNTY","106 - HERMITAGE","07","Congressional","1","0","1284","29","1285","3558","147","3705"
"2021 November General ","2021-11-02 00:00:00","HENRICO COUNTY","108 - HUNGARY CREEK","07","Congressional","0","0","1470","32","1470","3999","112","4111"
"2021 November General ","2021-11-02 00:00:00","HENRICO COUNTY","109 - HUNTON","07","Congressional","0","0","547","1","547","1033","28","1061"
"2021 November General ","2021-11-02 00:00:00","HENRICO COUNTY","110 - JOHNSON","07","Congressional","7","0","1419","15","1426","4463","288","4751"
"2021 November General ","2021-11-02 00:00:00","HENRICO COUNTY","111 - LAKESIDE","07","Congressional","1","0","1689","51","1690","4043","134","4177"
"2021 November General ","2021-11-02 00:00:00","HENRICO COUNTY","112 - LONGAN","07","Congressional","0","0","1153","13","1153","2828","140","2968"
"2021 November General ","2021-11-02 00:00:00","HENRICO COUNTY","113 - MAUDE TREVVETT","07","Congressional","0","0","572","5","572","1279","27","1306"
"2021 November General ","2021-11-02 00:00:00","HENRICO COUNTY","114 - MONUMENT HILLS","07","Congressional","4","0","621","4","625","1049","37","1086"
"2021 November General ","2021-11-02 00:00:00","HENRICO COUNTY","115 - STAPLES MILL","07","Congressional","0","0","1478","47","1478","4030","97","4127"
"2021 November General ","2021-11-02 00:00:00","HENRICO COUNTY","117 - WESTWOOD","07","Congressional","0","0","908","8","908","2167","71","2238"
"2021 November General ","2021-11-02 00:00:00","HENRICO COUNTY","201 - ADAMS","04","Congressional","1","0","725","54","726","2192","67","2259"
"2021 November General ","2021-11-02 00:00:00","HENRICO COUNTY","202 - AZALEA","07","Congressional","0","0","1066","16","1066","3716","261","3977"
"2021 November General ","2021-11-02 00:00:00","HENRICO COUNTY","203 - BELMONT","07","Congressional","1","0","1189","26","1190","2801","139","2940"
"2021 November General ","2021-11-02 00:00:00","HENRICO COUNTY","204 - BROOKLAND","07","Congressional","0","0","359","7","359","783","35","818"
"2021 November General ","2021-11-02 00:00:00","HENRICO COUNTY","205 - CANTERBURY","07","Congressional","0","0","450","0","450","703","8","711"
"2021 November General ","2021-11-02 00:00:00","HENRICO COUNTY","206 - CENTRAL GARDENS","04","Congressional","0","0","854","44","854","2887","121","3008"
"2021 November General ","2021-11-02 00:00:00","HENRICO COUNTY","207 - CHAMBERLAYNE","07","Congressional","1","0","1119","22","1120","2647","58","2705"
"2021 November General ","2021-11-02 00:00:00","HENRICO COUNTY","208 - FAIRFIELD","04","Congressional","0","0","676","2","676","2779","223","3002"
"2021 November General ","2021-11-02 00:00:00","HENRICO COUNTY","209 - GLEN LEA","04","Congressional","0","0","690","4","690","1862","61","1923"
"2021 November General ","2021-11-02 00:00:00","HENRICO COUNTY","210 - GREENWOOD","07","Congressional","0","0","609","3","609","1646","52","1698"
"2021 November General ","2021-11-02 00:00:00","HENRICO COUNTY","211 - HIGHLAND GARDENS","04","Congressional","0","0","348","13","348","1237","44","1281"
"2021 November General ","2021-11-02 00:00:00","HENRICO COUNTY","212 - HOLLYBROOK","07","Congressional","0","0","400","1","400","1009","46","1055"
"2021 November General ","2021-11-02 00:00:00","HENRICO COUNTY","213 - HUNGARY","07","Congressional","0","0","647","6","647","1863","71","1934"
"2021 November General ","2021-11-02 00:00:00","HENRICO COUNTY","214 - LONGDALE","07","Congressional","0","0","804","1","804","1774","58","1832"
"2021 November General ","2021-11-02 00:00:00","HENRICO COUNTY","215 - MAPLEWOOD","04","Congressional","1","0","1091","21","1092","2911","86","2997"
"2021 November General ","2021-11-02 00:00:00","HENRICO COUNTY","216 - MOODY","07","Congressional","0","0","492","0","492","1076","70","1146"
"2021 November General ","2021-11-02 00:00:00","HENRICO COUNTY","217 - MOUNTAIN","07","Congressional","0","0","377","0","377","886","30","916"
"2021 November General ","2021-11-02 00:00:00","HENRICO COUNTY","218 - OAKVIEW","07","Congressional","0","0","59","0","59","238","10","248"
"2021 November General ","2021-11-02 00:00:00","HENRICO COUNTY","219 - RANDOLPH","07","Congressional","0","0","169","0","169","346","17","363"
"2021 November General ","2021-11-02 00:00:00","HENRICO COUNTY","220 - RATCLIFFE","04","Congressional","0","0","1187","22","1187","3861","181","4042"
"2021 November General ","2021-11-02 00:00:00","HENRICO COUNTY","221 - STRATFORD HALL","07","Congressional","5","0","179","0","184","454","16","470"
"2021 November General ","2021-11-02 00:00:00","HENRICO COUNTY","222 - WILDER","07","Congressional","1","0","843","13","844","2028","57","2085"
"2021 November General ","2021-11-02 00:00:00","HENRICO COUNTY","223 - YELLOW TAVERN","07","Congressional","0","0","1330","15","1330","4000","204","4204"
"2021 November General ","2021-11-02 00:00:00","HENRICO COUNTY","224 - ESSEX VILLAGE","04","Congressional","0","0","217","0","217","1105","81","1186"
"2021 November General ","2021-11-02 00:00:00","HENRICO COUNTY","301 - CAUSEWAY","07","Congressional","0","0","1145","0","1145","2594","153","2747"
"2021 November General ","2021-11-02 00:00:00","HENRICO COUNTY","302 - CEDARFIELD","07","Congressional","0","0","1202","4","1202","2680","64","2744"
"2021 November General ","2021-11-02 00:00:00","HENRICO COUNTY","303 - INNSBROOK","07","Congressional","1","0","1365","9","1366","3146","130","3276"
"2021 November General ","2021-11-02 00:00:00","HENRICO COUNTY","304 - JACKSON DAVIS","07","Congressional","0","0","803","13","803","1824","57","1881"
"2021 November General ","2021-11-02 00:00:00","HENRICO COUNTY","305 - NUCKOLS FARM","07","Congressional","1","0","1749","9","1750","3576","106","3682"
"2021 November General ","2021-11-02 00:00:00","HENRICO COUNTY","306 - POCAHONTAS","07","Congressional","0","0","1254","6","1254","3047","185","3232"
"2021 November General ","2021-11-02 00:00:00","HENRICO COUNTY","307 - RIDGE","07","Congressional","0","0","772","2","772","1618","64","1682"
"2021 November General ","2021-11-02 00:00:00","HENRICO COUNTY","308 - RIVERS EDGE","07","Congressional","3","0","1635","2","1638","3303","129","3432"
"2021 November General ","2021-11-02 00:00:00","HENRICO COUNTY","309 - SADLER","07","Congressional","0","0","1544","1","1544","3490","124","3614"
"2021 November General ","2021-11-02 00:00:00","HENRICO COUNTY","310 - SHADY GROVE","07","Congressional","7","0","1797","4","1804","3645","127","3772"
"2021 November General ","2021-11-02 00:00:00","HENRICO COUNTY","311 - SHORT PUMP","07","Congressional","2","0","930","0","932","2211","74","2285"
"2021 November General ","2021-11-02 00:00:00","HENRICO COUNTY","312 - SPRINGFIELD","07","Congressional","0","0","860","6","860","2139","139","2278"
"2021 November General ","2021-11-02 00:00:00","HENRICO COUNTY","313 - STONEY RUN","07","Congressional","0","0","1794","2","1794","4019","151","4170"
"2021 November General ","2021-11-02 00:00:00","HENRICO COUNTY","314 - THREE CHOPT","07","Congressional","0","0","1311","9","1311","3029","131","3160"
"2021 November General ","2021-11-02 00:00:00","HENRICO COUNTY","315 - TUCKER","07","Congressional","16","0","1159","0","1175","3938","344","4282"
"2021 November General ","2021-11-02 00:00:00","HENRICO COUNTY","316 - COLONIAL TRAIL","07","Congressional","5","0","1003","5","1008","2628","195","2823"
"2021 November General ","2021-11-02 00:00:00","HENRICO COUNTY","401 - QUIOCCASIN ","07","Congressional","2","0","1333","17","1335","3047","112","3159"
"2021 November General ","2021-11-02 00:00:00","HENRICO COUNTY","402 - CRESTVIEW","07","Congressional","0","0","1185","1","1185","2602","147","2749"
"2021 November General ","2021-11-02 00:00:00","HENRICO COUNTY","403 - DERBYSHIRE","07","Congressional","4","0","239","0","243","1950","51","2001"
"2021 November General ","2021-11-02 00:00:00","HENRICO COUNTY","403 - DERBYSHIRE","07","Congressional","4","0","912","2","916","1950","51","2001"
"2021 November General ","2021-11-02 00:00:00","HENRICO COUNTY","404 - FREEMAN","07","Congressional","3","0","377","1","380","1778","72","1850"
"2021 November General ","2021-11-02 00:00:00","HENRICO COUNTY","404 - FREEMAN","07","Congressional","3","0","560","4","563","1778","72","1850"
"2021 November General ","2021-11-02 00:00:00","HENRICO COUNTY","405 - GAYTON","07","Congressional","2","0","1447","7","1449","3250","94","3344"
"2021 November General ","2021-11-02 00:00:00","HENRICO COUNTY","406 - GODWIN","07","Congressional","0","0","1160","4","1160","2361","86","2447"
"2021 November General ","2021-11-02 00:00:00","HENRICO COUNTY","407 - LAKEWOOD","07","Congressional","0","0","906","17","906","2192","96","2288"
"2021 November General ","2021-11-02 00:00:00","HENRICO COUNTY","408 - LAUDERDALE","07","Congressional","0","0","1122","18","1122","2728","119","2847"
"2021 November General ","2021-11-02 00:00:00","HENRICO COUNTY","409 - MAYBEURY","07","Congressional","0","0","1235","8","1235","2574","101","2675"
"2021 November General ","2021-11-02 00:00:00","HENRICO COUNTY","410 - MOORELAND","07","Congressional","6","0","915","1","921","1707","49","1756"
"2021 November General ","2021-11-02 00:00:00","HENRICO COUNTY","411 - PEMBERTON","07","Congressional","1","0","996","3","997","2623","128","2751"
"2021 November General ","2021-11-02 00:00:00","HENRICO COUNTY","412 - PINCHBECK","07","Congressional","0","0","1329","0","1329","3278","167","3445"
"2021 November General ","2021-11-02 00:00:00","HENRICO COUNTY","413 - RIDGEFIELD","07","Congressional","1","0","1603","8","1604","3301","113","3414"
"2021 November General ","2021-11-02 00:00:00","HENRICO COUNTY","414 - ROLLINGWOOD","07","Congressional","1","0","1146","5","1147","1924","36","1960"
"2021 November General ","2021-11-02 00:00:00","HENRICO COUNTY","415 - SKIPWITH","07","Congressional","2","0","677","1","679","1660","79","1739"
"2021 November General ","2021-11-02 00:00:00","HENRICO COUNTY","416 - SPOTTSWOOD","07","Congressional","1","0","674","3","675","1120","28","1148"
"2021 November General ","2021-11-02 00:00:00","HENRICO COUNTY","417 - TUCKAHOE","07","Congressional","2","0","1561","10","1563","3730","94","3824"
"2021 November General ","2021-11-02 00:00:00","HENRICO COUNTY","418 - WELBORNE","07","Congressional","6","0","942","14","948","2149","162","2311"
"2021 November General ","2021-11-02 00:00:00","HENRICO COUNTY","419 - WEST END","07","Congressional","0","0","1326","0","1326","2680","110","2790"
"2021 November General ","2021-11-02 00:00:00","HENRICO COUNTY","501 - ANTIOCH","04","Congressional","0","0","1127","7","1127","1952","45","1997"
"2021 November General ","2021-11-02 00:00:00","HENRICO COUNTY","502 - CEDAR FORK","04","Congressional","0","0","504","1","504","1487","45","1532"
"2021 November General ","2021-11-02 00:00:00","HENRICO COUNTY","503 - CHICKAHOMINY","04","Congressional","0","0","1018","15","1018","2624","59","2683"
"2021 November General ","2021-11-02 00:00:00","HENRICO COUNTY","504 - DONAHOE","04","Congressional","0","0","701","1","701","1990","63","2053"
"2021 November General ","2021-11-02 00:00:00","HENRICO COUNTY","505 - DOREY","04","Congressional","0","0","1268","8","1268","2952","95","3047"
"2021 November General ","2021-11-02 00:00:00","HENRICO COUNTY","506 - EANES","04","Congressional","0","0","1037","20","1037","3318","145","3463"
"2021 November General ","2021-11-02 00:00:00","HENRICO COUNTY","507 - ELKO","04","Congressional","0","0","419","0","419","744","20","764"
"2021 November General ","2021-11-02 00:00:00","HENRICO COUNTY","508 - HIGHLAND SPRINGS","04","Congressional","0","0","677","6","677","2464","103","2567"
"2021 November General ","2021-11-02 00:00:00","HENRICO COUNTY","509 - LABURNUM","04","Congressional","1","0","260","5","261","2483","147","2630"
"2021 November General ","2021-11-02 00:00:00","HENRICO COUNTY","509 - LABURNUM","04","Congressional","1","0","339","11","340","2483","147","2630"
"2021 November General ","2021-11-02 00:00:00","HENRICO COUNTY","510 - MEHFOUD","04","Congressional","0","0","893","7","893","2217","71","2288"
"2021 November General ","2021-11-02 00:00:00","HENRICO COUNTY","511 - MONTROSE","04","Congressional","0","0","1193","21","1193","4734","174","4908"
"2021 November General ","2021-11-02 00:00:00","HENRICO COUNTY","512 - NINE MILE","04","Congressional","0","0","512","0","512","1439","54","1493"
"2021 November General ","2021-11-02 00:00:00","HENRICO COUNTY","513 - PLEASANTS","04","Congressional","0","0","1","0","1","3470","183","3653"
"2021 November General ","2021-11-02 00:00:00","HENRICO COUNTY","513 - PLEASANTS","04","Congressional","0","0","1058","12","1058","3470","183","3653"
"2021 November General ","2021-11-02 00:00:00","HENRICO COUNTY","514 - ROLFE","04","Congressional","0","0","1240","7","1240","3491","144","3635"
"2021 November General ","2021-11-02 00:00:00","HENRICO COUNTY","515 - SANDSTON","04","Congressional","1","0","1006","9","1007","2269","94","2363"
"2021 November General ","2021-11-02 00:00:00","HENRICO COUNTY","516 - SULLIVANS","04","Congressional","2","0","1148","4","1150","3622","133","3755"
"2021 November General ","2021-11-02 00:00:00","HENRICO COUNTY","517 - TOWN HALL","04","Congressional","0","0","494","5","494","997","29","1026"
"2021 November General ","2021-11-02 00:00:00","HENRICO COUNTY","518 - WHITLOCKS","04","Congressional","4","0","1151","14","1155","2242","68","2310"
"2021 November General ","2021-11-02 00:00:00","HENRY COUNTY","##AB - Central Absentee Precinct","00","Local","0","0","0","0","0","0","0","0"
"2021 November General ","2021-11-02 00:00:00","HENRY COUNTY","##AB - Central Absentee Precinct","05","Congressional","0","0","0","0","0","0","0","0"
"2021 November General ","2021-11-02 00:00:00","HENRY COUNTY","##AB - Central Absentee Precinct","09","Congressional","0","0","0","0","0","0","0","0"
"2021 November General ","2021-11-02 00:00:00","HENRY COUNTY","##EV - Central Absentee Precinct","00","Local","0","0","0","0","0","0","0","0"
"2021 November General ","2021-11-02 00:00:00","HENRY COUNTY","##EV - Central Absentee Precinct","05","Congressional","0","0","0","0","0","0","0","0"
"2021 November General ","2021-11-02 00:00:00","HENRY COUNTY","##EV - Central Absentee Precinct","09","Congressional","0","0","0","0","0","0","0","0"
"2021 November General ","2021-11-02 00:00:00","HENRY COUNTY","##PE - Central Absentee Precinct","00","Local","0","0","0","0","0","0","0","0"
"2021 November General ","2021-11-02 00:00:00","HENRY COUNTY","##PE - Central Absentee Precinct","05","Congressional","0","0","0","0","0","0","0","0"
"2021 November General ","2021-11-02 00:00:00","HENRY COUNTY","##PE - Central Absentee Precinct","09","Congressional","0","0","0","0","0","0","0","0"
"2021 November General ","2021-11-02 00:00:00","HENRY COUNTY","101 - BASSETT NUMBER TWO","09","Congressional","0","0","0","0","0","862","32","894"
"2021 November General ","2021-11-02 00:00:00","HENRY COUNTY","102 - GUNVILLE","09","Congressional","2","0","3","0","5","1675","60","1735"
"2021 November General ","2021-11-02 00:00:00","HENRY COUNTY","103 - SCOTT'S TANYARD","09","Congressional","0","0","0","0","0","2653","56","2709"
"2021 November General ","2021-11-02 00:00:00","HENRY COUNTY","201 - FIELDALE","09","Congressional","1","0","2","0","3","984","18","1002"
"2021 November General ","2021-11-02 00:00:00","HENRY COUNTY","202 - HORSEPASTURE #1","09","Congressional","7","0","7","0","14","1687","52","1739"
"2021 November General ","2021-11-02 00:00:00","HENRY COUNTY","203 - HORSEPASTURE #2","09","Congressional","1","0","0","0","1","1453","37","1490"
"2021 November General ","2021-11-02 00:00:00","HENRY COUNTY","203 - HORSEPASTURE #2","09","Congressional","1","0","1","0","2","1453","37","1490"
"2021 November General ","2021-11-02 00:00:00","HENRY COUNTY","204 - SPENCER","09","Congressional","0","0","0","0","0","1787","34","1821"
"2021 November General ","2021-11-02 00:00:00","HENRY COUNTY","302 - AXTON","05","Congressional","7","0","4","0","11","1131","24","1155"
"2021 November General ","2021-11-02 00:00:00","HENRY COUNTY","303 - IRISBURG","05","Congressional","0","0","3","0","3","2137","52","2189"
"2021 November General ","2021-11-02 00:00:00","HENRY COUNTY","304 - MOUNT OLIVET","05","Congressional","0","0","0","0","0","2050","50","2100"
"2021 November General ","2021-11-02 00:00:00","HENRY COUNTY","304 - MOUNT OLIVET","09","Congressional","0","0","0","0","0","2050","50","2100"
"2021 November General ","2021-11-02 00:00:00","HENRY COUNTY","305 - MOUNTAIN VALLEY","05","Congressional","0","0","0","0","0","1023","26","1049"
"2021 November General ","2021-11-02 00:00:00","HENRY COUNTY","401 - COLLINSVILLE NUMBER 1","09","Congressional","0","0","0","0","0","1154","37","1191"
"2021 November General ","2021-11-02 00:00:00","HENRY COUNTY","402 - DANIELS CREEK","09","Congressional","0","0","3","0","3","1422","61","1483"
"2021 November General ","2021-11-02 00:00:00","HENRY COUNTY","404 - COLLINSVILLE NUMBER 2","09","Congressional","0","0","0","0","0","2126","74","2200"
"2021 November General ","2021-11-02 00:00:00","HENRY COUNTY","405 - MOUNTAIN VIEW","05","Congressional","0","0","0","0","0","1092","41","1133"
"2021 November General ","2021-11-02 00:00:00","HENRY COUNTY","501 - BASSETT NUMBER ONE","09","Congressional","1","0","1","0","2","1012","37","1049"
"2021 November General ","2021-11-02 00:00:00","HENRY COUNTY","502 - FIGSBORO","09","Congressional","0","0","1","0","1","1246","28","1274"
"2021 November General ","2021-11-02 00:00:00","HENRY COUNTY","503 - STANLEYTOWN","09","Congressional","1","0","2","0","3","2039","78","2117"
"2021 November General ","2021-11-02 00:00:00","HENRY COUNTY","504 - OAK LEVEL","09","Congressional","0","0","0","0","0","725","17","742"
"2021 November General ","2021-11-02 00:00:00","HENRY COUNTY","505 - DYERS STORE","05","Congressional","0","0","0","0","0","757","17","774"
"2021 November General ","2021-11-02 00:00:00","HENRY COUNTY","505 - DYERS STORE","09","Congressional","0","0","0","0","0","757","17","774"
"2021 November General ","2021-11-02 00:00:00","HENRY COUNTY","601 - FONTAINE","09","Congressional","1","0","1","0","2","1662","43","1705"
"2021 November General ","2021-11-02 00:00:00","HENRY COUNTY","602 - HILLCREST","09","Congressional","0","0","0","0","0","813","26","839"
"2021 November General ","2021-11-02 00:00:00","HENRY COUNTY","603 - RIDGEWAY #1","05","Congressional","2","0","2","0","4","2093","46","2139"
"2021 November General ","2021-11-02 00:00:00","HENRY COUNTY","604 - RIDGEWAY #2","09","Congressional","2","0","2","0","4","1402","45","1447"
"2021 November General ","2021-11-02 00:00:00","HIGHLAND COUNTY","##AB - Central Absentee Precinct","00","Local","0","56","0","0","56","0","0","0"
"2021 November General ","2021-11-02 00:00:00","HIGHLAND COUNTY","##AB - Central Absentee Precinct","06","Congressional","0","56","0","0","56","0","0","0"
"2021 November General ","2021-11-02 00:00:00","HIGHLAND COUNTY","##EV - Central Absentee Precinct","00","Local","0","237","0","0","237","0","0","0"
"2021 November General ","2021-11-02 00:00:00","HIGHLAND COUNTY","##EV - Central Absentee Precinct","06","Congressional","0","237","0","0","237","0","0","0"
"2021 November General ","2021-11-02 00:00:00","HIGHLAND COUNTY","##PE - Central Absentee Precinct","00","Local","0","2","0","0","2","0","0","0"
"2021 November General ","2021-11-02 00:00:00","HIGHLAND COUNTY","##PE - Central Absentee Precinct","06","Congressional","0","2","0","0","2","0","0","0"
"2021 November General ","2021-11-02 00:00:00","HIGHLAND COUNTY","001 - MONTEREY","06","Congressional","0","0","305","1","305","621","9","630"
"2021 November General ","2021-11-02 00:00:00","HIGHLAND COUNTY","003 - WILSONS MILL","06","Congressional","0","0","86","1","86","142","3","145"
"2021 November General ","2021-11-02 00:00:00","HIGHLAND COUNTY","005 - BLUE GRASS","06","Congressional","0","0","173","0","173","350","6","356"
"2021 November General ","2021-11-02 00:00:00","HIGHLAND COUNTY","007 - MILL GAP","06","Congressional","0","0","119","0","119","212","1","213"
"2021 November General ","2021-11-02 00:00:00","HIGHLAND COUNTY","008 - MCDOWELL","06","Congressional","0","0","253","0","253","400","4","404"
"2021 November General ","2021-11-02 00:00:00","HIGHLAND COUNTY","010 - HEADWATERS","06","Congressional","0","0","80","1","80","129","2","131"
"2021 November General ","2021-11-02 00:00:00","HOPEWELL CITY","##AB - Central Absentee Precinct","00","Local","0","435","0","0","435","0","0","0"
"2021 November General ","2021-11-02 00:00:00","HOPEWELL CITY","##AB - Central Absentee Precinct","04","Congressional","20","435","0","0","455","0","0","0"
"2021 November General ","2021-11-02 00:00:00","HOPEWELL CITY","##EV - Central Absentee Precinct","00","Local","0","1996","0","40","1996","0","0","0"
"2021 November General ","2021-11-02 00:00:00","HOPEWELL CITY","##EV - Central Absentee Precinct","04","Congressional","0","1996","0","0","1996","0","0","0"
"2021 November General ","2021-11-02 00:00:00","HOPEWELL CITY","##PE - Central Absentee Precinct","00","Local","0","0","0","0","0","0","0","0"
"2021 November General ","2021-11-02 00:00:00","HOPEWELL CITY","##PE - Central Absentee Precinct","04","Congressional","0","0","0","0","0","0","0","0"
"2021 November General ","2021-11-02 00:00:00","HOPEWELL CITY","101 - WARD ONE","04","Congressional","7","0","447","29","454","1936","103","2039"
"2021 November General ","2021-11-02 00:00:00","HOPEWELL CITY","201 - WARD TWO","04","Congressional","6","0","355","12","361","1721","172","1893"
"2021 November General ","2021-11-02 00:00:00","HOPEWELL CITY","301 - WARD THREE","04","Congressional","0","0","747","5","747","2264","113","2377"
"2021 November General ","2021-11-02 00:00:00","HOPEWELL CITY","401 - WARD FOUR","04","Congressional","3","0","835","0","838","2853","165","3018"
"2021 November General ","2021-11-02 00:00:00","HOPEWELL CITY","501 - WARD FIVE","04","Congressional","4","0","600","5","604","1917","109","2026"
"2021 November General ","2021-11-02 00:00:00","HOPEWELL CITY","601 - WARD SIX","04","Congressional","5","0","419","7","424","1984","165","2149"
"2021 November General ","2021-11-02 00:00:00","HOPEWELL CITY","701 - WARD SEVEN","04","Congressional","5","0","470","0","475","1717","107","1824"
"2021 November General ","2021-11-02 00:00:00","ISLE OF WIGHT COUNTY","##AB - Central Absentee Precinct","00","Local","0","1314","0","0","1314","0","0","0"
"2021 November General ","2021-11-02 00:00:00","ISLE OF WIGHT COUNTY","##AB - Central Absentee Precinct","03","Congressional","0","1314","0","0","1314","0","0","0"
"2021 November General ","2021-11-02 00:00:00","ISLE OF WIGHT COUNTY","##EV - Central Absentee Precinct","00","Local","0","4466","0","0","4466","0","0","0"
"2021 November General ","2021-11-02 00:00:00","ISLE OF WIGHT COUNTY","##EV - Central Absentee Precinct","03","Congressional","0","4466","0","0","4466","0","0","0"
"2021 November General ","2021-11-02 00:00:00","ISLE OF WIGHT COUNTY","##PE - Central Absentee Precinct","00","Local","0","56","0","0","56","0","0","0"
"2021 November General ","2021-11-02 00:00:00","ISLE OF WIGHT COUNTY","##PE - Central Absentee Precinct","03","Congressional","0","56","0","0","56","0","0","0"
"2021 November General ","2021-11-02 00:00:00","ISLE OF WIGHT COUNTY","101 - SMITHFIELD","03","Congressional","3","0","1547","0","1550","3331","94","3425"
"2021 November General ","2021-11-02 00:00:00","ISLE OF WIGHT COUNTY","102 - CYPRESS CREEK","03","Congressional","6","0","1250","0","1256","2787","146","2933"
"2021 November General ","2021-11-02 00:00:00","ISLE OF WIGHT COUNTY","201 - BARTLETT","03","Congressional","5","0","1760","0","1765","3435","122","3557"
"2021 November General ","2021-11-02 00:00:00","ISLE OF WIGHT COUNTY","202 - CARROLLTON","03","Congressional","2","0","1502","0","1504","3710","218","3928"
"2021 November General ","2021-11-02 00:00:00","ISLE OF WIGHT COUNTY","301 - RUSHMERE","03","Congressional","4","0","1025","0","1029","2372","68","2440"
"2021 November General ","2021-11-02 00:00:00","ISLE OF WIGHT COUNTY","302 - PONS","03","Congressional","2","0","899","0","901","2697","64","2761"
"2021 November General ","2021-11-02 00:00:00","ISLE OF WIGHT COUNTY","401 - COURTHOUSE","03","Congressional","1","0","472","0","473","1114","21","1135"
"2021 November General ","2021-11-02 00:00:00","ISLE OF WIGHT COUNTY","402 - WINDSOR","03","Congressional","6","0","894","0","900","2282","79","2361"
"2021 November General ","2021-11-02 00:00:00","ISLE OF WIGHT COUNTY","403 - LONGVIEW","03","Congressional","3","0","1039","0","1042","2356","64","2420"
"2021 November General ","2021-11-02 00:00:00","ISLE OF WIGHT COUNTY","501 - WALTERS","03","Congressional","1","0","657","0","658","1156","29","1185"
"2021 November General ","2021-11-02 00:00:00","ISLE OF WIGHT COUNTY","502 - CAMPS MILL","03","Congressional","0","0","269","0","269","552","33","585"
"2021 November General ","2021-11-02 00:00:00","ISLE OF WIGHT COUNTY","503 - CARRSVILLE","03","Congressional","1","0","460","0","461","870","30","900"
"2021 November General ","2021-11-02 00:00:00","ISLE OF WIGHT COUNTY","504 - ZUNI","03","Congressional","0","0","704","0","704","1599","57","1656"
"2021 November General ","2021-11-02 00:00:00","ISLE OF WIGHT COUNTY","505 - RAYNOR","03","Congressional","1","0","391","0","392","839","16","855"
"2021 November General ","2021-11-02 00:00:00","JAMES CITY COUNTY","##AB - Central Absentee Precinct","00","Local","0","0","0","0","0","0","0","0"
"2021 November General ","2021-11-02 00:00:00","JAMES CITY COUNTY","##AB - Central Absentee Precinct","00","Local","0","3766","0","0","3766","0","0","0"
"2021 November General ","2021-11-02 00:00:00","JAMES CITY COUNTY","##AB - Central Absentee Precinct","01","Congressional","2","2947","0","0","2949","0","0","0"
"2021 November General ","2021-11-02 00:00:00","JAMES CITY COUNTY","##AB - Central Absentee Precinct","02","Congressional","0","819","0","0","819","0","0","0"
"2021 November General ","2021-11-02 00:00:00","JAMES CITY COUNTY","##EV - Central Absentee Precinct","00","Local","0","0","0","0","0","0","0","0"
"2021 November General ","2021-11-02 00:00:00","JAMES CITY COUNTY","##EV - Central Absentee Precinct","00","Local","0","18028","0","0","18028","0","0","0"
"2021 November General ","2021-11-02 00:00:00","JAMES CITY COUNTY","##EV - Central Absentee Precinct","01","Congressional","0","14828","0","0","14828","0","0","0"
"2021 November General ","2021-11-02 00:00:00","JAMES CITY COUNTY","##EV - Central Absentee Precinct","02","Congressional","0","3200","0","0","3200","0","0","0"
"2021 November General ","2021-11-02 00:00:00","JAMES CITY COUNTY","##PE - Central Absentee Precinct","00","Local","0","0","0","0","0","0","0","0"
"2021 November General ","2021-11-02 00:00:00","JAMES CITY COUNTY","##PE - Central Absentee Precinct","00","Local","0","99","0","0","99","0","0","0"
"2021 November General ","2021-11-02 00:00:00","JAMES CITY COUNTY","##PE - Central Absentee Precinct","01","Congressional","0","76","0","0","76","0","0","0"
"2021 November General ","2021-11-02 00:00:00","JAMES CITY COUNTY","##PE - Central Absentee Precinct","02","Congressional","0","23","0","0","23","0","0","0"
"2021 November General ","2021-11-02 00:00:00","JAMES CITY COUNTY","101 - BERKELEY A","01","Congressional","3","0","1210","4","1213","3440","153","3593"
"2021 November General ","2021-11-02 00:00:00","JAMES CITY COUNTY","102 - BERKELEY B","01","Congressional","4","0","916","6","920","2462","95","2557"
"2021 November General ","2021-11-02 00:00:00","JAMES CITY COUNTY","103 - BERKELEY C","01","Congressional","0","0","1331","13","1331","4963","197","5160"
"2021 November General ","2021-11-02 00:00:00","JAMES CITY COUNTY","104- BERKELEY D","02","Congressional","7","0","481","0","488","1291","68","1359"
"2021 November General ","2021-11-02 00:00:00","JAMES CITY COUNTY","201 - JAMESTOWN A","02","Congressional","2","0","386","2","388","1148","67","1215"
"2021 November General ","2021-11-02 00:00:00","JAMES CITY COUNTY","202 - JAMESTOWN B","01","Congressional","9","0","911","14","920","4002","296","4298"
"2021 November General ","2021-11-02 00:00:00","JAMES CITY COUNTY","202 - JAMESTOWN B","02","Congressional","9","0","0","0","9","4002","296","4298"
"2021 November General ","2021-11-02 00:00:00","JAMES CITY COUNTY","203 - JAMESTOWN C","01","Congressional","9","0","826","4","835","2937","178","3115"
"2021 November General ","2021-11-02 00:00:00","JAMES CITY COUNTY","204 - JAMESTOWN D","01","Congressional","2","0","816","12","818","3787","138","3925"
"2021 November General ","2021-11-02 00:00:00","JAMES CITY COUNTY","301 - POWHATAN A","01","Congressional","4","0","928","10","932","4255","157","4412"
"2021 November General ","2021-11-02 00:00:00","JAMES CITY COUNTY","302 - POWHATAN B","01","Congressional","3","0","449","8","452","1394","61","1455"
"2021 November General ","2021-11-02 00:00:00","JAMES CITY COUNTY","303 - POWHATAN C","01","Congressional","3","0","686","5","689","1605","43","1648"
"2021 November General ","2021-11-02 00:00:00","JAMES CITY COUNTY","304 - POWHATAN D","01","Congressional","4","0","996","14","1000","3725","225","3950"
"2021 November General ","2021-11-02 00:00:00","JAMES CITY COUNTY","401 - STONEHOUSE A","01","Congressional","6","0","1753","6","1759","4328","186","4514"
"2021 November General ","2021-11-02 00:00:00","JAMES CITY COUNTY","402 - STONEHOUSE B","01","Congressional","10","0","1640","10","1650","5925","205","6130"
"2021 November General ","2021-11-02 00:00:00","JAMES CITY COUNTY","403 - STONEHOUSE C","01","Congressional","1","0","1477","8","1478","3743","102","3845"
"2021 November General ","2021-11-02 00:00:00","JAMES CITY COUNTY","501 - ROBERTS A","02","Congressional","4","0","638","8","642","1989","147","2136"
"2021 November General ","2021-11-02 00:00:00","JAMES CITY COUNTY","502 - ROBERTS B","02","Congressional","1","0","1277","14","1278","3886","127","4013"
"2021 November General ","2021-11-02 00:00:00","JAMES CITY COUNTY","503 - ROBERTS C","02","Congressional","1","0","254","0","255","795","57","852"
"2021 November General ","2021-11-02 00:00:00","JAMES CITY COUNTY","504 - ROBERTS D","01","Congressional","12","0","0","0","12","3647","129","3776"
"2021 November General ","2021-11-02 00:00:00","JAMES CITY COUNTY","504 - ROBERTS D","02","Congressional","12","0","1238","17","1250","3647","129","3776"
"2021 November General ","2021-11-02 00:00:00","KING & QUEEN COUNTY","##AB - Central Absentee Precinct","00","Local","0","203","0","0","203","0","0","0"
"2021 November General ","2021-11-02 00:00:00","KING & QUEEN COUNTY","##AB - Central Absentee Precinct","01","Congressional","0","203","0","0","203","0","0","0"
"2021 November General ","2021-11-02 00:00:00","KING & QUEEN COUNTY","##EV - Central Absentee Precinct","00","Local","0","579","0","20","579","0","0","0"
"2021 November General ","2021-11-02 00:00:00","KING & QUEEN COUNTY","##EV - Central Absentee Precinct","01","Congressional","0","579","0","20","579","0","0","0"
"2021 November General ","2021-11-02 00:00:00","KING & QUEEN COUNTY","##PE - Central Absentee Precinct","00","Local","0","13","0","0","13","0","0","0"
"2021 November General ","2021-11-02 00:00:00","KING & QUEEN COUNTY","##PE - Central Absentee Precinct","01","Congressional","0","13","0","0","13","0","0","0"
"2021 November General ","2021-11-02 00:00:00","KING & QUEEN COUNTY","101 - OWENTON","01","Congressional","2","0","511","12","513","1009","23","1032"
"2021 November General ","2021-11-02 00:00:00","KING & QUEEN COUNTY","201 - CLARKS","01","Congressional","0","0","525","2","525","1041","23","1064"
"2021 November General ","2021-11-02 00:00:00","KING & QUEEN COUNTY","301 - SHACKLEFORDS","01","Congressional","0","0","506","26","506","1033","40","1073"
"2021 November General ","2021-11-02 00:00:00","KING & QUEEN COUNTY","401 - COURTHOUSE","01","Congressional","1","0","473","5","474","1112","31","1143"
"2021 November General ","2021-11-02 00:00:00","KING & QUEEN COUNTY","501 - OLDMILL","01","Congressional","0","0","452","0","452","956","32","988"
"2021 November General ","2021-11-02 00:00:00","KING GEORGE COUNTY","##AB - Central Absentee Precinct","00","Local","0","671","0","0","671","0","0","0"
"2021 November General ","2021-11-02 00:00:00","KING GEORGE COUNTY","##AB - Central Absentee Precinct","01","Congressional","0","671","0","0","671","0","0","0"
"2021 November General ","2021-11-02 00:00:00","KING GEORGE COUNTY","##EV - Central Absentee Precinct","00","Local","0","3968","0","90","3968","0","0","0"
"2021 November General ","2021-11-02 00:00:00","KING GEORGE COUNTY","##EV - Central Absentee Precinct","01","Congressional","0","3968","0","90","3968","0","0","0"
"2021 November General ","2021-11-02 00:00:00","KING GEORGE COUNTY","##PE - Central Absentee Precinct","00","Local","0","13","0","0","13","0","0","0"
"2021 November General ","2021-11-02 00:00:00","KING GEORGE COUNTY","##PE - Central Absentee Precinct","01","Congressional","0","13","0","0","13","0","0","0"
"2021 November General ","2021-11-02 00:00:00","KING GEORGE COUNTY","101 - COURTHOUSE","01","Congressional","2","0","1210","13","1212","3442","160","3602"
"2021 November General ","2021-11-02 00:00:00","KING GEORGE COUNTY","102 - PASSAPATANZY","01","Congressional","1","0","741","9","742","1567","51","1618"
"2021 November General ","2021-11-02 00:00:00","KING GEORGE COUNTY","201 - MONROE","01","Congressional","3","0","1380","30","1383","4456","182","4638"
"2021 November General ","2021-11-02 00:00:00","KING GEORGE COUNTY","301 - DAHLGREN","01","Congressional","5","0","1311","11","1316","4084","235","4319"
"2021 November General ","2021-11-02 00:00:00","KING GEORGE COUNTY","401 - SHILOH","01","Congressional","6","0","1404","31","1410","4576","127","4703"
"2021 November General ","2021-11-02 00:00:00","KING WILLIAM COUNTY","##AB - Central Absentee Precinct","00","Local","0","78","0","0","78","0","0","0"
"2021 November General ","2021-11-02 00:00:00","KING WILLIAM COUNTY","##AB - Central Absentee Precinct","00","Local","0","282","0","0","282","0","0","0"
"2021 November General ","2021-11-02 00:00:00","KING WILLIAM COUNTY","##AB - Central Absentee Precinct","00","Local","0","360","0","0","360","0","0","0"
"2021 November General ","2021-11-02 00:00:00","KING WILLIAM COUNTY","##AB - Central Absentee Precinct","01","Congressional","0","360","0","0","360","0","0","0"
"2021 November General ","2021-11-02 00:00:00","KING WILLIAM COUNTY","##EV - Central Absentee Precinct","00","Local","0","258","0","0","258","0","0","0"
"2021 November General ","2021-11-02 00:00:00","KING WILLIAM COUNTY","##EV - Central Absentee Precinct","00","Local","0","1505","0","30","1505","0","0","0"
"2021 November General ","2021-11-02 00:00:00","KING WILLIAM COUNTY","##EV - Central Absentee Precinct","00","Local","0","1763","0","30","1763","0","0","0"
"2021 November General ","2021-11-02 00:00:00","KING WILLIAM COUNTY","##EV - Central Absentee Precinct","01","Congressional","0","1763","0","30","1763","0","0","0"
"2021 November General ","2021-11-02 00:00:00","KING WILLIAM COUNTY","##PE - Central Absentee Precinct","00","Local","0","5","0","0","5","0","0","0"
"2021 November General ","2021-11-02 00:00:00","KING WILLIAM COUNTY","##PE - Central Absentee Precinct","00","Local","0","7","0","0","7","0","0","0"
"2021 November General ","2021-11-02 00:00:00","KING WILLIAM COUNTY","##PE - Central Absentee Precinct","00","Local","0","12","0","0","12","0","0","0"
"2021 November General ","2021-11-02 00:00:00","KING WILLIAM COUNTY","##PE - Central Absentee Precinct","01","Congressional","0","12","0","0","12","0","0","0"
"2021 November General ","2021-11-02 00:00:00","KING WILLIAM COUNTY","101 - WEST POINT","01","Congressional","3","0","1239","26","1242","2294","129","2423"
"2021 November General ","2021-11-02 00:00:00","KING WILLIAM COUNTY","201 - SWEET HALL","01","Congressional","1","0","505","1","506","895","37","932"
"2021 November General ","2021-11-02 00:00:00","KING WILLIAM COUNTY","202 - COURTHOUSE","01","Congressional","0","0","707","7","707","1706","41","1747"
"2021 November General ","2021-11-02 00:00:00","KING WILLIAM COUNTY","301 - AYLETT","01","Congressional","4","0","1281","30","1285","2654","64","2718"
"2021 November General ","2021-11-02 00:00:00","KING WILLIAM COUNTY","401 - MANQUIN","01","Congressional","0","0","1397","19","1397","2846","79","2925"
"2021 November General ","2021-11-02 00:00:00","KING WILLIAM COUNTY","501 - MANGOHICK","01","Congressional","5","0","1317","31","1322","2686","70","2756"
"2021 November General ","2021-11-02 00:00:00","LANCASTER COUNTY","##AB - Central Absentee Precinct","00","Local","0","378","0","0","378","0","0","0"
"2021 November General ","2021-11-02 00:00:00","LANCASTER COUNTY","##AB - Central Absentee Precinct","01","Congressional","0","378","0","0","378","0","0","0"
"2021 November General ","2021-11-02 00:00:00","LANCASTER COUNTY","##EV - Central Absentee Precinct","00","Local","0","1888","0","24","1888","0","0","0"
"2021 November General ","2021-11-02 00:00:00","LANCASTER COUNTY","##EV - Central Absentee Precinct","01","Congressional","0","1888","0","24","1888","0","0","0"
"2021 November General ","2021-11-02 00:00:00","LANCASTER COUNTY","##PE - Central Absentee Precinct","00","Local","0","1","0","0","1","0","0","0"
"2021 November General ","2021-11-02 00:00:00","LANCASTER COUNTY","##PE - Central Absentee Precinct","01","Congressional","0","1","0","0","1","0","0","0"
"2021 November General ","2021-11-02 00:00:00","LANCASTER COUNTY","101 - PRECINCT 1-1","01","Congressional","2","0","655","4","657","1765","72","1837"
"2021 November General ","2021-11-02 00:00:00","LANCASTER COUNTY","201 - PRECINCT 2-1","01","Congressional","0","0","531","6","531","1612","47","1659"
"2021 November General ","2021-11-02 00:00:00","LANCASTER COUNTY","301 - PRECINCT 3-1","01","Congressional","0","0","621","3","621","1303","31","1334"
"2021 November General ","2021-11-02 00:00:00","LANCASTER COUNTY","302 - PRECINCT 3-2","01","Congressional","0","0","303","5","303","622","17","639"
"2021 November General ","2021-11-02 00:00:00","LANCASTER COUNTY","401 - PRECINCT 4-1","01","Congressional","5","0","602","9","607","1560","32","1592"
"2021 November General ","2021-11-02 00:00:00","LANCASTER COUNTY","501 - PRECINCT 5-1","01","Congressional","3","0","902","5","905","1924","56","1980"
"2021 November General ","2021-11-02 00:00:00","LEE COUNTY","##AB - Central Absentee Precinct","00","Local","0","261","0","0","261","0","0","0"
"2021 November General ","2021-11-02 00:00:00","LEE COUNTY","##AB - Central Absentee Precinct","09","Congressional","0","261","0","0","261","0","0","0"
"2021 November General ","2021-11-02 00:00:00","LEE COUNTY","##EV - Central Absentee Precinct","00","Local","0","953","0","7","953","0","0","0"
"2021 November General ","2021-11-02 00:00:00","LEE COUNTY","##EV - Central Absentee Precinct","09","Congressional","0","953","0","7","953","0","0","0"
"2021 November General ","2021-11-02 00:00:00","LEE COUNTY","##PE - Central Absentee Precinct","00","Local","0","4","0","0","4","0","0","0"
"2021 November General ","2021-11-02 00:00:00","LEE COUNTY","##PE - Central Absentee Precinct","09","Congressional","0","4","0","0","4","0","0","0"
"2021 November General ","2021-11-02 00:00:00","LEE COUNTY","101 - ELYDALE","09","Congressional","0","0","311","2","311","824","40","864"
"2021 November General ","2021-11-02 00:00:00","LEE COUNTY","102 - EWING","09","Congressional","0","0","298","0","298","797","39","836"
"2021 November General ","2021-11-02 00:00:00","LEE COUNTY","103 - ROSE HILL","09","Congressional","0","0","576","0","576","1468","63","1531"
"2021 November General ","2021-11-02 00:00:00","LEE COUNTY","201 - BLACKWATER","09","Congressional","0","0","124","0","124","270","13","283"
"2021 November General ","2021-11-02 00:00:00","LEE COUNTY","202 - FLATWOODS","09","Congressional","0","0","463","0","463","1074","33","1107"
"2021 November General ","2021-11-02 00:00:00","LEE COUNTY","203 - JONESVILLE","09","Congressional","0","0","669","0","669","1744","64","1808"
"2021 November General ","2021-11-02 00:00:00","LEE COUNTY","301 - BEN HUR","09","Congressional","0","0","709","3","709","1794","57","1851"
"2021 November General ","2021-11-02 00:00:00","LEE COUNTY","302 - WOODWAY","09","Congressional","0","0","507","0","507","1166","40","1206"
"2021 November General ","2021-11-02 00:00:00","LEE COUNTY","401 - STICKLEYVILLE","09","Congressional","0","0","319","0","319","658","18","676"
"2021 November General ","2021-11-02 00:00:00","LEE COUNTY","402 - JASPER","09","Congressional","0","0","240","0","240","491","16","507"
"2021 November General ","2021-11-02 00:00:00","LEE COUNTY","403 - SEMINARY","09","Congressional","0","0","328","0","328","604","17","621"
"2021 November General ","2021-11-02 00:00:00","LEE COUNTY","404 - DRYDEN","09","Congressional","0","0","541","0","541","1235","28","1263"
"2021 November General ","2021-11-02 00:00:00","LEE COUNTY","501 - SAINT CHARLES","09","Congressional","0","0","215","0","215","694","21","715"
"2021 November General ","2021-11-02 00:00:00","LEE COUNTY","502 - PENNINGTON","09","Congressional","0","0","555","0","555","1437","43","1480"
"2021 November General ","2021-11-02 00:00:00","LEE COUNTY","503 - ROBBINS CHAPEL","09","Congressional","0","0","85","1","85","193","4","197"
"2021 November General ","2021-11-02 00:00:00","LEE COUNTY","504 - KEOKEE","09","Congressional","0","0","120","0","120","273","7","280"
"2021 November General ","2021-11-02 00:00:00","LEXINGTON CITY","##AB - Central Absentee Precinct","00","Local","0","206","0","0","206","0","0","0"
"2021 November General ","2021-11-02 00:00:00","LEXINGTON CITY","##AB - Central Absentee Precinct","06","Congressional","4","206","0","0","210","0","0","0"
"2021 November General ","2021-11-02 00:00:00","LEXINGTON CITY","##EV - Central Absentee Precinct","00","Local","0","879","0","17","879","0","0","0"
"2021 November General ","2021-11-02 00:00:00","LEXINGTON CITY","##EV - Central Absentee Precinct","06","Congressional","0","879","0","17","879","0","0","0"
"2021 November General ","2021-11-02 00:00:00","LEXINGTON CITY","##PE - Central Absentee Precinct","00","Local","0","7","0","0","7","0","0","0"
"2021 November General ","2021-11-02 00:00:00","LEXINGTON CITY","##PE - Central Absentee Precinct","06","Congressional","0","7","0","0","7","0","0","0"
"2021 November General ","2021-11-02 00:00:00","LEXINGTON CITY","001 - LEXINGTON","06","Congressional","9","0","978","28","987","3774","359","4133"
"2021 November General ","2021-11-02 00:00:00","LOUDOUN COUNTY","##AB - Central Absentee Precinct","00","Local","0","373","0","0","373","0","0","0"
"2021 November General ","2021-11-02 00:00:00","LOUDOUN COUNTY","##AB - Central Absentee Precinct","00","Local","0","446","0","0","446","0","0","0"
"2021 November General ","2021-11-02 00:00:00","LOUDOUN COUNTY","##AB - Central Absentee Precinct","00","Local","0","1512","0","0","1512","0","0","0"
"2021 November General ","2021-11-02 00:00:00","LOUDOUN COUNTY","##AB - Central Absentee Precinct","00","Local","0","2782","0","0","2782","0","0","0"
"2021 November General ","2021-11-02 00:00:00","LOUDOUN COUNTY","##AB - Central Absentee Precinct","00","Local","0","3535","0","0","3535","0","0","0"
"2021 November General ","2021-11-02 00:00:00","LOUDOUN COUNTY","##AB - Central Absentee Precinct","00","Local","0","4137","0","0","4137","0","0","0"
"2021 November General ","2021-11-02 00:00:00","LOUDOUN COUNTY","##AB - Central Absentee Precinct","00","Local","0","5056","0","0","5056","0","0","0"
"2021 November General ","2021-11-02 00:00:00","LOUDOUN COUNTY","##AB - Central Absentee Precinct","00","Local","0","17841","0","0","17841","0","0","0"
"2021 November General ","2021-11-02 00:00:00","LOUDOUN COUNTY","##AB - Central Absentee Precinct","10","Congressional","4","17841","0","0","17845","0","0","0"
"2021 November General ","2021-11-02 00:00:00","LOUDOUN COUNTY","##EV - Central Absentee Precinct","00","Local","0","646","0","0","646","0","0","0"
"2021 November General ","2021-11-02 00:00:00","LOUDOUN COUNTY","##EV - Central Absentee Precinct","00","Local","0","1244","0","0","1244","0","0","0"
"2021 November General ","2021-11-02 00:00:00","LOUDOUN COUNTY","##EV - Central Absentee Precinct","00","Local","0","2929","0","0","2929","0","0","0"
"2021 November General ","2021-11-02 00:00:00","LOUDOUN COUNTY","##EV - Central Absentee Precinct","00","Local","0","7713","0","0","7713","0","0","0"
"2021 November General ","2021-11-02 00:00:00","LOUDOUN COUNTY","##EV - Central Absentee Precinct","00","Local","0","8563","0","0","8563","0","0","0"
"2021 November General ","2021-11-02 00:00:00","LOUDOUN COUNTY","##EV - Central Absentee Precinct","00","Local","0","9641","0","0","9641","0","0","0"
"2021 November General ","2021-11-02 00:00:00","LOUDOUN COUNTY","##EV - Central Absentee Precinct","00","Local","0","9758","0","0","9758","0","0","0"
"2021 November General ","2021-11-02 00:00:00","LOUDOUN COUNTY","##EV - Central Absentee Precinct","00","Local","0","40494","0","0","40494","0","0","0"
"2021 November General ","2021-11-02 00:00:00","LOUDOUN COUNTY","##EV - Central Absentee Precinct","10","Congressional","0","40494","0","0","40494","0","0","0"
"2021 November General ","2021-11-02 00:00:00","LOUDOUN COUNTY","##PE - Central Absentee Precinct","00","Local","0","26","0","0","26","0","0","0"
"2021 November General ","2021-11-02 00:00:00","LOUDOUN COUNTY","##PE - Central Absentee Precinct","00","Local","0","102","0","0","102","0","0","0"
"2021 November General ","2021-11-02 00:00:00","LOUDOUN COUNTY","##PE - Central Absentee Precinct","00","Local","0","157","0","0","157","0","0","0"
"2021 November General ","2021-11-02 00:00:00","LOUDOUN COUNTY","##PE - Central Absentee Precinct","00","Local","0","341","0","0","341","0","0","0"
"2021 November General ","2021-11-02 00:00:00","LOUDOUN COUNTY","##PE - Central Absentee Precinct","00","Local","0","393","0","0","393","0","0","0"
"2021 November General ","2021-11-02 00:00:00","LOUDOUN COUNTY","##PE - Central Absentee Precinct","00","Local","0","591","0","0","591","0","0","0"
"2021 November General ","2021-11-02 00:00:00","LOUDOUN COUNTY","##PE - Central Absentee Precinct","00","Local","0","679","0","0","679","0","0","0"
"2021 November General ","2021-11-02 00:00:00","LOUDOUN COUNTY","##PE - Central Absentee Precinct","00","Local","0","2289","0","0","2289","0","0","0"
"2021 November General ","2021-11-02 00:00:00","LOUDOUN COUNTY","##PE - Central Absentee Precinct","10","Congressional","0","2289","0","0","2289","0","0","0"
"2021 November General ","2021-11-02 00:00:00","LOUDOUN COUNTY","107 - LITTLE RIVER","10","Congressional","4","0","1107","0","1111","2989","107","3096"
"2021 November General ","2021-11-02 00:00:00","LOUDOUN COUNTY","108 - MERCER","10","Congressional","11","0","1029","0","1040","2860","115","2975"
"2021 November General ","2021-11-02 00:00:00","LOUDOUN COUNTY","112 - FREEDOM","10","Congressional","5","0","785","0","790","2498","99","2597"
"2021 November General ","2021-11-02 00:00:00","LOUDOUN COUNTY","114 - DULLES SOUTH","10","Congressional","1","0","3","0","4","3022","96","3118"
"2021 November General ","2021-11-02 00:00:00","LOUDOUN COUNTY","114 - DULLES SOUTH","10","Congressional","1","0","860","0","861","3022","96","3118"
"2021 November General ","2021-11-02 00:00:00","LOUDOUN COUNTY","117 - CARTER","10","Congressional","0","0","474","0","474","1609","127","1736"
"2021 November General ","2021-11-02 00:00:00","LOUDOUN COUNTY","118 - MOOREFIELD","10","Congressional","6","0","1172","0","1178","3465","211","3676"
"2021 November General ","2021-11-02 00:00:00","LOUDOUN COUNTY","119 - ARCOLA","10","Congressional","3","0","944","0","947","2579","148","2727"
"2021 November General ","2021-11-02 00:00:00","LOUDOUN COUNTY","120 - LUNSFORD","10","Congressional","9","0","1153","0","1162","3500","137","3637"
"2021 November General ","2021-11-02 00:00:00","LOUDOUN COUNTY","121 - TOWN HALL","10","Congressional","5","0","754","0","759","1823","114","1937"
"2021 November General ","2021-11-02 00:00:00","LOUDOUN COUNTY","122 - HUTCHISON FARM","10","Congressional","7","0","1107","0","1114","3413","129","3542"
"2021 November General ","2021-11-02 00:00:00","LOUDOUN COUNTY","123 - CARDINAL RIDGE","10","Congressional","1","0","716","0","717","1757","69","1826"
"2021 November General ","2021-11-02 00:00:00","LOUDOUN COUNTY","124 - LIBERTY","10","Congressional","7","0","787","0","794","2505","138","2643"
"2021 November General ","2021-11-02 00:00:00","LOUDOUN COUNTY","125 - ROCK RIDGE","10","Congressional","8","0","941","0","949","2711","69","2780"
"2021 November General ","2021-11-02 00:00:00","LOUDOUN COUNTY","126-GOSHEN POST","10","Congressional","6","0","1068","0","1074","3113","150","3263"
"2021 November General ","2021-11-02 00:00:00","LOUDOUN COUNTY","207 - RIVER BEND","10","Congressional","0","0","797","0","797","1800","64","1864"
"2021 November General ","2021-11-02 00:00:00","LOUDOUN COUNTY","208 - ALGONKIAN","10","Congressional","0","0","892","0","892","1854","112","1966"
"2021 November General ","2021-11-02 00:00:00","LOUDOUN COUNTY","209 - POTOMAC FALLS","10","Congressional","7","0","1102","0","1109","2798","120","2918"
"2021 November General ","2021-11-02 00:00:00","LOUDOUN COUNTY","210 - CASCADES","10","Congressional","5","0","1255","0","1260","3507","230","3737"
"2021 November General ","2021-11-02 00:00:00","LOUDOUN COUNTY","213 - COUNTRYSIDE","10","Congressional","4","0","435","0","439","1156","87","1243"
"2021 November General ","2021-11-02 00:00:00","LOUDOUN COUNTY","214 - SUGARLAND NORTH","10","Congressional","6","0","1271","0","1277","3417","133","3550"
"2021 November General ","2021-11-02 00:00:00","LOUDOUN COUNTY","215 - SUGARLAND SOUTH","10","Congressional","6","0","1199","0","1205","3077","136","3213"
"2021 November General ","2021-11-02 00:00:00","LOUDOUN COUNTY","216 - LOWES ISLAND","10","Congressional","7","0","1167","0","1174","2694","115","2809"
"2021 November General ","2021-11-02 00:00:00","LOUDOUN COUNTY","217 - SOUTH BANK","10","Congressional","5","0","1192","0","1197","3273","148","3421"
"2021 November General ","2021-11-02 00:00:00","LOUDOUN COUNTY","218 - UNIVERSITY CENTER","10","Congressional","5","0","872","0","877","2632","238","2870"
"2021 November General ","2021-11-02 00:00:00","LOUDOUN COUNTY","219 - GALILEE CHURCH","10","Congressional","6","0","980","0","986","2454","159","2613"
"2021 November General ","2021-11-02 00:00:00","LOUDOUN COUNTY","301 - PURCELLVILLE","10","Congressional","7","0","1303","0","1310","3404","163","3567"
"2021 November General ","2021-11-02 00:00:00","LOUDOUN COUNTY","302 - ROUND HILL","10","Congressional","3","0","1429","0","1432","2861","135","2996"
"2021 November General ","2021-11-02 00:00:00","LOUDOUN COUNTY","303 - HILLSBORO","10","Congressional","1","0","1202","0","1203","2657","113","2770"
"2021 November General ","2021-11-02 00:00:00","LOUDOUN COUNTY","305 - PHILOMONT","10","Congressional","0","0","680","0","680","1314","46","1360"
"2021 November General ","2021-11-02 00:00:00","LOUDOUN COUNTY","307 - MIDDLEBURG","10","Congressional","3","0","688","0","691","1375","65","1440"
"2021 November General ","2021-11-02 00:00:00","LOUDOUN COUNTY","308 - ST LOUIS","10","Congressional","3","0","671","0","674","1435","56","1491"
"2021 November General ","2021-11-02 00:00:00","LOUDOUN COUNTY","309 - ALDIE","10","Congressional","3","0","505","0","508","1019","35","1054"
"2021 November General ","2021-11-02 00:00:00","LOUDOUN COUNTY","310 - MOUNTAIN VIEW","10","Congressional","4","0","1527","0","1531","3899","195","4094"
"2021 November General ","2021-11-02 00:00:00","LOUDOUN COUNTY","311 - ROUND HILL ELEMENTARY","10","Congressional","6","0","1536","0","1542","3339","122","3461"
"2021 November General ","2021-11-02 00:00:00","LOUDOUN COUNTY","312 - BRIAR WOODS","10","Congressional","6","0","1245","0","1251","3287","156","3443"
"2021 November General ","2021-11-02 00:00:00","LOUDOUN COUNTY","313 - PINEBROOK","10","Congressional","6","0","1391","0","1397","3662","107","3769"
"2021 November General ","2021-11-02 00:00:00","LOUDOUN COUNTY","314 - LEGACY","10","Congressional","3","0","1214","0","1217","2881","140","3021"
"2021 November General ","2021-11-02 00:00:00","LOUDOUN COUNTY","315 - FIREHOUSE","10","Congressional","2","0","491","0","493","964","34","998"
"2021 November General ","2021-11-02 00:00:00","LOUDOUN COUNTY","316 - CREIGHTON'S CORNER","10","Congressional","9","0","1437","0","1446","3988","261","4249"
"2021 November General ","2021-11-02 00:00:00","LOUDOUN COUNTY","318 - MADISON'S TRUST","10","Congressional","6","0","1437","0","1443","4245","127","4372"
"2021 November General ","2021-11-02 00:00:00","LOUDOUN COUNTY","319 - JOHN CHAMPE","10","Congressional","3","0","1889","0","1892","5623","150","5773"
"2021 November General ","2021-11-02 00:00:00","LOUDOUN COUNTY","320 - STONE HILL","10","Congressional","9","0","1736","0","1745","4949","186","5135"
"2021 November General ","2021-11-02 00:00:00","LOUDOUN COUNTY","321 - BRAMBLETON MIDDLE","10","Congressional","2","0","786","0","788","2069","103","2172"
"2021 November General ","2021-11-02 00:00:00","LOUDOUN COUNTY","322-BUFFALO TRAIL","10","Congressional","8","0","896","0","904","2526","72","2598"
"2021 November General ","2021-11-02 00:00:00","LOUDOUN COUNTY","401 - WEST LOVETTSVILLE","10","Congressional","5","0","1841","0","1846","3825","147","3972"
"2021 November General ","2021-11-02 00:00:00","LOUDOUN COUNTY","402 - WATERFORD","10","Congressional","7","0","1451","0","1458","3254","141","3395"
"2021 November General ","2021-11-02 00:00:00","LOUDOUN COUNTY","403 - LUCKETTS","10","Congressional","11","0","1496","0","1507","3869","164","4033"
"2021 November General ","2021-11-02 00:00:00","LOUDOUN COUNTY","407 - HARPER PARK","10","Congressional","7","0","773","0","780","2019","83","2102"
"2021 November General ","2021-11-02 00:00:00","LOUDOUN COUNTY","408 - EVERGREEN","10","Congressional","8","0","1337","0","1345","4100","161","4261"
"2021 November General ","2021-11-02 00:00:00","LOUDOUN COUNTY","409 - CLARKES GAP","10","Congressional","4","0","1262","0","1266","3281","106","3387"
"2021 November General ","2021-11-02 00:00:00","LOUDOUN COUNTY","411 - EAST LOVETTSVILLE","10","Congressional","0","0","1151","0","1151","2381","92","2473"
"2021 November General ","2021-11-02 00:00:00","LOUDOUN COUNTY","413 - TUSCARORA","10","Congressional","2","0","68","0","70","155","6","161"
"2021 November General ","2021-11-02 00:00:00","LOUDOUN COUNTY","414 - RED ROCK","10","Congressional","1","0","763","0","764","1780","76","1856"
"2021 November General ","2021-11-02 00:00:00","LOUDOUN COUNTY","416 - HAMILTON","10","Congressional","5","0","1676","0","1681","3583","146","3729"
"2021 November General ","2021-11-02 00:00:00","LOUDOUN COUNTY","420 - RIVER CREEK","10","Congressional","0","0","899","0","899","2947","137","3084"
"2021 November General ","2021-11-02 00:00:00","LOUDOUN COUNTY","421 - BETWEEN THE HILLS","10","Congressional","0","0","210","0","210","365","34","399"
"2021 November General ","2021-11-02 00:00:00","LOUDOUN COUNTY","422 - SYCOLIN CREEK","10","Congressional","2","0","897","0","899","2359","105","2464"
"2021 November General ","2021-11-02 00:00:00","LOUDOUN COUNTY","501 - WEST LEESBURG","10","Congressional","9","0","1004","0","1013","2980","145","3125"
"2021 November General ","2021-11-02 00:00:00","LOUDOUN COUNTY","502 - EAST LEESBURG","10","Congressional","9","0","1033","0","1042","3494","232","3726"
"2021 November General ","2021-11-02 00:00:00","LOUDOUN COUNTY","503 - DRY MILL","10","Congressional","3","0","627","0","630","1522","44","1566"
"2021 November General ","2021-11-02 00:00:00","LOUDOUN COUNTY","504 - SMARTS MILL","10","Congressional","6","0","1160","0","1166","3382","159","3541"
"2021 November General ","2021-11-02 00:00:00","LOUDOUN COUNTY","505 - COOL SPRING","10","Congressional","11","0","1218","0","1229","3214","145","3359"
"2021 November General ","2021-11-02 00:00:00","LOUDOUN COUNTY","506 - BRANDON PARK","10","Congressional","6","0","620","0","626","1981","179","2160"
"2021 November General ","2021-11-02 00:00:00","LOUDOUN COUNTY","507 - GREENWAY","10","Congressional","7","0","518","0","525","1625","86","1711"
"2021 November General ","2021-11-02 00:00:00","LOUDOUN COUNTY","508 - BALLS BLUFF","10","Congressional","3","0","1293","0","1296","3054","144","3198"
"2021 November General ","2021-11-02 00:00:00","LOUDOUN COUNTY","509 - TOLBERT","10","Congressional","14","0","1440","0","1454","4055","225","4280"
"2021 November General ","2021-11-02 00:00:00","LOUDOUN COUNTY","510 - HERITAGE","10","Congressional","1","0","668","0","669","1895","67","1962"
"2021 November General ","2021-11-02 00:00:00","LOUDOUN COUNTY","615 - HILLSIDE","10","Congressional","7","0","1176","0","1183","2810","128","2938"
"2021 November General ","2021-11-02 00:00:00","LOUDOUN COUNTY","616 - EAGLE RIDGE","10","Congressional","4","0","1217","0","1221","3178","119","3297"
"2021 November General ","2021-11-02 00:00:00","LOUDOUN COUNTY","617 - OAK GROVE","10","Congressional","1","0","475","0","476","1332","74","1406"
"2021 November General ","2021-11-02 00:00:00","LOUDOUN COUNTY","619 - RIDGETOP","10","Congressional","6","0","500","0","506","1872","251","2123"
"2021 November General ","2021-11-02 00:00:00","LOUDOUN COUNTY","620 - RUSSELL BRANCH","10","Congressional","6","0","1354","0","1360","3335","184","3519"
"2021 November General ","2021-11-02 00:00:00","LOUDOUN COUNTY","621 - DOMINION TRAIL","10","Congressional","3","0","1449","0","1452","3755","160","3915"
"2021 November General ","2021-11-02 00:00:00","LOUDOUN COUNTY","622 - FARMWELL STATION","10","Congressional","5","0","1441","0","1446","4010","179","4189"
"2021 November General ","2021-11-02 00:00:00","LOUDOUN COUNTY","623 - WELLER","10","Congressional","10","0","1588","0","1598","4480","138","4618"
"2021 November General ","2021-11-02 00:00:00","LOUDOUN COUNTY","625 - MILL RUN","10","Congressional","5","0","549","0","554","1378","36","1414"
"2021 November General ","2021-11-02 00:00:00","LOUDOUN COUNTY","626 - ASHBY PONDS","10","Congressional","2","0","1106","0","1108","1748","20","1768"
"2021 November General ","2021-11-02 00:00:00","LOUDOUN COUNTY","627 - ASHBROOK","10","Congressional","5","0","408","0","413","1228","108","1336"
"2021 November General ","2021-11-02 00:00:00","LOUDOUN COUNTY","628 - MOOREFIELD STATION","10","Congressional","13","0","1384","0","1397","4290","369","4659"
"2021 November General ","2021-11-02 00:00:00","LOUDOUN COUNTY","629 - DISCOVERY","10","Congressional","2","0","317","0","319","1015","91","1106"
"2021 November General ","2021-11-02 00:00:00","LOUDOUN COUNTY","701 - SULLY","10","Congressional","1","0","911","0","912","2816","136","2952"
"2021 November General ","2021-11-02 00:00:00","LOUDOUN COUNTY","702 - PARK VIEW","10","Congressional","6","0","840","0","846","2528","124","2652"
"2021 November General ","2021-11-02 00:00:00","LOUDOUN COUNTY","703 - ROLLING RIDGE","10","Congressional","4","0","1029","0","1033","2874","201","3075"
"2021 November General ","2021-11-02 00:00:00","LOUDOUN COUNTY","705 - FOREST GROVE","10","Congressional","3","0","1185","0","1188","3551","220","3771"
"2021 November General ","2021-11-02 00:00:00","LOUDOUN COUNTY","707 - CLAUDE MOORE PARK","10","Congressional","5","0","805","0","810","2413","147","2560"
"2021 November General ","2021-11-02 00:00:00","LOUDOUN COUNTY","708 - SENECA","10","Congressional","7","0","959","0","966","2670","140","2810"
"2021 November General ","2021-11-02 00:00:00","LOUDOUN COUNTY","709 - MIRROR RIDGE","10","Congressional","1","0","991","0","992","2892","147","3039"
"2021 November General ","2021-11-02 00:00:00","LOUDOUN COUNTY","710 - STERLING","10","Congressional","1","0","708","0","709","2430","126","2556"
"2021 November General ","2021-11-02 00:00:00","LOUDOUN COUNTY","808 - STONE BRIDGE","10","Congressional","10","0","1476","0","1486","3599","166","3765"
"2021 November General ","2021-11-02 00:00:00","LOUDOUN COUNTY","810 - CEDAR LANE","10","Congressional","7","0","1148","0","1155","2935","151","3086"
"2021 November General ","2021-11-02 00:00:00","LOUDOUN COUNTY","813 - SELDENS LANDING","10","Congressional","3","0","914","0","917","2527","206","2733"
"2021 November General ","2021-11-02 00:00:00","LOUDOUN COUNTY","814 - NEWTON - LEE","10","Congressional","10","0","1337","0","1347","3414","171","3585"
"2021 November General ","2021-11-02 00:00:00","LOUDOUN COUNTY","815 - BELMONT RIDGE","10","Congressional","7","0","1139","0","1146","3634","125","3759"
"2021 November General ","2021-11-02 00:00:00","LOUDOUN COUNTY","817 - SANDERS CORNER","10","Congressional","7","0","1460","0","1467","3862","232","4094"
"2021 November General ","2021-11-02 00:00:00","LOUDOUN COUNTY","818 - BROAD RUN","10","Congressional","6","0","972","0","978","2513","104","2617"
"2021 November General ","2021-11-02 00:00:00","LOUDOUN COUNTY","819 - HERITAGE CHURCH","10","Congressional","2","0","898","0","900","2275","116","2391"
"2021 November General ","2021-11-02 00:00:00","LOUDOUN COUNTY","820 - BELMONT STATION","10","Congressional","8","0","1038","0","1046","2792","107","2899"
"2021 November General ","2021-11-02 00:00:00","LOUDOUN COUNTY","822 - RIVERSIDE","10","Congressional","4","0","837","0","841","2154","66","2220"
"2021 November General ","2021-11-02 00:00:00","LOUISA COUNTY","##AB - Central Absentee Precinct","00","Local","0","6","0","0","6","0","0","0"
"2021 November General ","2021-11-02 00:00:00","LOUISA COUNTY","##AB - Central Absentee Precinct","00","Local","0","1218","0","0","1218","0","0","0"
"2021 November General ","2021-11-02 00:00:00","LOUISA COUNTY","##AB - Central Absentee Precinct","00","Local","0","1224","0","0","1224","0","0","0"
"2021 November General ","2021-11-02 00:00:00","LOUISA COUNTY","##AB - Central Absentee Precinct","07","Congressional","0","1224","0","0","1224","0","0","0"
"2021 November General ","2021-11-02 00:00:00","LOUISA COUNTY","##EV - Central Absentee Precinct","00","Local","0","12","0","0","12","0","0","0"
"2021 November General ","2021-11-02 00:00:00","LOUISA COUNTY","##EV - Central Absentee Precinct","00","Local","0","4048","0","97","4048","0","0","0"
"2021 November General ","2021-11-02 00:00:00","LOUISA COUNTY","##EV - Central Absentee Precinct","00","Local","0","4060","0","97","4060","0","0","0"
"2021 November General ","2021-11-02 00:00:00","LOUISA COUNTY","##EV - Central Absentee Precinct","07","Congressional","0","4060","0","97","4060","0","0","0"
"2021 November General ","2021-11-02 00:00:00","LOUISA COUNTY","##PE - Central Absentee Precinct","00","Local","0","0","0","0","0","0","0","0"
"2021 November General ","2021-11-02 00:00:00","LOUISA COUNTY","##PE - Central Absentee Precinct","00","Local","0","54","0","0","54","0","0","0"
"2021 November General ","2021-11-02 00:00:00","LOUISA COUNTY","##PE - Central Absentee Precinct","07","Congressional","0","54","0","0","54","0","0","0"
"2021 November General ","2021-11-02 00:00:00","LOUISA COUNTY","101 - ZION","07","Congressional","4","0","1460","3","1464","3207","99","3306"
"2021 November General ","2021-11-02 00:00:00","LOUISA COUNTY","102 - MECHANICSVILLE","07","Congressional","0","0","730","9","730","1648","39","1687"
"2021 November General ","2021-11-02 00:00:00","LOUISA COUNTY","201 - LOUISA #1","07","Congressional","2","0","758","5","760","1956","66","2022"
"2021 November General ","2021-11-02 00:00:00","LOUISA COUNTY","202 - LOUISA #2","07","Congressional","1","0","729","4","730","1750","49","1799"
"2021 November General ","2021-11-02 00:00:00","LOUISA COUNTY","301 - PATRICK HENRY NO 1","07","Congressional","0","0","0","0","0","3196","89","3285"
"2021 November General ","2021-11-02 00:00:00","LOUISA COUNTY","301 - PATRICK HENRY NO 1","07","Congressional","0","0","1244","4","1244","3196","89","3285"
"2021 November General ","2021-11-02 00:00:00","LOUISA COUNTY","302 - PATRICK HENRY #2","07","Congressional","1","0","372","5","373","834","31","865"
"2021 November General ","2021-11-02 00:00:00","LOUISA COUNTY","401 - MINERAL","07","Congressional","1","0","1310","8","1311","3197","94","3291"
"2021 November General ","2021-11-02 00:00:00","LOUISA COUNTY","402 - YANCEYVILLE","07","Congressional","0","0","16","0","16","864","30","894"
"2021 November General ","2021-11-02 00:00:00","LOUISA COUNTY","402 - YANCEYVILLE","07","Congressional","0","0","360","3","360","864","30","894"
"2021 November General ","2021-11-02 00:00:00","LOUISA COUNTY","501 - FREDERICKS HALL","07","Congressional","0","0","396","3","396","1035","33","1068"
"2021 November General ","2021-11-02 00:00:00","LOUISA COUNTY","502 - CUCKOO","07","Congressional","0","0","670","2","670","1389","43","1432"
"2021 November General ","2021-11-02 00:00:00","LOUISA COUNTY","503 - ELK CREEK","07","Congressional","2","0","624","9","626","1256","29","1285"
"2021 November General ","2021-11-02 00:00:00","LOUISA COUNTY","601 - BUMPASS","07","Congressional","0","0","853","3","853","1603","44","1647"
"2021 November General ","2021-11-02 00:00:00","LOUISA COUNTY","602 - LOCUST CREEK","07","Congressional","0","0","1021","11","1021","1914","38","1952"
"2021 November General ","2021-11-02 00:00:00","LOUISA COUNTY","701 - SHELTONS MILL","07","Congressional","1","0","2","0","3","2012","69","2081"
"2021 November General ","2021-11-02 00:00:00","LOUISA COUNTY","701 - SHELTONS MILL","07","Congressional","1","0","1084","2","1085","2012","69","2081"
"2021 November General ","2021-11-02 00:00:00","LOUISA COUNTY","702 - SOUTH ANNA","07","Congressional","0","0","27","0","27","1530","33","1563"
"2021 November General ","2021-11-02 00:00:00","LOUISA COUNTY","702 - SOUTH ANNA","07","Congressional","0","0","668","7","668","1530","33","1563"
"2021 November General ","2021-11-02 00:00:00","LUNENBURG COUNTY","##AB - Central Absentee Precinct","00","Local","0","301","0","0","301","0","0","0"
"2021 November General ","2021-11-02 00:00:00","LUNENBURG COUNTY","##AB - Central Absentee Precinct","05","Congressional","0","301","0","0","301","0","0","0"
"2021 November General ","2021-11-02 00:00:00","LUNENBURG COUNTY","##EV - Central Absentee Precinct","00","Local","0","1149","0","0","1149","0","0","0"
"2021 November General ","2021-11-02 00:00:00","LUNENBURG COUNTY","##EV - Central Absentee Precinct","05","Congressional","0","1149","0","0","1149","0","0","0"
"2021 November General ","2021-11-02 00:00:00","LUNENBURG COUNTY","##PE - Central Absentee Precinct","00","Local","0","4","0","0","4","0","0","0"
"2021 November General ","2021-11-02 00:00:00","LUNENBURG COUNTY","##PE - Central Absentee Precinct","05","Congressional","0","4","0","0","4","0","0","0"
"2021 November General ","2021-11-02 00:00:00","LUNENBURG COUNTY","101 - PLYMOUTH","05","Congressional","0","0","323","0","323","979","29","1008"
"2021 November General ","2021-11-02 00:00:00","LUNENBURG COUNTY","201 - BROWNS STORE","05","Congressional","0","0","108","0","108","830","23","853"
"2021 November General ","2021-11-02 00:00:00","LUNENBURG COUNTY","201 - BROWNS STORE","05","Congressional","0","0","259","0","259","830","23","853"
"2021 November General ","2021-11-02 00:00:00","LUNENBURG COUNTY","301 - ROSEBUD","05","Congressional","0","0","48","0","48","570","15","585"
"2021 November General ","2021-11-02 00:00:00","LUNENBURG COUNTY","301 - ROSEBUD","05","Congressional","0","0","257","0","257","570","15","585"
"2021 November General ","2021-11-02 00:00:00","LUNENBURG COUNTY","302 - FLAT ROCK","05","Congressional","0","0","24","0","24","701","18","719"
"2021 November General ","2021-11-02 00:00:00","LUNENBURG COUNTY","302 - FLAT ROCK","05","Congressional","0","0","310","0","310","701","18","719"
"2021 November General ","2021-11-02 00:00:00","LUNENBURG COUNTY","401 - ARROWHEAD GUN CLUB","05","Congressional","0","0","204","0","204","399","9","408"
"2021 November General ","2021-11-02 00:00:00","LUNENBURG COUNTY","402 - PLEASANT GROVE","05","Congressional","0","0","357","0","357","852","35","887"
"2021 November General ","2021-11-02 00:00:00","LUNENBURG COUNTY","501 - REEDY CREEK","05","Congressional","0","0","176","0","176","557","13","570"
"2021 November General ","2021-11-02 00:00:00","LUNENBURG COUNTY","502 - PEOPLES COMMUNITY CENTER","05","Congressional","0","0","40","0","40","670","16","686"
"2021 November General ","2021-11-02 00:00:00","LUNENBURG COUNTY","502 - PEOPLES COMMUNITY CENTER","05","Congressional","0","0","171","0","171","670","16","686"
"2021 November General ","2021-11-02 00:00:00","LUNENBURG COUNTY","601 - HOUNDS CREEK","05","Congressional","0","0","407","0","407","1043","41","1084"
"2021 November General ","2021-11-02 00:00:00","LUNENBURG COUNTY","701 - MEHERRIN FIRE DEPARTMENT","05","Congressional","0","0","219","0","219","522","23","545"
"2021 November General ","2021-11-02 00:00:00","LUNENBURG COUNTY","702 - VICTORIA PUBLIC LIBRARY","05","Congressional","0","0","57","0","57","640","23","663"
"2021 November General ","2021-11-02 00:00:00","LUNENBURG COUNTY","702 - VICTORIA PUBLIC LIBRARY","05","Congressional","0","0","200","0","200","640","23","663"
"2021 November General ","2021-11-02 00:00:00","LYNCHBURG CITY","##AB - Central Absentee Precinct","00","Local","0","744","0","0","744","0","0","0"
"2021 November General ","2021-11-02 00:00:00","LYNCHBURG CITY","##AB - Central Absentee Precinct","00","Local","0","2096","0","0","2096","0","0","0"
"2021 November General ","2021-11-02 00:00:00","LYNCHBURG CITY","##AB - Central Absentee Precinct","00","Local","0","2840","0","0","2840","0","0","0"
"2021 November General ","2021-11-02 00:00:00","LYNCHBURG CITY","##AB - Central Absentee Precinct","06","Congressional","1","2840","0","0","2841","0","0","0"
"2021 November General ","2021-11-02 00:00:00","LYNCHBURG CITY","##EV - Central Absentee Precinct","00","Local","0","1322","0","0","1322","0","0","0"
"2021 November General ","2021-11-02 00:00:00","LYNCHBURG CITY","##EV - Central Absentee Precinct","00","Local","0","3831","0","0","3831","0","0","0"
"2021 November General ","2021-11-02 00:00:00","LYNCHBURG CITY","##EV - Central Absentee Precinct","00","Local","0","5153","0","0","5153","0","0","0"
"2021 November General ","2021-11-02 00:00:00","LYNCHBURG CITY","##EV - Central Absentee Precinct","06","Congressional","0","5153","0","0","5153","0","0","0"
"2021 November General ","2021-11-02 00:00:00","LYNCHBURG CITY","##PE - Central Absentee Precinct","00","Local","0","25","0","0","25","0","0","0"
"2021 November General ","2021-11-02 00:00:00","LYNCHBURG CITY","##PE - Central Absentee Precinct","00","Local","0","76","0","0","76","0","0","0"
"2021 November General ","2021-11-02 00:00:00","LYNCHBURG CITY","##PE - Central Absentee Precinct","00","Local","0","101","0","0","101","0","0","0"
"2021 November General ","2021-11-02 00:00:00","LYNCHBURG CITY","##PE - Central Absentee Precinct","06","Congressional","0","101","0","0","101","0","0","0"
"2021 November General ","2021-11-02 00:00:00","LYNCHBURG CITY","101 - FIRST WARD FIRST PRECINCT","06","Congressional","3","0","1491","10","1494","4282","400","4682"
"2021 November General ","2021-11-02 00:00:00","LYNCHBURG CITY","102 - FIRST WARD SECOND PRECINCT","06","Congressional","5","0","1694","22","1699","3763","144","3907"
"2021 November General ","2021-11-02 00:00:00","LYNCHBURG CITY","103 - FIRST WARD THIRD PRECINCT","06","Congressional","4","0","1120","7","1124","2484","86","2570"
"2021 November General ","2021-11-02 00:00:00","LYNCHBURG CITY","104 - FIRST WARD FOURTH PRECINCT","06","Congressional","0","0","429","3","429","1303","103","1406"
"2021 November General ","2021-11-02 00:00:00","LYNCHBURG CITY","105 - FIRST WARD FIFTH PRECINCT","06","Congressional","0","0","749","5","749","1613","81","1694"
"2021 November General ","2021-11-02 00:00:00","LYNCHBURG CITY","201 - SECOND WARD FIRST PRECINCT","06","Congressional","6","0","1034","15","1040","4566","333","4899"
"2021 November General ","2021-11-02 00:00:00","LYNCHBURG CITY","202 - SECOND WARD SECOND PRECINCT","06","Congressional","8","0","837","5","845","3712","323","4035"
"2021 November General ","2021-11-02 00:00:00","LYNCHBURG CITY","203 - SECOND WARD THIRD PRECINCT","06","Congressional","3","0","329","0","332","1261","114","1375"
"2021 November General ","2021-11-02 00:00:00","LYNCHBURG CITY","204 - SECOND WARD FOURTH PRECINCT","06","Congressional","0","0","361","3","361","1100","66","1166"
"2021 November General ","2021-11-02 00:00:00","LYNCHBURG CITY","301 - THIRD WARD FIRST PRECINCT","06","Congressional","3","0","555","3","558","1799","128","1927"
"2021 November General ","2021-11-02 00:00:00","LYNCHBURG CITY","302 - THIRD WARD SECOND PRECINCT","06","Congressional","39","0","534","0","573","2133","2317","4450"
"2021 November General ","2021-11-02 00:00:00","LYNCHBURG CITY","303 - THIRD WARD THIRD PRECINCT","06","Congressional","0","0","640","2","640","1858","143","2001"
"2021 November General ","2021-11-02 00:00:00","LYNCHBURG CITY","304 - THIRD WARD FOURTH PRECINCT","06","Congressional","6","0","666","1","672","1779","155","1934"
"2021 November General ","2021-11-02 00:00:00","LYNCHBURG CITY","305 - THIRD WARD FIFTH PRECINCT","06","Congressional","6","0","1394","8","1400","3735","389","4124"
"2021 November General ","2021-11-02 00:00:00","LYNCHBURG CITY","401 - FOURTH WARD FIRST PRECINCT","06","Congressional","1","0","1773","19","1774","4773","414","5187"
"2021 November General ","2021-11-02 00:00:00","LYNCHBURG CITY","402 - FOURTH WARD SECOND PRECINCT","06","Congressional","0","0","695","12","695","1672","106","1778"
"2021 November General ","2021-11-02 00:00:00","LYNCHBURG CITY","403 - FOURTH WARD THIRD PRECINCT","06","Congressional","3","0","1255","2","1258","3600","298","3898"
"2021 November General ","2021-11-02 00:00:00","LYNCHBURG CITY","404 - FOURTH WARD FOURTH PRECINCT","06","Congressional","4","0","1303","1","1307","3476","185","3661"
"2021 November General ","2021-11-02 00:00:00","MADISON COUNTY","##AB - Central Absentee Precinct","00","Local","0","258","0","0","258","0","0","0"
"2021 November General ","2021-11-02 00:00:00","MADISON COUNTY","##AB - Central Absentee Precinct","05","Congressional","0","258","0","0","258","0","0","0"
"2021 November General ","2021-11-02 00:00:00","MADISON COUNTY","##EV - Central Absentee Precinct","00","Local","0","1726","0","21","1726","0","0","0"
"2021 November General ","2021-11-02 00:00:00","MADISON COUNTY","##EV - Central Absentee Precinct","05","Congressional","0","1726","0","21","1726","0","0","0"
"2021 November General ","2021-11-02 00:00:00","MADISON COUNTY","##PE - Central Absentee Precinct","00","Local","0","17","0","0","17","0","0","0"
"2021 November General ","2021-11-02 00:00:00","MADISON COUNTY","##PE - Central Absentee Precinct","05","Congressional","0","17","0","0","17","0","0","0"
"2021 November General ","2021-11-02 00:00:00","MADISON COUNTY","001 - OAK PARK","05","Congressional","0","0","555","8","555","1180","42","1222"
"2021 November General ","2021-11-02 00:00:00","MADISON COUNTY","002 - RADIANT","05","Congressional","0","0","822","7","822","1707","40","1747"
"2021 November General ","2021-11-02 00:00:00","MADISON COUNTY","003 - ROCHELLE","05","Congressional","0","0","440","0","440","801","20","821"
"2021 November General ","2021-11-02 00:00:00","MADISON COUNTY","004 - GRAVES MILL","05","Congressional","0","0","58","0","58","85","3","88"
"2021 November General ","2021-11-02 00:00:00","MADISON COUNTY","005 - MADISON","05","Congressional","0","0","784","4","784","1866","56","1922"
"2021 November General ","2021-11-02 00:00:00","MADISON COUNTY","006 - WOLFTOWN","05","Congressional","0","0","520","4","520","1010","36","1046"
"2021 November General ","2021-11-02 00:00:00","MADISON COUNTY","007 - BRIGHTWOOD","05","Congressional","1","0","892","3","893","1856","46","1902"
"2021 November General ","2021-11-02 00:00:00","MADISON COUNTY","008 - CRIGLERSVILLE","05","Congressional","0","0","404","2","404","836","18","854"
"2021 November General ","2021-11-02 00:00:00","MADISON COUNTY","009 - ETLAN","05","Congressional","0","0","273","2","273","522","13","535"
"2021 November General ","2021-11-02 00:00:00","MANASSAS CITY","##AB - Central Absentee Precinct","00","Local","0","1181","0","0","1181","0","0","0"
"2021 November General ","2021-11-02 00:00:00","MANASSAS CITY","##AB - Central Absentee Precinct","10","Congressional","0","1181","0","0","1181","0","0","0"
"2021 November General ","2021-11-02 00:00:00","MANASSAS CITY","##EV - Central Absentee Precinct","00","Local","0","3755","0","0","3755","0","0","0"
"2021 November General ","2021-11-02 00:00:00","MANASSAS CITY","##EV - Central Absentee Precinct","10","Congressional","0","3755","0","0","3755","0","0","0"
"2021 November General ","2021-11-02 00:00:00","MANASSAS CITY","##PE - Central Absentee Precinct","00","Local","0","44","0","0","44","0","0","0"
"2021 November General ","2021-11-02 00:00:00","MANASSAS CITY","##PE - Central Absentee Precinct","10","Congressional","0","44","0","0","44","0","0","0"
"2021 November General ","2021-11-02 00:00:00","MANASSAS CITY","001 - DEAN","10","Congressional","2","0","923","0","925","3638","235","3873"
"2021 November General ","2021-11-02 00:00:00","MANASSAS CITY","002 - WEEMS","10","Congressional","2","0","1133","8","1135","4026","250","4276"
"2021 November General ","2021-11-02 00:00:00","MANASSAS CITY","003 - METZ","10","Congressional","1","0","1218","5","1219","3908","277","4185"
"2021 November General ","2021-11-02 00:00:00","MANASSAS CITY","004 - HAYDON","10","Congressional","1","0","1119","5","1120","3527","212","3739"
"2021 November General ","2021-11-02 00:00:00","MANASSAS CITY","005 - BALDWIN","10","Congressional","5","0","954","1","959","3624","238","3862"
"2021 November General ","2021-11-02 00:00:00","MANASSAS CITY","006 - ROUND","10","Congressional","0","0","982","11","982","2936","161","3097"
"2021 November General ","2021-11-02 00:00:00","MANASSAS PARK CITY","##AB - Central Absentee Precinct","00","Local","0","439","0","0","439","0","0","0"
"2021 November General ","2021-11-02 00:00:00","MANASSAS PARK CITY","##AB - Central Absentee Precinct","10","Congressional","0","439","0","0","439","0","0","0"
"2021 November General ","2021-11-02 00:00:00","MANASSAS PARK CITY","##EV - Central Absentee Precinct","00","Local","0","965","0","0","965","0","0","0"
"2021 November General ","2021-11-02 00:00:00","MANASSAS PARK CITY","##EV - Central Absentee Precinct","10","Congressional","0","965","0","0","965","0","0","0"
"2021 November General ","2021-11-02 00:00:00","MANASSAS PARK CITY","##PE - Central Absentee Precinct","00","Local","0","9","0","0","9","0","0","0"
"2021 November General ","2021-11-02 00:00:00","MANASSAS PARK CITY","##PE - Central Absentee Precinct","10","Congressional","0","9","0","0","9","0","0","0"
"2021 November General ","2021-11-02 00:00:00","MANASSAS PARK CITY","001 - PRECINCT ONE","10","Congressional","6","0","867","19","873","2986","253","3239"
"2021 November General ","2021-11-02 00:00:00","MANASSAS PARK CITY","002 - PRECINCT TWO","10","Congressional","2","0","604","5","606","2539","138","2677"
"2021 November General ","2021-11-02 00:00:00","MANASSAS PARK CITY","003 - PRECINCT THREE","10","Congressional","1","0","717","0","718","2551","211","2762"
"2021 November General ","2021-11-02 00:00:00","MARTINSVILLE CITY","##AB - Central Absentee Precinct","00","Local","0","388","0","0","388","0","0","0"
"2021 November General ","2021-11-02 00:00:00","MARTINSVILLE CITY","##AB - Central Absentee Precinct","09","Congressional","9","388","0","0","397","0","0","0"
"2021 November General ","2021-11-02 00:00:00","MARTINSVILLE CITY","##EV - Central Absentee Precinct","00","Local","0","798","0","63","798","0","0","0"
"2021 November General ","2021-11-02 00:00:00","MARTINSVILLE CITY","##EV - Central Absentee Precinct","09","Congressional","0","798","0","63","798","0","0","0"
"2021 November General ","2021-11-02 00:00:00","MARTINSVILLE CITY","##PE - Central Absentee Precinct","00","Local","0","10","0","0","10","0","0","0"
"2021 November General ","2021-11-02 00:00:00","MARTINSVILLE CITY","##PE - Central Absentee Precinct","09","Congressional","0","10","0","0","10","0","0","0"
"2021 November General ","2021-11-02 00:00:00","MARTINSVILLE CITY","001 - PRECINCT #1","09","Congressional","0","0","259","21","259","859","38","897"
"2021 November General ","2021-11-02 00:00:00","MARTINSVILLE CITY","002 - PRECINCT #2","09","Congressional","0","0","577","12","577","1822","108","1930"
"2021 November General ","2021-11-02 00:00:00","MARTINSVILLE CITY","003 - PRECINCT #3","09","Congressional","0","0","298","7","298","1225","100","1325"
"2021 November General ","2021-11-02 00:00:00","MARTINSVILLE CITY","004 - PRECINCT #4","09","Congressional","0","0","581","16","581","1894","119","2013"
"2021 November General ","2021-11-02 00:00:00","MARTINSVILLE CITY","005 - PRECINCT #5","09","Congressional","0","0","896","24","896","2131","101","2232"
"2021 November General ","2021-11-02 00:00:00","MARTINSVILLE CITY","006 - PRECINCT #6","09","Congressional","0","0","145","2","145","419","27","446"
"2021 November General ","2021-11-02 00:00:00","MATHEWS COUNTY","##AB - Central Absentee Precinct","00","Local","0","222","0","0","222","0","0","0"
"2021 November General ","2021-11-02 00:00:00","MATHEWS COUNTY","##AB - Central Absentee Precinct","01","Congressional","0","222","0","0","222","0","0","0"
"2021 November General ","2021-11-02 00:00:00","MATHEWS COUNTY","##EV - Central Absentee Precinct","00","Local","0","2280","0","0","2280","0","0","0"
"2021 November General ","2021-11-02 00:00:00","MATHEWS COUNTY","##EV - Central Absentee Precinct","00","Local","0","2280","0","55","2280","0","0","0"
"2021 November General ","2021-11-02 00:00:00","MATHEWS COUNTY","##EV - Central Absentee Precinct","01","Congressional","0","2280","0","0","2280","0","0","0"
"2021 November General ","2021-11-02 00:00:00","MATHEWS COUNTY","##PE - Central Absentee Precinct","00","Local","0","7","0","0","7","0","0","0"
"2021 November General ","2021-11-02 00:00:00","MATHEWS COUNTY","##PE - Central Absentee Precinct","01","Congressional","0","7","0","0","7","0","0","0"
"2021 November General ","2021-11-02 00:00:00","MATHEWS COUNTY","001 - CHESAPEAKE","01","Congressional","2","0","575","6","577","1580","72","1652"
"2021 November General ","2021-11-02 00:00:00","MATHEWS COUNTY","002 - WESTVILLE","01","Congressional","1","0","879","3","880","2447","108","2555"
"2021 November General ","2021-11-02 00:00:00","MATHEWS COUNTY","003 - PIANKATANK","01","Congressional","3","0","942","15","945","2891","112","3003"
"2021 November General ","2021-11-02 00:00:00","MECKLENBURG COUNTY","##AB - Central Absentee Precinct","00","Local","0","833","0","0","833","0","0","0"
"2021 November General ","2021-11-02 00:00:00","MECKLENBURG COUNTY","##AB - Central Absentee Precinct","05","Congressional","0","833","0","0","833","0","0","0"
"2021 November General ","2021-11-02 00:00:00","MECKLENBURG COUNTY","##EV - Central Absentee Precinct","00","Local","0","2598","0","0","2598","0","0","0"
"2021 November General ","2021-11-02 00:00:00","MECKLENBURG COUNTY","##EV - Central Absentee Precinct","05","Congressional","0","2598","0","0","2598","0","0","0"
"2021 November General ","2021-11-02 00:00:00","MECKLENBURG COUNTY","##PE - Central Absentee Precinct","00","Local","0","21","0","0","21","0","0","0"
"2021 November General ","2021-11-02 00:00:00","MECKLENBURG COUNTY","##PE - Central Absentee Precinct","05","Congressional","0","21","0","0","21","0","0","0"
"2021 November General ","2021-11-02 00:00:00","MECKLENBURG COUNTY","101 - WRIGHTS STORE","05","Congressional","3","0","374","2","377","772","22","794"
"2021 November General ","2021-11-02 00:00:00","MECKLENBURG COUNTY","102 - PEARSONS STORE","05","Congressional","2","0","150","1","152","289","7","296"
"2021 November General ","2021-11-02 00:00:00","MECKLENBURG COUNTY","103 - SOUTH CLARKSVILLE","05","Congressional","3","0","511","2","514","1397","42","1439"
"2021 November General ","2021-11-02 00:00:00","MECKLENBURG COUNTY","201 - BOYDTON","05","Congressional","1","0","266","2","267","763","17","780"
"2021 November General ","2021-11-02 00:00:00","MECKLENBURG COUNTY","202 - BLUESTONE SENIOR HIGH SCHOOL","05","Congressional","0","0","117","1","117","348","6","354"
"2021 November General ","2021-11-02 00:00:00","MECKLENBURG COUNTY","203 - CHASE CITY VFW POST","05","Congressional","0","0","191","4","191","656","30","686"
"2021 November General ","2021-11-02 00:00:00","MECKLENBURG COUNTY","301 - BRACEY","05","Congressional","3","0","724","5","727","1560","62","1622"
"2021 November General ","2021-11-02 00:00:00","MECKLENBURG COUNTY","302 - LACROSSE","05","Congressional","0","0","435","2","435","1043","25","1068"
"2021 November General ","2021-11-02 00:00:00","MECKLENBURG COUNTY","401 - AMERICAN LEGION HALL","05","Congressional","6","0","728","9","734","2266","85","2351"
"2021 November General ","2021-11-02 00:00:00","MECKLENBURG COUNTY","402 - PARK VIEW MIDDLE SCHOOL","05","Congressional","2","0","146","0","148","280","3","283"
"2021 November General ","2021-11-02 00:00:00","MECKLENBURG COUNTY","501 - SOUTH HILL","05","Congressional","2","0","869","5","871","2544","96","2640"
"2021 November General ","2021-11-02 00:00:00","MECKLENBURG COUNTY","601 - BASKERVILLE","05","Congressional","3","0","369","0","372","1037","57","1094"
"2021 November General ","2021-11-02 00:00:00","MECKLENBURG COUNTY","602 - UNION LEVEL","05","Congressional","0","0","251","4","251","548","21","569"
"2021 November General ","2021-11-02 00:00:00","MECKLENBURG COUNTY","603 - SMITH CROSSROADS","05","Congressional","0","0","199","0","199","374","9","383"
"2021 November General ","2021-11-02 00:00:00","MECKLENBURG COUNTY","604 - LAKE GASTON","05","Congressional","0","0","254","3","254","654","35","689"
"2021 November General ","2021-11-02 00:00:00","MECKLENBURG COUNTY","701 - CHASE CITY","05","Congressional","3","0","424","0","427","1161","30","1191"
"2021 November General ","2021-11-02 00:00:00","MECKLENBURG COUNTY","702 - SUNSHINE","05","Congressional","0","0","392","1","392","879","26","905"
"2021 November General ","2021-11-02 00:00:00","MECKLENBURG COUNTY","801 - FINCHLEY","05","Congressional","0","0","151","3","151","367","8","375"
"2021 November General ","2021-11-02 00:00:00","MECKLENBURG COUNTY","802 - BLUESTONE","05","Congressional","4","0","407","0","411","1180","49","1229"
"2021 November General ","2021-11-02 00:00:00","MECKLENBURG COUNTY","803 - CHASE CITY ELEMENTARY SCHOOL","05","Congressional","0","0","338","3","338","818","20","838"
"2021 November General ","2021-11-02 00:00:00","MECKLENBURG COUNTY","901 - AVERETT","05","Congressional","0","0","157","0","157","291","5","296"
"2021 November General ","2021-11-02 00:00:00","MECKLENBURG COUNTY","902 - BUFFALO SPRINGS","05","Congressional","0","0","281","1","281","525","10","535"
"2021 November General ","2021-11-02 00:00:00","MECKLENBURG COUNTY","903 - CLARKSVILLE","05","Congressional","2","0","860","1","862","1988","77","2065"
"2021 November General ","2021-11-02 00:00:00","MIDDLESEX COUNTY","##AB - Central Absentee Precinct","00","Local","0","295","0","0","295","0","0","0"
"2021 November General ","2021-11-02 00:00:00","MIDDLESEX COUNTY","##AB - Central Absentee Precinct","01","Congressional","0","295","0","0","295","0","0","0"
"2021 November General ","2021-11-02 00:00:00","MIDDLESEX COUNTY","##EV - Central Absentee Precinct","00","Local","0","1502","0","85","1502","0","0","0"
"2021 November General ","2021-11-02 00:00:00","MIDDLESEX COUNTY","##EV - Central Absentee Precinct","01","Congressional","0","1502","0","85","1502","0","0","0"
"2021 November General ","2021-11-02 00:00:00","MIDDLESEX COUNTY","##PE - Central Absentee Precinct","00","Local","0","8","0","0","8","0","0","0"
"2021 November General ","2021-11-02 00:00:00","MIDDLESEX COUNTY","##PE - Central Absentee Precinct","01","Congressional","0","8","0","0","8","0","0","0"
"2021 November General ","2021-11-02 00:00:00","MIDDLESEX COUNTY","101 - SALUDA","01","Congressional","0","0","220","10","220","597","23","620"
"2021 November General ","2021-11-02 00:00:00","MIDDLESEX COUNTY","102 - URBANNA","01","Congressional","0","0","488","14","488","936","43","979"
"2021 November General ","2021-11-02 00:00:00","MIDDLESEX COUNTY","201 - NEW MARKET","01","Congressional","0","0","958","4","958","1857","40","1897"
"2021 November General ","2021-11-02 00:00:00","MIDDLESEX COUNTY","302 - CHURCH VIEW","01","Congressional","0","0","689","8","689","1575","33","1608"
"2021 November General ","2021-11-02 00:00:00","MIDDLESEX COUNTY","401- HARMONY VILLAGE","01","Congressional","1","0","626","7","627","1587","57","1644"
"2021 November General ","2021-11-02 00:00:00","MIDDLESEX COUNTY","501 - WILTON","01","Congressional","0","0","844","12","844","1810","46","1856"
"2021 November General ","2021-11-02 00:00:00","MONTGOMERY COUNTY","##AB - Central Absentee Precinct","00","Local","0","455","0","3","455","0","0","0"
"2021 November General ","2021-11-02 00:00:00","MONTGOMERY COUNTY","##AB - Central Absentee Precinct","00","Local","0","1018","0","4","1018","0","0","0"
"2021 November General ","2021-11-02 00:00:00","MONTGOMERY COUNTY","##AB - Central Absentee Precinct","00","Local","0","1331","0","6","1331","0","0","0"
"2021 November General ","2021-11-02 00:00:00","MONTGOMERY COUNTY","##AB - Central Absentee Precinct","00","Local","0","2804","0","0","2804","0","0","0"
"2021 November General ","2021-11-02 00:00:00","MONTGOMERY COUNTY","##AB - Central Absentee Precinct","09","Congressional","0","2804","0","0","2804","0","0","0"
"2021 November General ","2021-11-02 00:00:00","MONTGOMERY COUNTY","##EV - Central Absentee Precinct","00","Local","0","1828","0","16","1828","0","0","0"
"2021 November General ","2021-11-02 00:00:00","MONTGOMERY COUNTY","##EV - Central Absentee Precinct","00","Local","0","3381","0","11","3381","0","0","0"
"2021 November General ","2021-11-02 00:00:00","MONTGOMERY COUNTY","##EV - Central Absentee Precinct","00","Local","0","3469","0","17","3469","0","0","0"
"2021 November General ","2021-11-02 00:00:00","MONTGOMERY COUNTY","##EV - Central Absentee Precinct","00","Local","0","8678","0","0","8678","0","0","0"
"2021 November General ","2021-11-02 00:00:00","MONTGOMERY COUNTY","##EV - Central Absentee Precinct","09","Congressional","0","8678","0","0","8678","0","0","0"
"2021 November General ","2021-11-02 00:00:00","MONTGOMERY COUNTY","##PE - Central Absentee Precinct","00","Local","0","13","0","0","13","0","0","0"
"2021 November General ","2021-11-02 00:00:00","MONTGOMERY COUNTY","##PE - Central Absentee Precinct","00","Local","0","38","0","0","38","0","0","0"
"2021 November General ","2021-11-02 00:00:00","MONTGOMERY COUNTY","##PE - Central Absentee Precinct","00","Local","0","58","0","0","58","0","0","0"
"2021 November General ","2021-11-02 00:00:00","MONTGOMERY COUNTY","##PE - Central Absentee Precinct","00","Local","0","109","0","0","109","0","0","0"
"2021 November General ","2021-11-02 00:00:00","MONTGOMERY COUNTY","##PE - Central Absentee Precinct","09","Congressional","0","109","0","0","109","0","0","0"
"2021 November General ","2021-11-02 00:00:00","MONTGOMERY COUNTY","101 - PRECINCT A-1","09","Congressional","2","0","225","3","227","2663","130","2793"
"2021 November General ","2021-11-02 00:00:00","MONTGOMERY COUNTY","101 - PRECINCT A-1","09","Congressional","2","0","960","4","962","2663","130","2793"
"2021 November General ","2021-11-02 00:00:00","MONTGOMERY COUNTY","102 - PRECINCT A-2","09","Congressional","3","0","704","2","707","2413","280","2693"
"2021 November General ","2021-11-02 00:00:00","MONTGOMERY COUNTY","103 - PRECINCT A-3","09","Congressional","1","0","0","0","1","3619","259","3878"
"2021 November General ","2021-11-02 00:00:00","MONTGOMERY COUNTY","103 - PRECINCT A-3","09","Congressional","1","0","1197","7","1198","3619","259","3878"
"2021 November General ","2021-11-02 00:00:00","MONTGOMERY COUNTY","201 - PRECINCT B-1","09","Congressional","0","0","2","0","2","404","23","427"
"2021 November General ","2021-11-02 00:00:00","MONTGOMERY COUNTY","201 - PRECINCT B-1","09","Congressional","0","0","169","0","169","404","23","427"
"2021 November General ","2021-11-02 00:00:00","MONTGOMERY COUNTY","202 - PRECINCT B-2","09","Congressional","2","0","4","0","6","3632","239","3871"
"2021 November General ","2021-11-02 00:00:00","MONTGOMERY COUNTY","202 - PRECINCT B-2","09","Congressional","2","0","1201","24","1203","3632","239","3871"
"2021 November General ","2021-11-02 00:00:00","MONTGOMERY COUNTY","203 - PRECINCT B-3","09","Congressional","1","0","14","0","15","2273","146","2419"
"2021 November General ","2021-11-02 00:00:00","MONTGOMERY COUNTY","203 - PRECINCT B-3","09","Congressional","1","0","969","9","970","2273","146","2419"
"2021 November General ","2021-11-02 00:00:00","MONTGOMERY COUNTY","204 - PRECINCT B-4","09","Congressional","5","0","1587","6","1592","3792","259","4051"
"2021 November General ","2021-11-02 00:00:00","MONTGOMERY COUNTY","301 - PRECINCT C-1","09","Congressional","0","0","53","0","53","2798","111","2909"
"2021 November General ","2021-11-02 00:00:00","MONTGOMERY COUNTY","301 - PRECINCT C-1","09","Congressional","0","0","1134","13","1134","2798","111","2909"
"2021 November General ","2021-11-02 00:00:00","MONTGOMERY COUNTY","302 - PRECINCT C-2","09","Congressional","1","0","1041","5","1042","2456","78","2534"
"2021 November General ","2021-11-02 00:00:00","MONTGOMERY COUNTY","303 - PRECINCT C-3","09","Congressional","0","0","518","3","518","890","22","912"
"2021 November General ","2021-11-02 00:00:00","MONTGOMERY COUNTY","304 - PRECINCT C-4","09","Congressional","1","0","105","0","106","2879","178","3057"
"2021 November General ","2021-11-02 00:00:00","MONTGOMERY COUNTY","304 - PRECINCT C-4","09","Congressional","1","0","965","9","966","2879","178","3057"
"2021 November General ","2021-11-02 00:00:00","MONTGOMERY COUNTY","401 - PRECINCT D-1","09","Congressional","0","0","677","12","677","1498","75","1573"
"2021 November General ","2021-11-02 00:00:00","MONTGOMERY COUNTY","402 - PRECINCT D-2","09","Congressional","2","0","1188","7","1190","2304","34","2338"
"2021 November General ","2021-11-02 00:00:00","MONTGOMERY COUNTY","403 - PRECINCT D-3","09","Congressional","0","0","2","0","2","2134","71","2205"
"2021 November General ","2021-11-02 00:00:00","MONTGOMERY COUNTY","403 - PRECINCT D-3","09","Congressional","0","0","966","9","966","2134","71","2205"
"2021 November General ","2021-11-02 00:00:00","MONTGOMERY COUNTY","404 - PRECINCT D-4","09","Congressional","2","0","602","4","604","1079","8","1087"
"2021 November General ","2021-11-02 00:00:00","MONTGOMERY COUNTY","405 - PRECINCT D-5","09","Congressional","3","0","1104","7","1107","2854","180","3034"
"2021 November General ","2021-11-02 00:00:00","MONTGOMERY COUNTY","501 - PRECINCT E-1","09","Congressional","6","0","5","0","11","3371","253","3624"
"2021 November General ","2021-11-02 00:00:00","MONTGOMERY COUNTY","501 - PRECINCT E-1","09","Congressional","6","0","1002","8","1008","3371","253","3624"
"2021 November General ","2021-11-02 00:00:00","MONTGOMERY COUNTY","502 - PRECINCT E-2","09","Congressional","0","0","297","0","297","1809","58","1867"
"2021 November General ","2021-11-02 00:00:00","MONTGOMERY COUNTY","502 - PRECINCT E-2","09","Congressional","0","0","591","4","591","1809","58","1867"
"2021 November General ","2021-11-02 00:00:00","MONTGOMERY COUNTY","503 - PRECINCT E-3","09","Congressional","0","0","26","0","26","923","377","1300"
"2021 November General ","2021-11-02 00:00:00","MONTGOMERY COUNTY","503 - PRECINCT E-3","09","Congressional","0","0","230","0","230","923","377","1300"
"2021 November General ","2021-11-02 00:00:00","MONTGOMERY COUNTY","601 - PRECINCT F-1","09","Congressional","3","0","926","4","929","3063","279","3342"
"2021 November General ","2021-11-02 00:00:00","MONTGOMERY COUNTY","602 - PRECINCT F-2","09","Congressional","2","0","4","0","6","2883","359","3242"
"2021 November General ","2021-11-02 00:00:00","MONTGOMERY COUNTY","602 - PRECINCT F-2","09","Congressional","2","0","913","2","915","2883","359","3242"
"2021 November General ","2021-11-02 00:00:00","MONTGOMERY COUNTY","603 - PRECINCT F-3","09","Congressional","0","0","98","0","98","671","164","835"
"2021 November General ","2021-11-02 00:00:00","MONTGOMERY COUNTY","701 - PRECINCT G-1","09","Congressional","2","0","39","0","41","3765","291","4056"
"2021 November General ","2021-11-02 00:00:00","MONTGOMERY COUNTY","701 - PRECINCT G-1","09","Congressional","2","0","1153","2","1155","3765","291","4056"
"2021 November General ","2021-11-02 00:00:00","MONTGOMERY COUNTY","702 - PRECINCT G-2","09","Congressional","5","0","541","1","546","2544","344","2888"
"2021 November General ","2021-11-02 00:00:00","NELSON COUNTY","##AB - Central Absentee Precinct","00","Local","0","198","0","0","198","0","0","0"
"2021 November General ","2021-11-02 00:00:00","NELSON COUNTY","##AB - Central Absentee Precinct","00","Local","0","345","0","0","345","0","0","0"
"2021 November General ","2021-11-02 00:00:00","NELSON COUNTY","##AB - Central Absentee Precinct","00","Local","0","543","0","0","543","0","0","0"
"2021 November General ","2021-11-02 00:00:00","NELSON COUNTY","##AB - Central Absentee Precinct","05","Congressional","0","543","0","0","543","0","0","0"
"2021 November General ","2021-11-02 00:00:00","NELSON COUNTY","##EV - Central Absentee Precinct","00","Local","0","904","0","8","904","0","0","0"
"2021 November General ","2021-11-02 00:00:00","NELSON COUNTY","##EV - Central Absentee Precinct","00","Local","0","955","0","7","955","0","0","0"
"2021 November General ","2021-11-02 00:00:00","NELSON COUNTY","##EV - Central Absentee Precinct","00","Local","0","1859","0","15","1859","0","0","0"
"2021 November General ","2021-11-02 00:00:00","NELSON COUNTY","##EV - Central Absentee Precinct","05","Congressional","0","1859","0","15","1859","0","0","0"
"2021 November General ","2021-11-02 00:00:00","NELSON COUNTY","##PE - Central Absentee Precinct","00","Local","0","6","0","0","6","0","0","0"
"2021 November General ","2021-11-02 00:00:00","NELSON COUNTY","##PE - Central Absentee Precinct","00","Local","0","16","0","0","16","0","0","0"
"2021 November General ","2021-11-02 00:00:00","NELSON COUNTY","##PE - Central Absentee Precinct","00","Local","0","22","0","0","22","0","0","0"
"2021 November General ","2021-11-02 00:00:00","NELSON COUNTY","##PE - Central Absentee Precinct","05","Congressional","0","22","0","0","22","0","0","0"
"2021 November General ","2021-11-02 00:00:00","NELSON COUNTY","101 - ROCKFISH","05","Congressional","2","0","1220","11","1222","2194","62","2256"
"2021 November General ","2021-11-02 00:00:00","NELSON COUNTY","201 - LOVINGSTON","05","Congressional","0","0","543","5","543","1363","28","1391"
"2021 November General ","2021-11-02 00:00:00","NELSON COUNTY","202 - SCHUYLER","05","Congressional","0","0","396","0","396","796","17","813"
"2021 November General ","2021-11-02 00:00:00","NELSON COUNTY","301 - SHIPMAN","05","Congressional","1","0","673","0","674","1798","48","1846"
"2021 November General ","2021-11-02 00:00:00","NELSON COUNTY","302 - GLADSTONE","05","Congressional","0","0","159","7","159","311","6","317"
"2021 November General ","2021-11-02 00:00:00","NELSON COUNTY","401 - ROSELAND","05","Congressional","1","0","837","6","838","1927","50","1977"
"2021 November General ","2021-11-02 00:00:00","NELSON COUNTY","402 - MONTEBELLO","05","Congressional","0","0","116","0","116","178","6","184"
"2021 November General ","2021-11-02 00:00:00","NELSON COUNTY","501 - FABER","05","Congressional","0","0","369","0","369","843","30","873"
"2021 November General ","2021-11-02 00:00:00","NELSON COUNTY","502 - NELLYSFORD","05","Congressional","0","0","967","4","967","2055","61","2116"
"2021 November General ","2021-11-02 00:00:00","NEW KENT COUNTY","##AB - Central Absentee Precinct","00","Local","0","730","0","0","730","0","0","0"
"2021 November General ","2021-11-02 00:00:00","NEW KENT COUNTY","##AB - Central Absentee Precinct","01","Congressional","0","730","0","0","730","0","0","0"
"2021 November General ","2021-11-02 00:00:00","NEW KENT COUNTY","##EV - Central Absentee Precinct","00","Local","0","2296","0","0","2296","0","0","0"
"2021 November General ","2021-11-02 00:00:00","NEW KENT COUNTY","##EV - Central Absentee Precinct","01","Congressional","0","2296","0","0","2296","0","0","0"
"2021 November General ","2021-11-02 00:00:00","NEW KENT COUNTY","##PE - Central Absentee Precinct","00","Local","0","15","0","0","15","0","0","0"
"2021 November General ","2021-11-02 00:00:00","NEW KENT COUNTY","##PE - Central Absentee Precinct","01","Congressional","0","15","0","0","15","0","0","0"
"2021 November General ","2021-11-02 00:00:00","NEW KENT COUNTY","102 - TUNSTALL","01","Congressional","1","0","465","0","466","810","25","835"
"2021 November General ","2021-11-02 00:00:00","NEW KENT COUNTY","103 - SOUTHERN BRANCH","01","Congressional","2","0","1348","0","1350","2520","38","2558"
"2021 November General ","2021-11-02 00:00:00","NEW KENT COUNTY","201 - QUINTON","01","Congressional","3","0","1230","0","1233","2306","62","2368"
"2021 November General ","2021-11-02 00:00:00","NEW KENT COUNTY","202 - KENTWOOD","01","Congressional","1","0","865","0","866","1503","29","1532"
"2021 November General ","2021-11-02 00:00:00","NEW KENT COUNTY","301 - WATKINS","01","Congressional","3","0","883","0","886","1841","26","1867"
"2021 November General ","2021-11-02 00:00:00","NEW KENT COUNTY","302 - CUMBERLAND","01","Congressional","2","0","956","0","958","1955","41","1996"
"2021 November General ","2021-11-02 00:00:00","NEW KENT COUNTY","401 - PROVIDENCE FORGE","01","Congressional","6","0","1180","0","1186","2523","80","2603"
"2021 November General ","2021-11-02 00:00:00","NEW KENT COUNTY","403 - MOUNTCASTLE","01","Congressional","3","0","492","0","495","1016","35","1051"
"2021 November General ","2021-11-02 00:00:00","NEW KENT COUNTY","501 - ELTHAM","01","Congressional","1","0","645","0","646","1338","39","1377"
"2021 November General ","2021-11-02 00:00:00","NEW KENT COUNTY","502 - CHICKAHOMINY RIVER","01","Congressional","3","0","955","0","958","1802","40","1842"
"2021 November General ","2021-11-02 00:00:00","NEWPORT NEWS CITY","##AB - Central Absentee Precinct","00","Local","0","11","0","0","11","0","0","0"
"2021 November General ","2021-11-02 00:00:00","NEWPORT NEWS CITY","##AB - Central Absentee Precinct","00","Local","0","865","0","0","865","0","0","0"
"2021 November General ","2021-11-02 00:00:00","NEWPORT NEWS CITY","##AB - Central Absentee Precinct","00","Local","0","2149","0","0","2149","0","0","0"
"2021 November General ","2021-11-02 00:00:00","NEWPORT NEWS CITY","##AB - Central Absentee Precinct","00","Local","0","2164","0","0","2164","0","0","0"
"2021 November General ","2021-11-02 00:00:00","NEWPORT NEWS CITY","##AB - Central Absentee Precinct","00","Local","0","5189","0","0","5189","0","0","0"
"2021 November General ","2021-11-02 00:00:00","NEWPORT NEWS CITY","##AB - Central Absentee Precinct","02","Congressional","0","35","0","0","35","0","0","0"
"2021 November General ","2021-11-02 00:00:00","NEWPORT NEWS CITY","##AB - Central Absentee Precinct","03","Congressional","1","5154","0","0","5155","0","0","0"
"2021 November General ","2021-11-02 00:00:00","NEWPORT NEWS CITY","##EV - Central Absentee Precinct","00","Local","0","7","0","2","7","0","0","0"
"2021 November General ","2021-11-02 00:00:00","NEWPORT NEWS CITY","##EV - Central Absentee Precinct","00","Local","0","1693","0","8","1693","0","0","0"
"2021 November General ","2021-11-02 00:00:00","NEWPORT NEWS CITY","##EV - Central Absentee Precinct","00","Local","0","4615","0","76","4615","0","0","0"
"2021 November General ","2021-11-02 00:00:00","NEWPORT NEWS CITY","##EV - Central Absentee Precinct","00","Local","0","4742","0","35","4742","0","0","0"
"2021 November General ","2021-11-02 00:00:00","NEWPORT NEWS CITY","##EV - Central Absentee Precinct","00","Local","0","11057","0","121","11057","0","0","0"
"2021 November General ","2021-11-02 00:00:00","NEWPORT NEWS CITY","##EV - Central Absentee Precinct","02","Congressional","0","79","0","0","79","0","0","0"
"2021 November General ","2021-11-02 00:00:00","NEWPORT NEWS CITY","##EV - Central Absentee Precinct","03","Congressional","0","10978","0","121","10978","0","0","0"
"2021 November General ","2021-11-02 00:00:00","NEWPORT NEWS CITY","##PE - Central Absentee Precinct","00","Local","0","0","0","0","0","0","0","0"
"2021 November General ","2021-11-02 00:00:00","NEWPORT NEWS CITY","##PE - Central Absentee Precinct","00","Local","0","28","0","0","28","0","0","0"
"2021 November General ","2021-11-02 00:00:00","NEWPORT NEWS CITY","##PE - Central Absentee Precinct","00","Local","0","59","0","0","59","0","0","0"
"2021 November General ","2021-11-02 00:00:00","NEWPORT NEWS CITY","##PE - Central Absentee Precinct","00","Local","0","62","0","0","62","0","0","0"
"2021 November General ","2021-11-02 00:00:00","NEWPORT NEWS CITY","##PE - Central Absentee Precinct","00","Local","0","149","0","0","149","0","0","0"
"2021 November General ","2021-11-02 00:00:00","NEWPORT NEWS CITY","##PE - Central Absentee Precinct","02","Congressional","0","0","0","0","0","0","0","0"
"2021 November General ","2021-11-02 00:00:00","NEWPORT NEWS CITY","##PE - Central Absentee Precinct","03","Congressional","0","149","0","0","149","0","0","0"
"2021 November General ","2021-11-02 00:00:00","NEWPORT NEWS CITY","101 - DENBIGH","03","Congressional","0","0","1266","12","1266","4245","378","4623"
"2021 November General ","2021-11-02 00:00:00","NEWPORT NEWS CITY","102 - STONEY RUN","03","Congressional","8","0","1270","16","1278","4536","565","5101"
"2021 November General ","2021-11-02 00:00:00","NEWPORT NEWS CITY","103 - JENKINS","03","Congressional","1","0","1246","21","1247","3926","616","4542"
"2021 November General ","2021-11-02 00:00:00","NEWPORT NEWS CITY","104 - MCINTOSH","03","Congressional","2","0","220","0","222","2883","353","3236"
"2021 November General ","2021-11-02 00:00:00","NEWPORT NEWS CITY","104 - MCINTOSH","03","Congressional","2","0","689","11","691","2883","353","3236"
"2021 November General ","2021-11-02 00:00:00","NEWPORT NEWS CITY","105 - OYSTER POINT","03","Congressional","1","0","298","0","299","978","79","1057"
"2021 November General ","2021-11-02 00:00:00","NEWPORT NEWS CITY","106 - RESERVOIR","03","Congressional","8","0","1380","19","1388","4968","560","5528"
"2021 November General ","2021-11-02 00:00:00","NEWPORT NEWS CITY","107 - RICHNECK","03","Congressional","6","0","1402","5","1408","4119","202","4321"
"2021 November General ","2021-11-02 00:00:00","NEWPORT NEWS CITY","108 - KATHERINE JOHNSON","03","Congressional","10","0","334","0","344","3565","557","4122"
"2021 November General ","2021-11-02 00:00:00","NEWPORT NEWS CITY","108 - KATHERINE JOHNSON","03","Congressional","10","0","688","6","698","3565","557","4122"
"2021 November General ","2021-11-02 00:00:00","NEWPORT NEWS CITY","109 - WINDSOR","03","Congressional","2","0","780","0","782","2101","268","2369"
"2021 November General ","2021-11-02 00:00:00","NEWPORT NEWS CITY","110 - GREENWOOD","03","Congressional","6","0","1172","6","1178","3896","303","4199"
"2021 November General ","2021-11-02 00:00:00","NEWPORT NEWS CITY","201 - BLAND","03","Congressional","0","0","209","0","209","891","189","1080"
"2021 November General ","2021-11-02 00:00:00","NEWPORT NEWS CITY","202 - BOULEVARD","03","Congressional","5","0","1121","9","1126","2685","218","2903"
"2021 November General ","2021-11-02 00:00:00","NEWPORT NEWS CITY","203 - CHARLES","03","Congressional","3","0","1767","0","1770","4096","202","4298"
"2021 November General ","2021-11-02 00:00:00","NEWPORT NEWS CITY","204 - MARINERS' MUSEUM","03","Congressional","1","0","570","9","571","1798","272","2070"
"2021 November General ","2021-11-02 00:00:00","NEWPORT NEWS CITY","205 - DEEP CREEK","03","Congressional","0","0","1519","5","1519","2962","135","3097"
"2021 November General ","2021-11-02 00:00:00","NEWPORT NEWS CITY","208 - HIDENWOOD","03","Congressional","0","0","862","5","862","1690","68","1758"
"2021 November General ","2021-11-02 00:00:00","NEWPORT NEWS CITY","209 - HILTON","03","Congressional","2","0","1135","3","1137","2299","132","2431"
"2021 November General ","2021-11-02 00:00:00","NEWPORT NEWS CITY","210 - KNOLLWOOD MEADOWS","03","Congressional","4","0","1832","12","1836","4096","177","4273"
"2021 November General ","2021-11-02 00:00:00","NEWPORT NEWS CITY","211 - PALMER","02","Congressional","2","0","88","0","90","3625","371","3996"
"2021 November General ","2021-11-02 00:00:00","NEWPORT NEWS CITY","211 - PALMER","03","Congressional","2","0","977","9","979","3625","371","3996"
"2021 November General ","2021-11-02 00:00:00","NEWPORT NEWS CITY","212 - RIVERSIDE","03","Congressional","0","0","814","5","814","1433","68","1501"
"2021 November General ","2021-11-02 00:00:00","NEWPORT NEWS CITY","213 - SANFORD","03","Congressional","1","0","658","6","659","1306","35","1341"
"2021 November General ","2021-11-02 00:00:00","NEWPORT NEWS CITY","215 - WARWICK","03","Congressional","1","0","1","0","2","1728","132","1860"
"2021 November General ","2021-11-02 00:00:00","NEWPORT NEWS CITY","215 - WARWICK","03","Congressional","1","0","618","10","619","1728","132","1860"
"2021 November General ","2021-11-02 00:00:00","NEWPORT NEWS CITY","216 - YATES","03","Congressional","2","0","771","2","773","1763","71","1834"
"2021 November General ","2021-11-02 00:00:00","NEWPORT NEWS CITY","217 - RIVERVIEW","03","Congressional","2","0","1081","0","1083","2530","98","2628"
"2021 November General ","2021-11-02 00:00:00","NEWPORT NEWS CITY","218 - KILN CREEK","02","Congressional","4","0","45","0","49","4508","303","4811"
"2021 November General ","2021-11-02 00:00:00","NEWPORT NEWS CITY","218 - KILN CREEK","03","Congressional","4","0","1589","12","1593","4508","303","4811"
"2021 November General ","2021-11-02 00:00:00","NEWPORT NEWS CITY","219 - DEER PARK","03","Congressional","3","0","1003","0","1006","4130","621","4751"
"2021 November General ","2021-11-02 00:00:00","NEWPORT NEWS CITY","302 - BRIARFIELD","03","Congressional","5","0","651","17","656","2834","216","3050"
"2021 November General ","2021-11-02 00:00:00","NEWPORT NEWS CITY","303 - CARVER","03","Congressional","0","0","476","6","476","1794","128","1922"
"2021 November General ","2021-11-02 00:00:00","NEWPORT NEWS CITY","304 - CHESTNUT","03","Congressional","0","0","350","4","350","1240","86","1326"
"2021 November General ","2021-11-02 00:00:00","NEWPORT NEWS CITY","305 - DOWNTOWN","03","Congressional","1","0","238","0","239","1000","126","1126"
"2021 November General ","2021-11-02 00:00:00","NEWPORT NEWS CITY","306 - DUNBAR","03","Congressional","0","0","72","0","72","418","70","488"
"2021 November General ","2021-11-02 00:00:00","NEWPORT NEWS CITY","307 - HUNTINGTON","03","Congressional","1","0","259","10","260","1068","78","1146"
"2021 November General ","2021-11-02 00:00:00","NEWPORT NEWS CITY","308 - JEFFERSON","03","Congressional","0","0","226","1","226","1155","80","1235"
"2021 November General ","2021-11-02 00:00:00","NEWPORT NEWS CITY","309 - MAGRUDER","03","Congressional","0","0","341","8","341","1189","67","1256"
"2021 November General ","2021-11-02 00:00:00","NEWPORT NEWS CITY","310 - MARSHALL","03","Congressional","1","0","388","5","389","1529","100","1629"
"2021 November General ","2021-11-02 00:00:00","NEWPORT NEWS CITY","311 - NEWMARKET","03","Congressional","4","0","15","1","19","3076","139","3215"
"2021 November General ","2021-11-02 00:00:00","NEWPORT NEWS CITY","311 - NEWMARKET","03","Congressional","4","0","992","18","996","3076","139","3215"
"2021 November General ","2021-11-02 00:00:00","NEWPORT NEWS CITY","312 - NEWSOME PARK","03","Congressional","0","0","130","6","130","673","71","744"
"2021 November General ","2021-11-02 00:00:00","NEWPORT NEWS CITY","313 - REED","03","Congressional","0","0","563","9","563","2162","119","2281"
"2021 November General ","2021-11-02 00:00:00","NEWPORT NEWS CITY","314 - RIVER","03","Congressional","0","0","542","2","542","1562","206","1768"
"2021 November General ","2021-11-02 00:00:00","NEWPORT NEWS CITY","315 - SEDGEFIELD","03","Congressional","2","0","862","7","864","2063","113","2176"
"2021 November General ","2021-11-02 00:00:00","NEWPORT NEWS CITY","316 - SOUTH MORRISON","03","Congressional","3","0","879","8","882","2717","225","2942"
"2021 November General ","2021-11-02 00:00:00","NEWPORT NEWS CITY","317 - WASHINGTON","03","Congressional","0","0","183","2","183","686","57","743"
"2021 November General ","2021-11-02 00:00:00","NEWPORT NEWS CITY","318 - WILSON","03","Congressional","0","0","402","9","402","1216","126","1342"
"2021 November General ","2021-11-02 00:00:00","NEWPORT NEWS CITY","319 - SAUNDERS","03","Congressional","5","0","2","0","7","3985","241","4226"
"2021 November General ","2021-11-02 00:00:00","NEWPORT NEWS CITY","319 - SAUNDERS","03","Congressional","5","0","1270","36","1275","3985","241","4226"
"2021 November General ","2021-11-02 00:00:00","NEWPORT NEWS CITY","320 - WATKINS","03","Congressional","6","0","1728","8","1734","4883","313","5196"
"2021 November General ","2021-11-02 00:00:00","NORFOLK CITY","##AB - Central Absentee Precinct","00","Local","0","190","0","0","190","0","0","0"
"2021 November General ","2021-11-02 00:00:00","NORFOLK CITY","##AB - Central Absentee Precinct","00","Local","0","663","0","0","663","0","0","0"
"2021 November General ","2021-11-02 00:00:00","NORFOLK CITY","##AB - Central Absentee Precinct","00","Local","0","881","0","0","881","0","0","0"
"2021 November General ","2021-11-02 00:00:00","NORFOLK CITY","##AB - Central Absentee Precinct","00","Local","0","2765","0","0","2765","0","0","0"
"2021 November General ","2021-11-02 00:00:00","NORFOLK CITY","##AB - Central Absentee Precinct","00","Local","0","2766","0","0","2766","0","0","0"
"2021 November General ","2021-11-02 00:00:00","NORFOLK CITY","##AB - Central Absentee Precinct","00","Local","0","7265","0","0","7265","0","0","0"
"2021 November General ","2021-11-02 00:00:00","NORFOLK CITY","##AB - Central Absentee Precinct","02","Congressional","0","2166","0","0","2166","0","0","0"
"2021 November General ","2021-11-02 00:00:00","NORFOLK CITY","##AB - Central Absentee Precinct","03","Congressional","2","5099","0","0","5101","0","0","0"
"2021 November General ","2021-11-02 00:00:00","NORFOLK CITY","##EV - Central Absentee Precinct","00","Local","0","467","0","0","467","0","0","0"
"2021 November General ","2021-11-02 00:00:00","NORFOLK CITY","##EV - Central Absentee Precinct","00","Local","0","1051","0","0","1051","0","0","0"
"2021 November General ","2021-11-02 00:00:00","NORFOLK CITY","##EV - Central Absentee Precinct","00","Local","0","2008","0","0","2008","0","0","0"
"2021 November General ","2021-11-02 00:00:00","NORFOLK CITY","##EV - Central Absentee Precinct","00","Local","0","3960","0","0","3960","0","0","0"
"2021 November General ","2021-11-02 00:00:00","NORFOLK CITY","##EV - Central Absentee Precinct","00","Local","0","4987","0","0","4987","0","0","0"
"2021 November General ","2021-11-02 00:00:00","NORFOLK CITY","##EV - Central Absentee Precinct","00","Local","0","12473","0","0","12473","0","0","0"
"2021 November General ","2021-11-02 00:00:00","NORFOLK CITY","##EV - Central Absentee Precinct","02","Congressional","0","4271","0","0","4271","0","0","0"
"2021 November General ","2021-11-02 00:00:00","NORFOLK CITY","##EV - Central Absentee Precinct","03","Congressional","0","8202","0","0","8202","0","0","0"
"2021 November General ","2021-11-02 00:00:00","NORFOLK CITY","##PE - Central Absentee Precinct","00","Local","0","12","0","0","12","0","0","0"
"2021 November General ","2021-11-02 00:00:00","NORFOLK CITY","##PE - Central Absentee Precinct","00","Local","0","16","0","0","16","0","0","0"
"2021 November General ","2021-11-02 00:00:00","NORFOLK CITY","##PE - Central Absentee Precinct","00","Local","0","59","0","0","59","0","0","0"
"2021 November General ","2021-11-02 00:00:00","NORFOLK CITY","##PE - Central Absentee Precinct","00","Local","0","114","0","0","114","0","0","0"
"2021 November General ","2021-11-02 00:00:00","NORFOLK CITY","##PE - Central Absentee Precinct","00","Local","0","117","0","0","117","0","0","0"
"2021 November General ","2021-11-02 00:00:00","NORFOLK CITY","##PE - Central Absentee Precinct","00","Local","0","318","0","0","318","0","0","0"
"2021 November General ","2021-11-02 00:00:00","NORFOLK CITY","##PE - Central Absentee Precinct","02","Congressional","0","117","0","0","117","0","0","0"
"2021 November General ","2021-11-02 00:00:00","NORFOLK CITY","##PE - Central Absentee Precinct","03","Congressional","0","201","0","0","201","0","0","0"
"2021 November General ","2021-11-02 00:00:00","NORFOLK CITY","101 - GRANBY","03","Congressional","9","0","282","4","291","3697","456","4153"
"2021 November General ","2021-11-02 00:00:00","NORFOLK CITY","101 - GRANBY","03","Congressional","9","0","860","8","869","3697","456","4153"
"2021 November General ","2021-11-02 00:00:00","NORFOLK CITY","102 - OCEAN VIEW SCHOOL","02","Congressional","2","0","531","7","533","1811","181","1992"
"2021 November General ","2021-11-02 00:00:00","NORFOLK CITY","103 - NORTHSIDE","02","Congressional","2","0","901","5","903","2234","177","2411"
"2021 November General ","2021-11-02 00:00:00","NORFOLK CITY","104 - TITUSTOWN ","02","Congressional","2","0","391","16","393","1837","361","2198"
"2021 November General ","2021-11-02 00:00:00","NORFOLK CITY","104 - TITUSTOWN ","03","Congressional","2","0","23","0","25","1837","361","2198"
"2021 November General ","2021-11-02 00:00:00","NORFOLK CITY","106 - SECOND PRESBYTERIAN","02","Congressional","12","0","218","0","230","3275","428","3703"
"2021 November General ","2021-11-02 00:00:00","NORFOLK CITY","106 - SECOND PRESBYTERIAN","02","Congressional","12","0","824","16","836","3275","428","3703"
"2021 November General ","2021-11-02 00:00:00","NORFOLK CITY","201 - LARCHMONT SCHOOL","03","Congressional","4","0","948","4","952","2724","495","3219"
"2021 November General ","2021-11-02 00:00:00","NORFOLK CITY","203 - GHENT SQUARE","03","Congressional","5","0","526","5","531","1330","125","1455"
"2021 November General ","2021-11-02 00:00:00","NORFOLK CITY","207 - LAMBERT'S POINT","03","Congressional","7","0","743","18","750","3298","379","3677"
"2021 November General ","2021-11-02 00:00:00","NORFOLK CITY","208 - LARCHMONT LIBRARY","03","Congressional","6","0","783","3","789","1650","73","1723"
"2021 November General ","2021-11-02 00:00:00","NORFOLK CITY","210 - MAURY","03","Congressional","14","0","954","7","968","2521","216","2737"
"2021 November General ","2021-11-02 00:00:00","NORFOLK CITY","211 - CHRYSLER MUSEUM","03","Congressional","17","0","1202","36","1219","3575","468","4043"
"2021 November General ","2021-11-02 00:00:00","NORFOLK CITY","212 - PARK PLACE","03","Congressional","8","0","589","11","597","2192","183","2375"
"2021 November General ","2021-11-02 00:00:00","NORFOLK CITY","213 - TAYLOR ELEMENTARY SCHOOL","03","Congressional","7","0","1210","2","1217","2795","289","3084"
"2021 November General ","2021-11-02 00:00:00","NORFOLK CITY","214 - STUART","03","Congressional","5","0","1137","13","1142","2834","196","3030"
"2021 November General ","2021-11-02 00:00:00","NORFOLK CITY","215 - SUBURBAN PARK","02","Congressional","3","0","906","16","909","2248","118","2366"
"2021 November General ","2021-11-02 00:00:00","NORFOLK CITY","217 - WESLEY","02","Congressional","3","0","715","11","718","2494","178","2672"
"2021 November General ","2021-11-02 00:00:00","NORFOLK CITY","218 - WILLARD","03","Congressional","13","0","541","0","554","3451","207","3658"
"2021 November General ","2021-11-02 00:00:00","NORFOLK CITY","218 - WILLARD","03","Congressional","13","0","829","11","842","3451","207","3658"
"2021 November General ","2021-11-02 00:00:00","NORFOLK CITY","301 - BALLENTINE","03","Congressional","4","0","711","48","715","2778","189","2967"
"2021 November General ","2021-11-02 00:00:00","NORFOLK CITY","302 - TANNERS CREEK","03","Congressional","0","0","493","4","493","1750","191","1941"
"2021 November General ","2021-11-02 00:00:00","NORFOLK CITY","303 - BROAD CREEK","03","Congressional","7","0","789","40","796","3048","194","3242"
"2021 November General ","2021-11-02 00:00:00","NORFOLK CITY","304 - COLEMAN PLACE SCHOOL","03","Congressional","2","0","465","11","467","1541","102","1643"
"2021 November General ","2021-11-02 00:00:00","NORFOLK CITY","305 - LAFAYETTE-WINONA","03","Congressional","11","0","127","0","138","2077","161","2238"
"2021 November General ","2021-11-02 00:00:00","NORFOLK CITY","305 - LAFAYETTE-WINONA","03","Congressional","11","0","198","0","209","2077","161","2238"
"2021 November General ","2021-11-02 00:00:00","NORFOLK CITY","305 - LAFAYETTE-WINONA","03","Congressional","11","0","325","35","336","2077","161","2238"
"2021 November General ","2021-11-02 00:00:00","NORFOLK CITY","306 - LINDENWOOD","03","Congressional","3","0","534","13","537","1798","112","1910"
"2021 November General ","2021-11-02 00:00:00","NORFOLK CITY","309 - NORVIEW","03","Congressional","9","0","1183","71","1192","4512","451","4963"
"2021 November General ","2021-11-02 00:00:00","NORFOLK CITY","310 - ROSEMONT","03","Congressional","11","0","1097","18","1108","3764","415","4179"
"2021 November General ","2021-11-02 00:00:00","NORFOLK CITY","311 - SHERWOOD","03","Congressional","6","0","1362","38","1368","4525","272","4797"
"2021 November General ","2021-11-02 00:00:00","NORFOLK CITY","313 - UNION CHAPEL","03","Congressional","2","0","361","13","363","1342","112","1454"
"2021 November General ","2021-11-02 00:00:00","NORFOLK CITY","402 - BERKLEY","03","Congressional","6","0","597","37","603","2012","104","2116"
"2021 November General ","2021-11-02 00:00:00","NORFOLK CITY","404 - CAMPOSTELLA","03","Congressional","4","0","594","30","598","2348","201","2549"
"2021 November General ","2021-11-02 00:00:00","NORFOLK CITY","405 - CHESTERFIELD","03","Congressional","7","0","622","19","629","2686","403","3089"
"2021 November General ","2021-11-02 00:00:00","NORFOLK CITY","406 - BARRON BLACK","02","Congressional","1","0","686","12","687","1810","132","1942"
"2021 November General ","2021-11-02 00:00:00","NORFOLK CITY","408 - EASTON","03","Congressional","5","0","911","13","916","2688","171","2859"
"2021 November General ","2021-11-02 00:00:00","NORFOLK CITY","409 - FAIRLAWN","03","Congressional","3","0","683","10","686","1941","136","2077"
"2021 November General ","2021-11-02 00:00:00","NORFOLK CITY","411 - RUFFNER ACADEMY","03","Congressional","2","0","300","4","302","1719","178","1897"
"2021 November General ","2021-11-02 00:00:00","NORFOLK CITY","412 - INGLESIDE","03","Congressional","1","0","746","19","747","2182","134","2316"
"2021 November General ","2021-11-02 00:00:00","NORFOLK CITY","413 - POPLAR HALLS","03","Congressional","15","0","956","56","971","3522","329","3851"
"2021 November General ","2021-11-02 00:00:00","NORFOLK CITY","414 - YOUNG PARK","03","Congressional","2","0","518","9","520","2787","195","2982"
"2021 November General ","2021-11-02 00:00:00","NORFOLK CITY","415 - LAKE TAYLOR HIGH SCHOOL","03","Congressional","1","0","684","16","685","2507","158","2665"
"2021 November General ","2021-11-02 00:00:00","NORFOLK CITY","501 - BAYVIEW","02","Congressional","4","0","1076","5","1080","3100","271","3371"
"2021 November General ","2021-11-02 00:00:00","NORFOLK CITY","503 - EAST OCEAN VIEW","02","Congressional","3","0","192","1","195","3560","424","3984"
"2021 November General ","2021-11-02 00:00:00","NORFOLK CITY","503 - EAST OCEAN VIEW","02","Congressional","3","0","962","1","965","3560","424","3984"
"2021 November General ","2021-11-02 00:00:00","NORFOLK CITY","504 - LARRYMORE","02","Congressional","2","0","919","15","921","2329","211","2540"
"2021 November General ","2021-11-02 00:00:00","NORFOLK CITY","505 - LITTLE CREEK","02","Congressional","3","0","761","12","764","1988","127","2115"
"2021 November General ","2021-11-02 00:00:00","NORFOLK CITY","506 - OCEAN VIEW CENTER","02","Congressional","4","0","1021","13","1025","3793","287","4080"
"2021 November General ","2021-11-02 00:00:00","NORFOLK CITY","507 - PRETLOW","02","Congressional","4","0","880","15","884","3017","267","3284"
"2021 November General ","2021-11-02 00:00:00","NORFOLK CITY","509 - TARRALLTON","02","Congressional","5","0","1129","15","1134","2886","195","3081"
"2021 November General ","2021-11-02 00:00:00","NORFOLK CITY","510 - THIRD PRESBYTERIAN","02","Congressional","5","0","1250","21","1255","2908","213","3121"
"2021 November General ","2021-11-02 00:00:00","NORFOLK CITY","511 - CROSSROADS","02","Congressional","4","0","1047","14","1051","2953","187","3140"
"2021 November General ","2021-11-02 00:00:00","NORFOLK CITY","512 - AZALEA GARDENS","02","Congressional","1","0","662","3","663","1576","159","1735"
"2021 November General ","2021-11-02 00:00:00","NORTHAMPTON COUNTY","##AB - Central Absentee Precinct","00","Local","0","508","0","0","508","0","0","0"
"2021 November General ","2021-11-02 00:00:00","NORTHAMPTON COUNTY","##AB - Central Absentee Precinct","02","Congressional","0","508","0","0","508","0","0","0"
"2021 November General ","2021-11-02 00:00:00","NORTHAMPTON COUNTY","##EV - Central Absentee Precinct","00","Local","0","1734","0","33","1734","0","0","0"
"2021 November General ","2021-11-02 00:00:00","NORTHAMPTON COUNTY","##EV - Central Absentee Precinct","02","Congressional","0","1734","0","33","1734","0","0","0"
"2021 November General ","2021-11-02 00:00:00","NORTHAMPTON COUNTY","##PE - Central Absentee Precinct","00","Local","0","12","0","0","12","0","0","0"
"2021 November General ","2021-11-02 00:00:00","NORTHAMPTON COUNTY","##PE - Central Absentee Precinct","02","Congressional","0","12","0","0","12","0","0","0"
"2021 November General ","2021-11-02 00:00:00","NORTHAMPTON COUNTY","101 - PRECINCT 1-1","02","Congressional","2","0","824","5","826","2224","144","2368"
"2021 November General ","2021-11-02 00:00:00","NORTHAMPTON COUNTY","201 - PRECINCT 2-1","02","Congressional","0","0","499","6","499","1756","97","1853"
"2021 November General ","2021-11-02 00:00:00","NORTHAMPTON COUNTY","301 - PRECINCT 3-1","02","Congressional","2","0","484","5","486","1561","95","1656"
"2021 November General ","2021-11-02 00:00:00","NORTHAMPTON COUNTY","401 - PRECINCT 4-1","02","Congressional","0","0","568","6","568","1681","84","1765"
"2021 November General ","2021-11-02 00:00:00","NORTHAMPTON COUNTY","501 - PRECINCT 5-1","02","Congressional","2","0","652","3","654","1796","113","1909"
"2021 November General ","2021-11-02 00:00:00","NORTHUMBERLAND COUNTY","##AB - Central Absentee Precinct","00","Local","0","377","0","0","377","0","0","0"
"2021 November General ","2021-11-02 00:00:00","NORTHUMBERLAND COUNTY","##AB - Central Absentee Precinct","01","Congressional","1","377","0","0","378","0","0","0"
"2021 November General ","2021-11-02 00:00:00","NORTHUMBERLAND COUNTY","##EV - Central Absentee Precinct","00","Local","0","2306","0","72","2306","0","0","0"
"2021 November General ","2021-11-02 00:00:00","NORTHUMBERLAND COUNTY","##EV - Central Absentee Precinct","01","Congressional","0","2306","0","72","2306","0","0","0"
"2021 November General ","2021-11-02 00:00:00","NORTHUMBERLAND COUNTY","##PE - Central Absentee Precinct","00","Local","0","3","0","0","3","0","0","0"
"2021 November General ","2021-11-02 00:00:00","NORTHUMBERLAND COUNTY","##PE - Central Absentee Precinct","01","Congressional","0","3","0","0","3","0","0","0"
"2021 November General ","2021-11-02 00:00:00","NORTHUMBERLAND COUNTY","101 - 1A","01","Congressional","6","0","613","4","619","1614","47","1661"
"2021 November General ","2021-11-02 00:00:00","NORTHUMBERLAND COUNTY","201 - 2A","01","Congressional","0","0","734","3","734","1952","59","2011"
"2021 November General ","2021-11-02 00:00:00","NORTHUMBERLAND COUNTY","301 - 3A","01","Congressional","2","0","467","0","469","1670","62","1732"
"2021 November General ","2021-11-02 00:00:00","NORTHUMBERLAND COUNTY","401 - 4A","01","Congressional","3","0","1034","5","1037","2251","89","2340"
"2021 November General ","2021-11-02 00:00:00","NORTHUMBERLAND COUNTY","501 - 5A","01","Congressional","5","0","981","6","986","2229","83","2312"
"2021 November General ","2021-11-02 00:00:00","NORTON CITY","##AB - Central Absentee Precinct","00","Local","0","71","0","0","71","0","0","0"
"2021 November General ","2021-11-02 00:00:00","NORTON CITY","##AB - Central Absentee Precinct","09","Congressional","0","71","0","0","71","0","0","0"
"2021 November General ","2021-11-02 00:00:00","NORTON CITY","##EV - Central Absentee Precinct","00","Local","0","473","0","20","473","0","0","0"
"2021 November General ","2021-11-02 00:00:00","NORTON CITY","##EV - Central Absentee Precinct","09","Congressional","0","473","0","20","473","0","0","0"
"2021 November General ","2021-11-02 00:00:00","NORTON CITY","##PE - Central Absentee Precinct","00","Local","0","0","0","0","0","0","0","0"
"2021 November General ","2021-11-02 00:00:00","NORTON CITY","##PE - Central Absentee Precinct","09","Congressional","0","0","0","0","0","0","0","0"
"2021 November General ","2021-11-02 00:00:00","NORTON CITY","001 - EAST WARD","09","Congressional","0","0","666","13","666","2417","105","2522"
"2021 November General ","2021-11-02 00:00:00","NOTTOWAY COUNTY","##AB - Central Absentee Precinct","00","Local","0","265","0","0","265","0","0","0"
"2021 November General ","2021-11-02 00:00:00","NOTTOWAY COUNTY","##AB - Central Absentee Precinct","07","Congressional","0","265","0","0","265","0","0","0"
"2021 November General ","2021-11-02 00:00:00","NOTTOWAY COUNTY","##EV - Central Absentee Precinct","00","Local","0","1677","0","0","1677","0","0","0"
"2021 November General ","2021-11-02 00:00:00","NOTTOWAY COUNTY","##EV - Central Absentee Precinct","07","Congressional","0","1677","0","0","1677","0","0","0"
"2021 November General ","2021-11-02 00:00:00","NOTTOWAY COUNTY","##PE - Central Absentee Precinct","00","Local","0","7","0","0","7","0","0","0"
"2021 November General ","2021-11-02 00:00:00","NOTTOWAY COUNTY","##PE - Central Absentee Precinct","07","Congressional","0","7","0","0","7","0","0","0"
"2021 November General ","2021-11-02 00:00:00","NOTTOWAY COUNTY","101 - PRECINCT 1-1","07","Congressional","0","0","430","0","430","1097","20","1117"
"2021 November General ","2021-11-02 00:00:00","NOTTOWAY COUNTY","102 - PRECINCT 1-2","07","Congressional","0","0","328","0","328","801","24","825"
"2021 November General ","2021-11-02 00:00:00","NOTTOWAY COUNTY","201 - PRECINCT 2-1","07","Congressional","0","0","522","0","522","1499","60","1559"
"2021 November General ","2021-11-02 00:00:00","NOTTOWAY COUNTY","202 - PRECINCT 2-2","07","Congressional","0","0","251","0","251","561","15","576"
"2021 November General ","2021-11-02 00:00:00","NOTTOWAY COUNTY","301 - PRECINCT 3-1","07","Congressional","0","0","324","0","324","890","21","911"
"2021 November General ","2021-11-02 00:00:00","NOTTOWAY COUNTY","302 - PRECINCT 3-2","07","Congressional","0","0","251","0","251","556","16","572"
"2021 November General ","2021-11-02 00:00:00","NOTTOWAY COUNTY","401 - PRECINCT 4-1","07","Congressional","0","0","276","0","276","995","36","1031"
"2021 November General ","2021-11-02 00:00:00","NOTTOWAY COUNTY","402 - PRECINCT 4-2","07","Congressional","0","0","461","0","461","897","22","919"
"2021 November General ","2021-11-02 00:00:00","NOTTOWAY COUNTY","501 - PRECINCT 5-1","07","Congressional","0","0","641","0","641","1935","75","2010"
"2021 November General ","2021-11-02 00:00:00","ORANGE COUNTY","##AB - Central Absentee Precinct","00","Local","0","1105","0","0","1105","0","0","0"
"2021 November General ","2021-11-02 00:00:00","ORANGE COUNTY","##AB - Central Absentee Precinct","07","Congressional","0","1105","0","0","1105","0","0","0"
"2021 November General ","2021-11-02 00:00:00","ORANGE COUNTY","##EV - Central Absentee Precinct","00","Local","0","3093","0","82","3093","0","0","0"
"2021 November General ","2021-11-02 00:00:00","ORANGE COUNTY","##EV - Central Absentee Precinct","07","Congressional","0","3093","0","82","3093","0","0","0"
"2021 November General ","2021-11-02 00:00:00","ORANGE COUNTY","##PE - Central Absentee Precinct","00","Local","0","60","0","0","60","0","0","0"
"2021 November General ","2021-11-02 00:00:00","ORANGE COUNTY","##PE - Central Absentee Precinct","07","Congressional","0","60","0","0","60","0","0","0"
"2021 November General ","2021-11-02 00:00:00","ORANGE COUNTY","101 - ONE WEST","07","Congressional","3","0","1239","12","1242","2447","79","2526"
"2021 November General ","2021-11-02 00:00:00","ORANGE COUNTY","102 - ONE EAST","07","Congressional","2","0","1127","16","1129","2520","73","2593"
"2021 November General ","2021-11-02 00:00:00","ORANGE COUNTY","201 - TWO WEST","07","Congressional","2","0","1148","28","1150","2806","59","2865"
"2021 November General ","2021-11-02 00:00:00","ORANGE COUNTY","202 - TWO EAST","07","Congressional","6","0","1122","28","1128","2313","86","2399"
"2021 November General ","2021-11-02 00:00:00","ORANGE COUNTY","301 - THREE WEST","07","Congressional","4","0","1080","17","1084","3295","120","3415"
"2021 November General ","2021-11-02 00:00:00","ORANGE COUNTY","302 - THREE EAST","07","Congressional","2","0","445","0","447","968","25","993"
"2021 November General ","2021-11-02 00:00:00","ORANGE COUNTY","401 - FOUR WEST","07","Congressional","3","0","1327","26","1330","2727","67","2794"
"2021 November General ","2021-11-02 00:00:00","ORANGE COUNTY","402 - FOUR EAST","07","Congressional","10","0","1352","17","1362","3087","132","3219"
"2021 November General ","2021-11-02 00:00:00","ORANGE COUNTY","501 - FIVE SOUTH","07","Congressional","11","0","1443","88","1454","2934","146","3080"
"2021 November General ","2021-11-02 00:00:00","ORANGE COUNTY","502 - FIVE NORTH","07","Congressional","6","0","1611","58","1617","3250","128","3378"
"2021 November General ","2021-11-02 00:00:00","PAGE COUNTY","##AB - Central Absentee Precinct","00","Local","0","572","0","45","572","0","0","0"
"2021 November General ","2021-11-02 00:00:00","PAGE COUNTY","##AB - Central Absentee Precinct","06","Congressional","0","572","0","45","572","0","0","0"
"2021 November General ","2021-11-02 00:00:00","PAGE COUNTY","##EV - Central Absentee Precinct","00","Local","0","2054","0","0","2054","0","0","0"
"2021 November General ","2021-11-02 00:00:00","PAGE COUNTY","##EV - Central Absentee Precinct","06","Congressional","0","2054","0","0","2054","0","0","0"
"2021 November General ","2021-11-02 00:00:00","PAGE COUNTY","##PE - Central Absentee Precinct","00","Local","0","5","0","0","5","0","0","0"
"2021 November General ","2021-11-02 00:00:00","PAGE COUNTY","##PE - Central Absentee Precinct","06","Congressional","0","5","0","0","5","0","0","0"
"2021 November General ","2021-11-02 00:00:00","PAGE COUNTY","101 - WEST LURAY","06","Congressional","6","0","1162","6","1168","3196","94","3290"
"2021 November General ","2021-11-02 00:00:00","PAGE COUNTY","201 - EAST LURAY","06","Congressional","1","0","1333","29","1334","3376","104","3480"
"2021 November General ","2021-11-02 00:00:00","PAGE COUNTY","301 - MARKSVILLE","06","Congressional","1","0","1645","15","1646","3654","81","3735"
"2021 November General ","2021-11-02 00:00:00","PAGE COUNTY","401 - NEWPORT","06","Congressional","0","0","1241","26","1241","2946","59","3005"
"2021 November General ","2021-11-02 00:00:00","PAGE COUNTY","501 - SHENANDOAH","06","Congressional","4","0","1621","21","1625","3180","70","3250"
"2021 November General ","2021-11-02 00:00:00","PATRICK COUNTY","##AB - Central Absentee Precinct","00","Local","0","396","0","0","396","0","0","0"
"2021 November General ","2021-11-02 00:00:00","PATRICK COUNTY","##AB - Central Absentee Precinct","09","Congressional","0","396","0","0","396","0","0","0"
"2021 November General ","2021-11-02 00:00:00","PATRICK COUNTY","##EV - Central Absentee Precinct","00","Local","0","1321","0","7","1321","0","0","0"
"2021 November General ","2021-11-02 00:00:00","PATRICK COUNTY","##EV - Central Absentee Precinct","09","Congressional","0","1321","0","7","1321","0","0","0"
"2021 November General ","2021-11-02 00:00:00","PATRICK COUNTY","##PE - Central Absentee Precinct","00","Local","0","10","0","0","10","0","0","0"
"2021 November General ","2021-11-02 00:00:00","PATRICK COUNTY","##PE - Central Absentee Precinct","09","Congressional","0","10","0","0","10","0","0","0"
"2021 November General ","2021-11-02 00:00:00","PATRICK COUNTY","101 - ARARAT","09","Congressional","0","0","383","0","383","842","23","865"
"2021 November General ","2021-11-02 00:00:00","PATRICK COUNTY","102 - CLAUDVILLE","09","Congressional","0","0","365","0","365","778","16","794"
"2021 November General ","2021-11-02 00:00:00","PATRICK COUNTY","103 - WILLIS GAP","09","Congressional","0","0","416","0","416","866","19","885"
"2021 November General ","2021-11-02 00:00:00","PATRICK COUNTY","201 - DRY POND","09","Congressional","0","0","226","0","226","481","7","488"
"2021 November General ","2021-11-02 00:00:00","PATRICK COUNTY","202 - PATRICK SPRINGS","09","Congressional","0","0","533","3","533","1213","24","1237"
"2021 November General ","2021-11-02 00:00:00","PATRICK COUNTY","203 - RUSSELL CREEK","09","Congressional","1","0","436","2","437","956","23","979"
"2021 November General ","2021-11-02 00:00:00","PATRICK COUNTY","301 - CRITZ/STELLA","09","Congressional","0","0","629","0","629","1456","30","1486"
"2021 November General ","2021-11-02 00:00:00","PATRICK COUNTY","302 - LIBERTY","09","Congressional","0","0","430","2","430","992","19","1011"
"2021 November General ","2021-11-02 00:00:00","PATRICK COUNTY","401 - MEADOWS OF DAN","09","Congressional","0","0","526","0","526","990","21","1011"
"2021 November General ","2021-11-02 00:00:00","PATRICK COUNTY","402 - STUART FAIRGROUNDS","09","Congressional","0","0","429","0","429","1318","39","1357"
"2021 November General ","2021-11-02 00:00:00","PATRICK COUNTY","501 - STUART COMMUNITY","09","Congressional","0","0","221","0","221","579","22","601"
"2021 November General ","2021-11-02 00:00:00","PATRICK COUNTY","502 - ELAMSVILLE","09","Congressional","1","0","414","0","415","840","17","857"
"2021 November General ","2021-11-02 00:00:00","PATRICK COUNTY","503 - WOOLWINE","09","Congressional","0","0","524","8","524","1026","21","1047"
"2021 November General ","2021-11-02 00:00:00","PETERSBURG CITY","##AB - Central Absentee Precinct","00","Local","0","1375","0","0","1375","0","0","0"
"2021 November General ","2021-11-02 00:00:00","PETERSBURG CITY","##AB - Central Absentee Precinct","04","Congressional","0","1375","0","0","1375","0","0","0"
"2021 November General ","2021-11-02 00:00:00","PETERSBURG CITY","##EV - Central Absentee Precinct","00","Local","0","2713","0","34","2713","0","0","0"
"2021 November General ","2021-11-02 00:00:00","PETERSBURG CITY","##EV - Central Absentee Precinct","04","Congressional","0","2713","0","34","2713","0","0","0"
"2021 November General ","2021-11-02 00:00:00","PETERSBURG CITY","##PE - Central Absentee Precinct","00","Local","0","73","0","0","73","0","0","0"
"2021 November General ","2021-11-02 00:00:00","PETERSBURG CITY","##PE - Central Absentee Precinct","04","Congressional","0","73","0","0","73","0","0","0"
"2021 November General ","2021-11-02 00:00:00","PETERSBURG CITY","101 - FIRST WARD FIRST PRECINCT","04","Congressional","2","0","515","14","517","2693","249","2942"
"2021 November General ","2021-11-02 00:00:00","PETERSBURG CITY","201 - SECOND WARD FIRST PRECINCT","04","Congressional","5","0","956","39","961","3597","252","3849"
"2021 November General ","2021-11-02 00:00:00","PETERSBURG CITY","301 - THIRD WARD FIRST PRECINCT","04","Congressional","4","0","998","26","1002","3526","179","3705"
"2021 November General ","2021-11-02 00:00:00","PETERSBURG CITY","401 - FOURTH WARD FIRST PRECINCT","04","Congressional","7","0","626","14","633","3120","248","3368"
"2021 November General ","2021-11-02 00:00:00","PETERSBURG CITY","501 - FIFTH WARD FIRST PRECINCT","04","Congressional","1","0","554","17","555","3061","219","3280"
"2021 November General ","2021-11-02 00:00:00","PETERSBURG CITY","601 - SIXTH WARD FIRST PRECINCT","04","Congressional","3","0","471","10","474","2658","161","2819"
"2021 November General ","2021-11-02 00:00:00","PETERSBURG CITY","701 - SEVENTH WARD FIRST PRECINCT","04","Congressional","4","0","737","17","741","3054","151","3205"
"2021 November General ","2021-11-02 00:00:00","PITTSYLVANIA COUNTY","##AB - Central Absentee Precinct","00","Local","0","431","0","0","431","0","0","0"
"2021 November General ","2021-11-02 00:00:00","PITTSYLVANIA COUNTY","##AB - Central Absentee Precinct","00","Local","0","970","0","0","970","0","0","0"
"2021 November General ","2021-11-02 00:00:00","PITTSYLVANIA COUNTY","##AB - Central Absentee Precinct","00","Local","0","1401","0","0","1401","0","0","0"
"2021 November General ","2021-11-02 00:00:00","PITTSYLVANIA COUNTY","##AB - Central Absentee Precinct","05","Congressional","0","1401","0","0","1401","0","0","0"
"2021 November General ","2021-11-02 00:00:00","PITTSYLVANIA COUNTY","##EV - Central Absentee Precinct","00","Local","0","1103","0","0","1103","0","0","0"
"2021 November General ","2021-11-02 00:00:00","PITTSYLVANIA COUNTY","##EV - Central Absentee Precinct","00","Local","0","2698","0","0","2698","0","0","0"
"2021 November General ","2021-11-02 00:00:00","PITTSYLVANIA COUNTY","##EV - Central Absentee Precinct","00","Local","0","3801","0","0","3801","0","0","0"
"2021 November General ","2021-11-02 00:00:00","PITTSYLVANIA COUNTY","##EV - Central Absentee Precinct","05","Congressional","0","3801","0","0","3801","0","0","0"
"2021 November General ","2021-11-02 00:00:00","PITTSYLVANIA COUNTY","##PE - Central Absentee Precinct","00","Local","0","23","0","0","23","0","0","0"
"2021 November General ","2021-11-02 00:00:00","PITTSYLVANIA COUNTY","##PE - Central Absentee Precinct","00","Local","0","34","0","0","34","0","0","0"
"2021 November General ","2021-11-02 00:00:00","PITTSYLVANIA COUNTY","##PE - Central Absentee Precinct","00","Local","0","57","0","0","57","0","0","0"
"2021 November General ","2021-11-02 00:00:00","PITTSYLVANIA COUNTY","##PE - Central Absentee Precinct","05","Congressional","0","57","0","0","57","0","0","0"
"2021 November General ","2021-11-02 00:00:00","PITTSYLVANIA COUNTY","103 - TWIN SPRINGS","05","Congressional","2","0","1721","4","1723","3323","81","3404"
"2021 November General ","2021-11-02 00:00:00","PITTSYLVANIA COUNTY","105 - CHATHAM","05","Congressional","1","0","428","1","429","1189","115","1304"
"2021 November General ","2021-11-02 00:00:00","PITTSYLVANIA COUNTY","106 - TUNSTALL","05","Congressional","0","0","711","5","711","1426","47","1473"
"2021 November General ","2021-11-02 00:00:00","PITTSYLVANIA COUNTY","108 - WEST BLAIRS","05","Congressional","1","0","428","0","429","846","27","873"
"2021 November General ","2021-11-02 00:00:00","PITTSYLVANIA COUNTY","201 - CALLANDS","05","Congressional","0","0","689","5","689","1234","26","1260"
"2021 November General ","2021-11-02 00:00:00","PITTSYLVANIA COUNTY","202- BEARSKIN","05","Congressional","0","0","185","5","185","383","10","393"
"2021 November General ","2021-11-02 00:00:00","PITTSYLVANIA COUNTY","204 - SANDY LEVEL","05","Congressional","0","0","473","6","473","896","18","914"
"2021 November General ","2021-11-02 00:00:00","PITTSYLVANIA COUNTY","206 - CLIMAX","05","Congressional","0","0","466","2","466","957","23","980"
"2021 November General ","2021-11-02 00:00:00","PITTSYLVANIA COUNTY","207 - GRETNA","05","Congressional","0","0","1124","0","1124","2452","68","2520"
"2021 November General ","2021-11-02 00:00:00","PITTSYLVANIA COUNTY","301 - CENTRAL","05","Congressional","0","0","408","9","408","1220","40","1260"
"2021 November General ","2021-11-02 00:00:00","PITTSYLVANIA COUNTY","305 - RICEVILLE","05","Congressional","0","0","481","3","481","1079","40","1119"
"2021 November General ","2021-11-02 00:00:00","PITTSYLVANIA COUNTY","307 - EAST BLAIRS","05","Congressional","0","0","43","5","43","1507","59","1566"
"2021 November General ","2021-11-02 00:00:00","PITTSYLVANIA COUNTY","307 - EAST BLAIRS","05","Congressional","0","0","518","10","518","1507","59","1566"
"2021 November General ","2021-11-02 00:00:00","PITTSYLVANIA COUNTY","308 - MT AIRY","05","Congressional","0","0","296","2","296","678","12","690"
"2021 November General ","2021-11-02 00:00:00","PITTSYLVANIA COUNTY","309 - EAST GRETNA","05","Congressional","0","0","335","5","335","806","27","833"
"2021 November General ","2021-11-02 00:00:00","PITTSYLVANIA COUNTY","402 - KEELING","05","Congressional","0","0","12","0","12","1402","41","1443"
"2021 November General ","2021-11-02 00:00:00","PITTSYLVANIA COUNTY","402 - KEELING","05","Congressional","0","0","676","3","676","1402","41","1443"
"2021 November General ","2021-11-02 00:00:00","PITTSYLVANIA COUNTY","404 - KENTUCK","05","Congressional","0","0","1268","7","1268","2450","57","2507"
"2021 November General ","2021-11-02 00:00:00","PITTSYLVANIA COUNTY","405 - RINGGOLD","05","Congressional","0","0","1349","11","1349","2737","82","2819"
"2021 November General ","2021-11-02 00:00:00","PITTSYLVANIA COUNTY","501 - HURT","05","Congressional","0","0","1032","21","1032","2249","61","2310"
"2021 November General ","2021-11-02 00:00:00","PITTSYLVANIA COUNTY","502 - MOTLEY SYCAMORE","05","Congressional","0","0","1163","2","1163","2304","57","2361"
"2021 November General ","2021-11-02 00:00:00","PITTSYLVANIA COUNTY","503 - RENAN","05","Congressional","0","0","628","2","628","1258","19","1277"
"2021 November General ","2021-11-02 00:00:00","PITTSYLVANIA COUNTY","603 - STONY MILL","05","Congressional","0","0","845","0","845","1701","51","1752"
"2021 November General ","2021-11-02 00:00:00","PITTSYLVANIA COUNTY","604 - SWANSONVILLE","05","Congressional","0","0","671","4","671","1435","31","1466"
"2021 November General ","2021-11-02 00:00:00","PITTSYLVANIA COUNTY","605 - WHITMELL","05","Congressional","0","0","672","5","672","1331","34","1365"
"2021 November General ","2021-11-02 00:00:00","PITTSYLVANIA COUNTY","606 - BROSVILLE","05","Congressional","0","0","688","18","688","1366","38","1404"
"2021 November General ","2021-11-02 00:00:00","PITTSYLVANIA COUNTY","607 - DRY FORK","05","Congressional","0","0","325","3","325","578","16","594"
"2021 November General ","2021-11-02 00:00:00","PITTSYLVANIA COUNTY","702 - BACHELORS HALL","05","Congressional","0","0","995","13","995","1827","50","1877"
"2021 November General ","2021-11-02 00:00:00","PITTSYLVANIA COUNTY","703 - FERRY ROAD","05","Congressional","0","0","211","8","211","419","19","438"
"2021 November General ","2021-11-02 00:00:00","PITTSYLVANIA COUNTY","704 - MT HERMON","05","Congressional","0","0","31","2","31","2966","122","3088"
"2021 November General ","2021-11-02 00:00:00","PITTSYLVANIA COUNTY","704 - MT HERMON","05","Congressional","0","0","1222","10","1222","2966","122","3088"
"2021 November General ","2021-11-02 00:00:00","PITTSYLVANIA COUNTY","705 - MT CROSS","05","Congressional","0","0","711","1","711","1384","51","1435"
"2021 November General ","2021-11-02 00:00:00","POQUOSON CITY","##AB - Central Absentee Precinct","00","Local","0","220","0","0","220","0","0","0"
"2021 November General ","2021-11-02 00:00:00","POQUOSON CITY","##AB - Central Absentee Precinct","02","Congressional","0","220","0","0","220","0","0","0"
"2021 November General ","2021-11-02 00:00:00","POQUOSON CITY","##EV - Central Absentee Precinct","00","Local","0","2234","0","42","2234","0","0","0"
"2021 November General ","2021-11-02 00:00:00","POQUOSON CITY","##EV - Central Absentee Precinct","02","Congressional","0","2234","0","42","2234","0","0","0"
"2021 November General ","2021-11-02 00:00:00","POQUOSON CITY","##PE - Central Absentee Precinct","00","Local","0","7","0","0","7","0","0","0"
"2021 November General ","2021-11-02 00:00:00","POQUOSON CITY","##PE - Central Absentee Precinct","02","Congressional","0","7","0","0","7","0","0","0"
"2021 November General ","2021-11-02 00:00:00","POQUOSON CITY","001 - CENTRAL","02","Congressional","3","0","1161","13","1164","3000","107","3107"
"2021 November General ","2021-11-02 00:00:00","POQUOSON CITY","002 - EASTERN","02","Congressional","3","0","1352","17","1355","3093","126","3219"
"2021 November General ","2021-11-02 00:00:00","POQUOSON CITY","003 - WESTERN","02","Congressional","3","0","1333","7","1336","3063","106","3169"
"2021 November General ","2021-11-02 00:00:00","PORTSMOUTH CITY","##AB - Central Absentee Precinct","00","Local","0","707","0","0","707","0","0","0"
"2021 November General ","2021-11-02 00:00:00","PORTSMOUTH CITY","##AB - Central Absentee Precinct","00","Local","0","2695","0","0","2695","0","0","0"
"2021 November General ","2021-11-02 00:00:00","PORTSMOUTH CITY","##AB - Central Absentee Precinct","00","Local","0","3402","0","0","3402","0","0","0"
"2021 November General ","2021-11-02 00:00:00","PORTSMOUTH CITY","##AB - Central Absentee Precinct","03","Congressional","14","3402","0","0","3416","0","0","0"
"2021 November General ","2021-11-02 00:00:00","PORTSMOUTH CITY","##EV - Central Absentee Precinct","00","Local","0","994","0","53","994","0","0","0"
"2021 November General ","2021-11-02 00:00:00","PORTSMOUTH CITY","##EV - Central Absentee Precinct","00","Local","0","3850","0","228","3850","0","0","0"
"2021 November General ","2021-11-02 00:00:00","PORTSMOUTH CITY","##EV - Central Absentee Precinct","00","Local","0","4844","0","0","4844","0","0","0"
"2021 November General ","2021-11-02 00:00:00","PORTSMOUTH CITY","##EV - Central Absentee Precinct","03","Congressional","0","4844","0","0","4844","0","0","0"
"2021 November General ","2021-11-02 00:00:00","PORTSMOUTH CITY","##PE - Central Absentee Precinct","00","Local","0","20","0","0","20","0","0","0"
"2021 November General ","2021-11-02 00:00:00","PORTSMOUTH CITY","##PE - Central Absentee Precinct","00","Local","0","170","0","0","170","0","0","0"
"2021 November General ","2021-11-02 00:00:00","PORTSMOUTH CITY","##PE - Central Absentee Precinct","00","Local","0","190","0","0","190","0","0","0"
"2021 November General ","2021-11-02 00:00:00","PORTSMOUTH CITY","##PE - Central Absentee Precinct","03","Congressional","0","190","0","0","190","0","0","0"
"2021 November General ","2021-11-02 00:00:00","PORTSMOUTH CITY","001 - EMANUEL A. M. E. CHURCH ","03","Congressional","9","0","762","4","771","2548","238","2786"
"2021 November General ","2021-11-02 00:00:00","PORTSMOUTH CITY","005 - HAMPTON ROADS COMMUNITY HEALTH CENTER","03","Congressional","6","0","394","24","400","1614","101","1715"
"2021 November General ","2021-11-02 00:00:00","PORTSMOUTH CITY","007- PARK VIEW ELEMENTARY SCHOOL","03","Congressional","9","0","525","11","534","1487","140","1627"
"2021 November General ","2021-11-02 00:00:00","PORTSMOUTH CITY","009 - THIRD BAPTIST CHURCH","03","Congressional","6","0","644","19","650","2196","118","2314"
"2021 November General ","2021-11-02 00:00:00","PORTSMOUTH CITY","010 - PORT NORFOLK RECREATION CENTER","03","Congressional","6","0","430","0","436","1114","116","1230"
"2021 November General ","2021-11-02 00:00:00","PORTSMOUTH CITY","011 - JOSEPH E. PARKER RECREATION CENTER","03","Congressional","3","0","411","30","414","1629","89","1718"
"2021 November General ","2021-11-02 00:00:00","PORTSMOUTH CITY","013 - ST. MARK MISSIONARY BAPTIST CHURCH","03","Congressional","0","0","218","5","218","1410","81","1491"
"2021 November General ","2021-11-02 00:00:00","PORTSMOUTH CITY","014 - BRIGHTON ELEMENTARY SCHOOL","03","Congressional","3","0","493","20","496","2037","93","2130"
"2021 November General ","2021-11-02 00:00:00","PORTSMOUTH CITY","016 - CRADOCK MIDDLE SCHOOL","03","Congressional","1","0","547","7","548","2086","153","2239"
"2021 November General ","2021-11-02 00:00:00","PORTSMOUTH CITY","017 - VICTORY LIFE FELLOWSHIP","03","Congressional","6","0","677","24","683","2580","189","2769"
"2021 November General ","2021-11-02 00:00:00","PORTSMOUTH CITY","019 - VICTORY ELEMENTARY SCHOOL","03","Congressional","0","0","414","19","414","1218","58","1276"
"2021 November General ","2021-11-02 00:00:00","PORTSMOUTH CITY","020 - NOBLE STREET BAPTIST CHURCH","03","Congressional","3","0","652","0","655","2004","123","2127"
"2021 November General ","2021-11-02 00:00:00","PORTSMOUTH CITY","021 - JOHN F. KENNEDY COMMUNITY CENTER","03","Congressional","1","0","352","17","353","1275","74","1349"
"2021 November General ","2021-11-02 00:00:00","PORTSMOUTH CITY","022 - ST. MARK DELIVERANCE CENTER","03","Congressional","3","0","636","4","639","2015","119","2134"
"2021 November General ","2021-11-02 00:00:00","PORTSMOUTH CITY","023 - WESTHAVEN BAPTIST CHURCH","03","Congressional","7","0","720","5","727","1732","76","1808"
"2021 November General ","2021-11-02 00:00:00","PORTSMOUTH CITY","024 - THE SENIOR STATION","03","Congressional","4","0","532","11","536","1551","95","1646"
"2021 November General ","2021-11-02 00:00:00","PORTSMOUTH CITY","025 - WATERVIEW ELEMENTARY SCHOOL","03","Congressional","6","0","848","20","854","1878","103","1981"
"2021 November General ","2021-11-02 00:00:00","PORTSMOUTH CITY","026 - WILLIAM E. WATERS MIDDLE SCHOOL","03","Congressional","1","0","633","51","634","1894","82","1976"
"2021 November General ","2021-11-02 00:00:00","PORTSMOUTH CITY","027 - CAVALIER MANOR RECREATION CENTER","03","Congressional","1","0","580","34","581","1910","77","1987"
"2021 November General ","2021-11-02 00:00:00","PORTSMOUTH CITY","028 - LAKEVIEW ELEMENTARY SCHOOL","03","Congressional","2","0","864","42","866","2460","66","2526"
"2021 November General ","2021-11-02 00:00:00","PORTSMOUTH CITY","029 - MANOR HIGH SCHOOL","03","Congressional","1","0","575","11","576","1263","53","1316"
"2021 November General ","2021-11-02 00:00:00","PORTSMOUTH CITY","030 - THE RESCUE CHURCH","03","Congressional","2","0","724","7","726","1711","79","1790"
"2021 November General ","2021-11-02 00:00:00","PORTSMOUTH CITY","031 - WEST PARK CHURCH OF CHRIST ","03","Congressional","3","0","970","16","973","2894","183","3077"
"2021 November General ","2021-11-02 00:00:00","PORTSMOUTH CITY","032 - HODGES MANOR ELEMENTARY SCHOOL ","03","Congressional","8","0","689","5","697","1397","49","1446"
"2021 November General ","2021-11-02 00:00:00","PORTSMOUTH CITY","033- PINECREST BAPTIST CHURCH","03","Congressional","1","0","681","5","682","1225","47","1272"
"2021 November General ","2021-11-02 00:00:00","PORTSMOUTH CITY","034- CHURCHLAND BRANCH LIBRARY","03","Congressional","6","0","818","18","824","1729","81","1810"
"2021 November General ","2021-11-02 00:00:00","PORTSMOUTH CITY","035 - CHURCHLAND ELEMENTARY SCHOOL","03","Congressional","7","0","143","0","150","2179","81","2260"
"2021 November General ","2021-11-02 00:00:00","PORTSMOUTH CITY","035 - CHURCHLAND ELEMENTARY SCHOOL","03","Congressional","7","0","815","13","822","2179","81","2260"
"2021 November General ","2021-11-02 00:00:00","PORTSMOUTH CITY","036 - CHURCHLAND HIGH SCHOOL","03","Congressional","14","0","1473","32","1487","3861","185","4046"
"2021 November General ","2021-11-02 00:00:00","PORTSMOUTH CITY","037 - CHURCHLAND MIDDLE SCHOOL","03","Congressional","10","0","1113","12","1123","3125","232","3357"
"2021 November General ","2021-11-02 00:00:00","PORTSMOUTH CITY","038 - GROVE BAPTIST CHURCH","03","Congressional","15","0","949","33","964","3683","256","3939"
"2021 November General ","2021-11-02 00:00:00","PORTSMOUTH CITY","039 - CHURCHLAND PRIMARY AND INTERMEDIATE SCHOOL","03","Congressional","4","0","1217","20","1221","3380","176","3556"
"2021 November General ","2021-11-02 00:00:00","POWHATAN COUNTY","##AB - Central Absentee Precinct","00","Local","0","733","0","0","733","0","0","0"
"2021 November General ","2021-11-02 00:00:00","POWHATAN COUNTY","##AB - Central Absentee Precinct","07","Congressional","1","733","0","0","734","0","0","0"
"2021 November General ","2021-11-02 00:00:00","POWHATAN COUNTY","##EV - Central Absentee Precinct","00","Local","0","4956","0","0","4956","0","0","0"
"2021 November General ","2021-11-02 00:00:00","POWHATAN COUNTY","##EV - Central Absentee Precinct","07","Congressional","0","4956","0","0","4956","0","0","0"
"2021 November General ","2021-11-02 00:00:00","POWHATAN COUNTY","##PE - Central Absentee Precinct","00","Local","0","20","0","0","20","0","0","0"
"2021 November General ","2021-11-02 00:00:00","POWHATAN COUNTY","##PE - Central Absentee Precinct","07","Congressional","0","20","0","0","20","0","0","0"
"2021 November General ","2021-11-02 00:00:00","POWHATAN COUNTY","101 - SUBLETTS","07","Congressional","2","0","1097","0","1099","2417","58","2475"
"2021 November General ","2021-11-02 00:00:00","POWHATAN COUNTY","102 - MANAKIN","07","Congressional","1","0","891","0","892","1738","36","1774"
"2021 November General ","2021-11-02 00:00:00","POWHATAN COUNTY","103 - FLAT ROCK","07","Congressional","0","0","698","0","698","1395","37","1432"
"2021 November General ","2021-11-02 00:00:00","POWHATAN COUNTY","201 - POWHATAN STATION","07","Congressional","2","0","976","0","978","1908","55","1963"
"2021 November General ","2021-11-02 00:00:00","POWHATAN COUNTY","202 - GRACELAND","07","Congressional","1","0","1313","0","1314","2462","49","2511"
"2021 November General ","2021-11-02 00:00:00","POWHATAN COUNTY","301 - BETHESDA","07","Congressional","2","0","876","0","878","2207","59","2266"
"2021 November General ","2021-11-02 00:00:00","POWHATAN COUNTY","302 - LEE'S LANDING","07","Congressional","0","0","979","0","979","1982","56","2038"
"2021 November General ","2021-11-02 00:00:00","POWHATAN COUNTY","401 - POWHATAN COURTHOUSE","07","Congressional","0","0","1290","0","1290","3397","73","3470"
"2021 November General ","2021-11-02 00:00:00","POWHATAN COUNTY","402 - MT ZION ","07","Congressional","2","0","606","0","608","1352","21","1373"
"2021 November General ","2021-11-02 00:00:00","POWHATAN COUNTY","501 - SMITH CROSS ROADS","07","Congressional","2","0","837","0","839","1973","52","2025"
"2021 November General ","2021-11-02 00:00:00","POWHATAN COUNTY","502 - PINEVILLE","07","Congressional","2","0","610","0","612","1082","21","1103"
"2021 November General ","2021-11-02 00:00:00","POWHATAN COUNTY","503 - TOBACCOVILLE","07","Congressional","0","0","516","0","516","1037","24","1061"
"2021 November General ","2021-11-02 00:00:00","PRINCE EDWARD COUNTY","##AB - Central Absentee Precinct","00","Local","0","621","0","0","621","0","0","0"
"2021 November General ","2021-11-02 00:00:00","PRINCE EDWARD COUNTY","##AB - Central Absentee Precinct","05","Congressional","0","621","0","0","621","0","0","0"
"2021 November General ","2021-11-02 00:00:00","PRINCE EDWARD COUNTY","##EV - Central Absentee Precinct","00","Local","0","1446","0","61","1446","0","0","0"
"2021 November General ","2021-11-02 00:00:00","PRINCE EDWARD COUNTY","##EV - Central Absentee Precinct","05","Congressional","0","1446","0","61","1446","0","0","0"
"2021 November General ","2021-11-02 00:00:00","PRINCE EDWARD COUNTY","##PE - Central Absentee Precinct","00","Local","0","12","0","0","12","0","0","0"
"2021 November General ","2021-11-02 00:00:00","PRINCE EDWARD COUNTY","##PE - Central Absentee Precinct","05","Congressional","0","12","0","0","12","0","0","0"
"2021 November General ","2021-11-02 00:00:00","PRINCE EDWARD COUNTY","101 - FARMVILLE","05","Congressional","0","0","584","7","584","1729","87","1816"
"2021 November General ","2021-11-02 00:00:00","PRINCE EDWARD COUNTY","201 - LOCKETT","05","Congressional","0","0","811","10","811","1982","53","2035"
"2021 November General ","2021-11-02 00:00:00","PRINCE EDWARD COUNTY","301 - LEIGH","05","Congressional","0","0","516","4","516","1250","45","1295"
"2021 November General ","2021-11-02 00:00:00","PRINCE EDWARD COUNTY","302 - MT PLEASANT","05","Congressional","0","0","309","7","309","720","25","745"
"2021 November General ","2021-11-02 00:00:00","PRINCE EDWARD COUNTY","401 - HAMPDEN","05","Congressional","10","0","596","5","606","1359","59","1418"
"2021 November General ","2021-11-02 00:00:00","PRINCE EDWARD COUNTY","501 - DARLINGTON HTS","05","Congressional","2","0","481","4","483","939","38","977"
"2021 November General ","2021-11-02 00:00:00","PRINCE EDWARD COUNTY","502 - BUFFALO HTS","05","Congressional","1","0","229","1","230","660","38","698"
"2021 November General ","2021-11-02 00:00:00","PRINCE EDWARD COUNTY","601 - PROSPECT","05","Congressional","3","0","794","16","797","1980","54","2034"
"2021 November General ","2021-11-02 00:00:00","PRINCE EDWARD COUNTY","701 - WEST END","05","Congressional","3","0","501","4","504","1305","74","1379"
"2021 November General ","2021-11-02 00:00:00","PRINCE EDWARD COUNTY","801 - CENTER","05","Congressional","1","0","233","9","234","819","69","888"
"2021 November General ","2021-11-02 00:00:00","PRINCE GEORGE COUNTY","##AB - Central Absentee Precinct","00","Local","0","1","0","0","1","0","0","0"
"2021 November General ","2021-11-02 00:00:00","PRINCE GEORGE COUNTY","##AB - Central Absentee Precinct","00","Local","0","13","0","0","13","0","0","0"
"2021 November General ","2021-11-02 00:00:00","PRINCE GEORGE COUNTY","##AB - Central Absentee Precinct","00","Local","0","690","0","0","690","0","0","0"
"2021 November General ","2021-11-02 00:00:00","PRINCE GEORGE COUNTY","##AB - Central Absentee Precinct","00","Local","0","704","0","0","704","0","0","0"
"2021 November General ","2021-11-02 00:00:00","PRINCE GEORGE COUNTY","##AB - Central Absentee Precinct","04","Congressional","9","704","0","0","713","0","0","0"
"2021 November General ","2021-11-02 00:00:00","PRINCE GEORGE COUNTY","##EV - Central Absentee Precinct","00","Local","0","3","0","0","3","0","0","0"
"2021 November General ","2021-11-02 00:00:00","PRINCE GEORGE COUNTY","##EV - Central Absentee Precinct","00","Local","0","46","0","0","46","0","0","0"
"2021 November General ","2021-11-02 00:00:00","PRINCE GEORGE COUNTY","##EV - Central Absentee Precinct","00","Local","0","3993","0","0","3993","0","0","0"
"2021 November General ","2021-11-02 00:00:00","PRINCE GEORGE COUNTY","##EV - Central Absentee Precinct","00","Local","0","4042","0","0","4042","0","0","0"
"2021 November General ","2021-11-02 00:00:00","PRINCE GEORGE COUNTY","##EV - Central Absentee Precinct","04","Congressional","0","4042","0","0","4042","0","0","0"
"2021 November General ","2021-11-02 00:00:00","PRINCE GEORGE COUNTY","##PE - Central Absentee Precinct","00","Local","0","0","0","0","0","0","0","0"
"2021 November General ","2021-11-02 00:00:00","PRINCE GEORGE COUNTY","##PE - Central Absentee Precinct","00","Local","0","44","0","0","44","0","0","0"
"2021 November General ","2021-11-02 00:00:00","PRINCE GEORGE COUNTY","##PE - Central Absentee Precinct","04","Congressional","0","44","0","0","44","0","0","0"
"2021 November General ","2021-11-02 00:00:00","PRINCE GEORGE COUNTY","101 - RICHARD BLAND","04","Congressional","0","0","6","0","6","1360","66","1426"
"2021 November General ","2021-11-02 00:00:00","PRINCE GEORGE COUNTY","101 - RICHARD BLAND","04","Congressional","0","0","611","0","611","1360","66","1426"
"2021 November General ","2021-11-02 00:00:00","PRINCE GEORGE COUNTY","102 - TEMPLETON","04","Congressional","6","0","1677","0","1683","3614","78","3692"
"2021 November General ","2021-11-02 00:00:00","PRINCE GEORGE COUNTY","103 - UNION BRANCH","04","Congressional","0","0","1005","0","1005","2224","77","2301"
"2021 November General ","2021-11-02 00:00:00","PRINCE GEORGE COUNTY","104 - RIVES","04","Congressional","1","0","590","0","591","1822","611","2433"
"2021 November General ","2021-11-02 00:00:00","PRINCE GEORGE COUNTY","105 - HARRISON","04","Congressional","0","0","412","0","412","836","19","855"
"2021 November General ","2021-11-02 00:00:00","PRINCE GEORGE COUNTY","201 - BLAND","04","Congressional","0","0","1082","0","1082","3558","140","3698"
"2021 November General ","2021-11-02 00:00:00","PRINCE GEORGE COUNTY","202 - BLACK WATER","04","Congressional","1","0","977","0","978","2465","75","2540"
"2021 November General ","2021-11-02 00:00:00","PRINCE GEORGE COUNTY","203 - BRANDON","04","Congressional","1","0","459","0","460","880","20","900"
"2021 November General ","2021-11-02 00:00:00","PRINCE GEORGE COUNTY","204 - COURTS BLDG","04","Congressional","3","0","1004","0","1007","3017","211","3228"
"2021 November General ","2021-11-02 00:00:00","PRINCE GEORGE COUNTY","205 - JEFFERSON PARK","04","Congressional","0","0","125","0","125","2582","560","3142"
"2021 November General ","2021-11-02 00:00:00","PRINCE GEORGE COUNTY","205 - JEFFERSON PARK","04","Congressional","0","0","541","0","541","2582","560","3142"
"2021 November General ","2021-11-02 00:00:00","PRINCE WILLIAM COUNTY","##AB - Central Absentee Precinct","00","Local","0","566","0","0","566","0","0","0"
"2021 November General ","2021-11-02 00:00:00","PRINCE WILLIAM COUNTY","##AB - Central Absentee Precinct","00","Local","0","771","0","0","771","0","0","0"
"2021 November General ","2021-11-02 00:00:00","PRINCE WILLIAM COUNTY","##AB - Central Absentee Precinct","00","Local","0","1430","0","0","1430","0","0","0"
"2021 November General ","2021-11-02 00:00:00","PRINCE WILLIAM COUNTY","##AB - Central Absentee Precinct","00","Local","0","1710","0","0","1710","0","0","0"
"2021 November General ","2021-11-02 00:00:00","PRINCE WILLIAM COUNTY","##AB - Central Absentee Precinct","00","Local","0","2618","0","0","2618","0","0","0"
"2021 November General ","2021-11-02 00:00:00","PRINCE WILLIAM COUNTY","##AB - Central Absentee Precinct","00","Local","0","2797","0","0","2797","0","0","0"
"2021 November General ","2021-11-02 00:00:00","PRINCE WILLIAM COUNTY","##AB - Central Absentee Precinct","00","Local","0","3218","0","0","3218","0","0","0"
"2021 November General ","2021-11-02 00:00:00","PRINCE WILLIAM COUNTY","##AB - Central Absentee Precinct","00","Local","0","4140","0","0","4140","0","0","0"
"2021 November General ","2021-11-02 00:00:00","PRINCE WILLIAM COUNTY","##AB - Central Absentee Precinct","00","Local","0","17323","0","0","17323","0","0","0"
"2021 November General ","2021-11-02 00:00:00","PRINCE WILLIAM COUNTY","##AB - Central Absentee Precinct","01","Congressional","0","7148","0","0","7148","0","0","0"
"2021 November General ","2021-11-02 00:00:00","PRINCE WILLIAM COUNTY","##AB - Central Absentee Precinct","10","Congressional","0","3371","0","0","3371","0","0","0"
"2021 November General ","2021-11-02 00:00:00","PRINCE WILLIAM COUNTY","##AB - Central Absentee Precinct","11","Congressional","0","6804","0","0","6804","0","0","0"
"2021 November General ","2021-11-02 00:00:00","PRINCE WILLIAM COUNTY","##EV - Central Absentee Precinct","00","Local","0","2317","0","0","2317","0","0","0"
"2021 November General ","2021-11-02 00:00:00","PRINCE WILLIAM COUNTY","##EV - Central Absentee Precinct","00","Local","0","3509","0","0","3509","0","0","0"
"2021 November General ","2021-11-02 00:00:00","PRINCE WILLIAM COUNTY","##EV - Central Absentee Precinct","00","Local","0","3954","0","0","3954","0","0","0"
"2021 November General ","2021-11-02 00:00:00","PRINCE WILLIAM COUNTY","##EV - Central Absentee Precinct","00","Local","0","4098","0","0","4098","0","0","0"
"2021 November General ","2021-11-02 00:00:00","PRINCE WILLIAM COUNTY","##EV - Central Absentee Precinct","00","Local","0","5500","0","0","5500","0","0","0"
"2021 November General ","2021-11-02 00:00:00","PRINCE WILLIAM COUNTY","##EV - Central Absentee Precinct","00","Local","0","6340","0","0","6340","0","0","0"
"2021 November General ","2021-11-02 00:00:00","PRINCE WILLIAM COUNTY","##EV - Central Absentee Precinct","00","Local","0","7282","0","0","7282","0","0","0"
"2021 November General ","2021-11-02 00:00:00","PRINCE WILLIAM COUNTY","##EV - Central Absentee Precinct","00","Local","0","9595","0","0","9595","0","0","0"
"2021 November General ","2021-11-02 00:00:00","PRINCE WILLIAM COUNTY","##EV - Central Absentee Precinct","00","Local","0","42776","0","0","42776","0","0","0"
"2021 November General ","2021-11-02 00:00:00","PRINCE WILLIAM COUNTY","##EV - Central Absentee Precinct","01","Congressional","0","17451","0","0","17451","0","0","0"
"2021 November General ","2021-11-02 00:00:00","PRINCE WILLIAM COUNTY","##EV - Central Absentee Precinct","10","Congressional","0","11889","0","0","11889","0","0","0"
"2021 November General ","2021-11-02 00:00:00","PRINCE WILLIAM COUNTY","##EV - Central Absentee Precinct","11","Congressional","0","13436","0","0","13436","0","0","0"
"2021 November General ","2021-11-02 00:00:00","PRINCE WILLIAM COUNTY","##PE - Central Absentee Precinct","00","Local","0","19","0","0","19","0","0","0"
"2021 November General ","2021-11-02 00:00:00","PRINCE WILLIAM COUNTY","##PE - Central Absentee Precinct","00","Local","0","39","0","0","39","0","0","0"
"2021 November General ","2021-11-02 00:00:00","PRINCE WILLIAM COUNTY","##PE - Central Absentee Precinct","00","Local","0","76","0","0","76","0","0","0"
"2021 November General ","2021-11-02 00:00:00","PRINCE WILLIAM COUNTY","##PE - Central Absentee Precinct","00","Local","0","87","0","0","87","0","0","0"
"2021 November General ","2021-11-02 00:00:00","PRINCE WILLIAM COUNTY","##PE - Central Absentee Precinct","00","Local","0","116","0","0","116","0","0","0"
"2021 November General ","2021-11-02 00:00:00","PRINCE WILLIAM COUNTY","##PE - Central Absentee Precinct","00","Local","0","126","0","0","126","0","0","0"
"2021 November General ","2021-11-02 00:00:00","PRINCE WILLIAM COUNTY","##PE - Central Absentee Precinct","00","Local","0","140","0","0","140","0","0","0"
"2021 November General ","2021-11-02 00:00:00","PRINCE WILLIAM COUNTY","##PE - Central Absentee Precinct","00","Local","0","191","0","0","191","0","0","0"
"2021 November General ","2021-11-02 00:00:00","PRINCE WILLIAM COUNTY","##PE - Central Absentee Precinct","00","Local","0","800","0","0","800","0","0","0"
"2021 November General ","2021-11-02 00:00:00","PRINCE WILLIAM COUNTY","##PE - Central Absentee Precinct","01","Congressional","0","361","0","0","361","0","0","0"
"2021 November General ","2021-11-02 00:00:00","PRINCE WILLIAM COUNTY","##PE - Central Absentee Precinct","10","Congressional","0","129","0","0","129","0","0","0"
"2021 November General ","2021-11-02 00:00:00","PRINCE WILLIAM COUNTY","##PE - Central Absentee Precinct","11","Congressional","0","310","0","0","310","0","0","0"
"2021 November General ","2021-11-02 00:00:00","PRINCE WILLIAM COUNTY","101 - BRENTSVILLE","01","Congressional","4","0","1318","3","1322","2923","100","3023"
"2021 November General ","2021-11-02 00:00:00","PRINCE WILLIAM COUNTY","102 - CEDAR POINT","01","Congressional","2","0","1690","3","1692","4435","216","4651"
"2021 November General ","2021-11-02 00:00:00","PRINCE WILLIAM COUNTY","103 - GLENKIRK","01","Congressional","3","0","1224","4","1227","3084","130","3214"
"2021 November General ","2021-11-02 00:00:00","PRINCE WILLIAM COUNTY","104 - NOKESVILLE","01","Congressional","6","0","1444","3","1450","3588","142","3730"
"2021 November General ","2021-11-02 00:00:00","PRINCE WILLIAM COUNTY","105 - LIMESTONE","01","Congressional","5","0","1642","5","1647","4551","278","4829"
"2021 November General ","2021-11-02 00:00:00","PRINCE WILLIAM COUNTY","106 - WESTGATE","01","Congressional","5","0","604","2","609","2704","298","3002"
"2021 November General ","2021-11-02 00:00:00","PRINCE WILLIAM COUNTY","107 - MARSTELLER","01","Congressional","6","0","1642","6","1648","4559","204","4763"
"2021 November General ","2021-11-02 00:00:00","PRINCE WILLIAM COUNTY","108 - VICTORY","01","Congressional","3","0","1821","7","1824","4900","215","5115"
"2021 November General ","2021-11-02 00:00:00","PRINCE WILLIAM COUNTY","109 - CHRIS YUNG","01","Congressional","2","0","1403","5","1405","3893","223","4116"
"2021 November General ","2021-11-02 00:00:00","PRINCE WILLIAM COUNTY","110 - BUCKLAND MILLS","01","Congressional","5","0","319","0","324","3199","218","3417"
"2021 November General ","2021-11-02 00:00:00","PRINCE WILLIAM COUNTY","110 - BUCKLAND MILLS","10","Congressional","5","0","634","0","639","3199","218","3417"
"2021 November General ","2021-11-02 00:00:00","PRINCE WILLIAM COUNTY","111 - BRISTOW RUN","01","Congressional","1","0","711","1","712","1941","97","2038"
"2021 November General ","2021-11-02 00:00:00","PRINCE WILLIAM COUNTY","112 - BURKE-NICKENS","01","Congressional","2","0","120","1","122","4451","192","4643"
"2021 November General ","2021-11-02 00:00:00","PRINCE WILLIAM COUNTY","112 - BURKE-NICKENS","10","Congressional","2","0","1336","5","1338","4451","192","4643"
"2021 November General ","2021-11-02 00:00:00","PRINCE WILLIAM COUNTY","114 - PINEY BRANCH","01","Congressional","6","0","1125","2","1131","2964","158","3122"
"2021 November General ","2021-11-02 00:00:00","PRINCE WILLIAM COUNTY","201 - SAUNDERS","11","Congressional","7","0","948","3","955","2625","117","2742"
"2021 November General ","2021-11-02 00:00:00","PRINCE WILLIAM COUNTY","202 - MARSHALL","01","Congressional","3","0","1280","4","1283","3286","149","3435"
"2021 November General ","2021-11-02 00:00:00","PRINCE WILLIAM COUNTY","203 - BENNETT","01","Congressional","6","0","1210","4","1216","3435","169","3604"
"2021 November General ","2021-11-02 00:00:00","PRINCE WILLIAM COUNTY","204 - ELLIS","01","Congressional","1","0","140","0","141","3113","180","3293"
"2021 November General ","2021-11-02 00:00:00","PRINCE WILLIAM COUNTY","204 - ELLIS","01","Congressional","1","0","715","1","716","3113","180","3293"
"2021 November General ","2021-11-02 00:00:00","PRINCE WILLIAM COUNTY","205 - BUCKHALL","10","Congressional","4","0","1326","6","1330","3785","166","3951"
"2021 November General ","2021-11-02 00:00:00","PRINCE WILLIAM COUNTY","206 - COLES","01","Congressional","8","0","1031","4","1039","2461","101","2562"
"2021 November General ","2021-11-02 00:00:00","PRINCE WILLIAM COUNTY","207 - SPRIGGS","01","Congressional","5","0","1367","4","1372","3949","163","4112"
"2021 November General ","2021-11-02 00:00:00","PRINCE WILLIAM COUNTY","208 - HYLTON","01","Congressional","3","0","993","0","996","2486","94","2580"
"2021 November General ","2021-11-02 00:00:00","PRINCE WILLIAM COUNTY","209 - INDEPENDENT HILL","01","Congressional","3","0","928","0","931","2258","95","2353"
"2021 November General ","2021-11-02 00:00:00","PRINCE WILLIAM COUNTY","210 - PENN","01","Congressional","3","0","1035","2","1038","3173","108","3281"
"2021 November General ","2021-11-02 00:00:00","PRINCE WILLIAM COUNTY","210 - PENN","11","Congressional","3","0","104","0","107","3173","108","3281"
"2021 November General ","2021-11-02 00:00:00","PRINCE WILLIAM COUNTY","211 - SIGNAL HILL","10","Congressional","3","0","1176","4","1179","3354","179","3533"
"2021 November General ","2021-11-02 00:00:00","PRINCE WILLIAM COUNTY","212 - YORKSHIRE","10","Congressional","4","0","1241","4","1245","4644","292","4936"
"2021 November General ","2021-11-02 00:00:00","PRINCE WILLIAM COUNTY","213 - SARATOGA","01","Congressional","0","0","669","3","669","2001","102","2103"
"2021 November General ","2021-11-02 00:00:00","PRINCE WILLIAM COUNTY","214 - LUCASVILLE","01","Congressional","2","0","815","2","817","1931","74","2005"
"2021 November General ","2021-11-02 00:00:00","PRINCE WILLIAM COUNTY","215 - ROSA PARKS","11","Congressional","3","0","962","2","965","2523","120","2643"
"2021 November General ","2021-11-02 00:00:00","PRINCE WILLIAM COUNTY","301 - DUMFRIES","11","Congressional","0","0","610","1","610","2686","150","2836"
"2021 November General ","2021-11-02 00:00:00","PRINCE WILLIAM COUNTY","302 - POTOMAC","11","Congressional","7","0","806","3","813","2978","233","3211"
"2021 November General ","2021-11-02 00:00:00","PRINCE WILLIAM COUNTY","303 - GRAHAM PARK","11","Congressional","1","0","528","1","529","2106","202","2308"
"2021 November General ","2021-11-02 00:00:00","PRINCE WILLIAM COUNTY","304 - QUANTICO","01","Congressional","4","0","136","1","140","962","241","1203"
"2021 November General ","2021-11-02 00:00:00","PRINCE WILLIAM COUNTY","305 - PATTIE","01","Congressional","11","0","1077","3","1088","3003","172","3175"
"2021 November General ","2021-11-02 00:00:00","PRINCE WILLIAM COUNTY","306 - WASHINGTON-REID","01","Congressional","3","0","997","1","1000","3231","156","3387"
"2021 November General ","2021-11-02 00:00:00","PRINCE WILLIAM COUNTY","307 - HENDERSON","01","Congressional","7","0","1017","3","1024","2742","148","2890"
"2021 November General ","2021-11-02 00:00:00","PRINCE WILLIAM COUNTY","308 - MONTCLAIR","01","Congressional","0","0","755","1","755","1823","96","1919"
"2021 November General ","2021-11-02 00:00:00","PRINCE WILLIAM COUNTY","309 - ASHLAND ","01","Congressional","4","0","956","0","960","2242","145","2387"
"2021 November General ","2021-11-02 00:00:00","PRINCE WILLIAM COUNTY","310 - FOREST PARK","01","Congressional","4","0","844","0","848","2759","190","2949"
"2021 November General ","2021-11-02 00:00:00","PRINCE WILLIAM COUNTY","311 - SWANS CREEK","11","Congressional","8","0","1931","11","1939","5900","257","6157"
"2021 November General ","2021-11-02 00:00:00","PRINCE WILLIAM COUNTY","312 - TRIANGLE ","01","Congressional","8","0","204","4","212","3367","224","3591"
"2021 November General ","2021-11-02 00:00:00","PRINCE WILLIAM COUNTY","312 - TRIANGLE ","11","Congressional","8","0","795","2","803","3367","224","3591"
"2021 November General ","2021-11-02 00:00:00","PRINCE WILLIAM COUNTY","313 - CARDINAL","01","Congressional","5","0","862","2","867","2479","146","2625"
"2021 November General ","2021-11-02 00:00:00","PRINCE WILLIAM COUNTY","314 - CABIN BRANCH","01","Congressional","3","0","856","5","859","2356","116","2472"
"2021 November General ","2021-11-02 00:00:00","PRINCE WILLIAM COUNTY","315 - WILLIAMS","11","Congressional","3","0","477","1","480","1858","180","2038"
"2021 November General ","2021-11-02 00:00:00","PRINCE WILLIAM COUNTY","401 - EVERGREEN","10","Congressional","3","0","1178","5","1181","3198","122","3320"
"2021 November General ","2021-11-02 00:00:00","PRINCE WILLIAM COUNTY","402 - BATTLEFIELD","10","Congressional","4","0","1142","3","1146","3906","186","4092"
"2021 November General ","2021-11-02 00:00:00","PRINCE WILLIAM COUNTY","403 - BULL RUN","10","Congressional","3","0","394","0","397","3169","134","3303"
"2021 November General ","2021-11-02 00:00:00","PRINCE WILLIAM COUNTY","403 - BULL RUN","10","Congressional","3","0","523","0","526","3169","134","3303"
"2021 November General ","2021-11-02 00:00:00","PRINCE WILLIAM COUNTY","404 - BEN LOMOND","01","Congressional","6","0","793","0","799","3283","307","3590"
"2021 November General ","2021-11-02 00:00:00","PRINCE WILLIAM COUNTY","405 - UNITY BRAXTON","01","Congressional","2","0","1032","4","1034","3774","374","4148"
"2021 November General ","2021-11-02 00:00:00","PRINCE WILLIAM COUNTY","406 - ALVEY","10","Congressional","0","0","335","0","335","1855","59","1914"
"2021 November General ","2021-11-02 00:00:00","PRINCE WILLIAM COUNTY","407 - HERITAGE HUNT","10","Congressional","5","0","1096","6","1101","3999","164","4163"
"2021 November General ","2021-11-02 00:00:00","PRINCE WILLIAM COUNTY","408 - SUDLEY","01","Congressional","2","0","44","0","46","2026","99","2125"
"2021 November General ","2021-11-02 00:00:00","PRINCE WILLIAM COUNTY","408 - SUDLEY","01","Congressional","2","0","713","0","715","2026","99","2125"
"2021 November General ","2021-11-02 00:00:00","PRINCE WILLIAM COUNTY","409 - TYLER","10","Congressional","3","0","1194","5","1197","3742","203","3945"
"2021 November General ","2021-11-02 00:00:00","PRINCE WILLIAM COUNTY","410 - MOUNTAIN VIEW","10","Congressional","0","0","1028","3","1028","4110","240","4350"
"2021 November General ","2021-11-02 00:00:00","PRINCE WILLIAM COUNTY","411 - MULLEN","01","Congressional","12","0","962","2","974","3783","276","4059"
"2021 November General ","2021-11-02 00:00:00","PRINCE WILLIAM COUNTY","412 - CATHARPIN","10","Congressional","2","0","810","2","812","2168","79","2247"
"2021 November General ","2021-11-02 00:00:00","PRINCE WILLIAM COUNTY","413 - REAGAN","10","Congressional","6","0","618","1","624","4881","234","5115"
"2021 November General ","2021-11-02 00:00:00","PRINCE WILLIAM COUNTY","413 - REAGAN","10","Congressional","6","0","774","0","780","4881","234","5115"
"2021 November General ","2021-11-02 00:00:00","PRINCE WILLIAM COUNTY","501 - LAKE RIDGE","01","Congressional","1","0","1044","4","1045","2857","155","3012"
"2021 November General ","2021-11-02 00:00:00","PRINCE WILLIAM COUNTY","502 - OCCOQUAN","11","Congressional","0","0","696","1","696","2113","125","2238"
"2021 November General ","2021-11-02 00:00:00","PRINCE WILLIAM COUNTY","503 - OLD BRIDGE","11","Congressional","2","0","803","2","805","2700","232","2932"
"2021 November General ","2021-11-02 00:00:00","PRINCE WILLIAM COUNTY","504 - ROCKLEDGE","11","Congressional","1","0","756","2","757","2250","96","2346"
"2021 November General ","2021-11-02 00:00:00","PRINCE WILLIAM COUNTY","505 - MOHICAN","01","Congressional","8","0","1162","4","1170","3001","158","3159"
"2021 November General ","2021-11-02 00:00:00","PRINCE WILLIAM COUNTY","506 - BETHEL","11","Congressional","1","0","15","0","16","4094","206","4300"
"2021 November General ","2021-11-02 00:00:00","PRINCE WILLIAM COUNTY","506 - BETHEL","11","Congressional","1","0","1054","3","1055","4094","206","4300"
"2021 November General ","2021-11-02 00:00:00","PRINCE WILLIAM COUNTY","507 - CHINN","11","Congressional","2","0","930","1","932","2799","138","2937"
"2021 November General ","2021-11-02 00:00:00","PRINCE WILLIAM COUNTY","508 - SPRINGWOODS","01","Congressional","6","0","752","0","758","2263","130","2393"
"2021 November General ","2021-11-02 00:00:00","PRINCE WILLIAM COUNTY","509 - MC COART","01","Congressional","4","0","1221","3","1225","3447","157","3604"
"2021 November General ","2021-11-02 00:00:00","PRINCE WILLIAM COUNTY","510 - YATES FORD","10","Congressional","1","0","939","1","940","1936","87","2023"
"2021 November General ","2021-11-02 00:00:00","PRINCE WILLIAM COUNTY","511 - WESTRIDGE","01","Congressional","4","0","1262","4","1266","3517","206","3723"
"2021 November General ","2021-11-02 00:00:00","PRINCE WILLIAM COUNTY","512 - YORK","11","Congressional","2","0","892","0","894","3379","246","3625"
"2021 November General ","2021-11-02 00:00:00","PRINCE WILLIAM COUNTY","513 - LYNNWOOD","11","Congressional","2","0","992","0","994","2964","141","3105"
"2021 November General ","2021-11-02 00:00:00","PRINCE WILLIAM COUNTY","514 - ANTIETAM","11","Congressional","2","0","1239","3","1241","3337","169","3506"
"2021 November General ","2021-11-02 00:00:00","PRINCE WILLIAM COUNTY","601 - DALE","11","Congressional","2","0","754","1","756","2903","171","3074"
"2021 November General ","2021-11-02 00:00:00","PRINCE WILLIAM COUNTY","602 - BEVILLE","11","Congressional","9","0","1292","5","1301","4364","229","4593"
"2021 November General ","2021-11-02 00:00:00","PRINCE WILLIAM COUNTY","603 - HAMPTON","11","Congressional","3","0","665","0","668","2439","149","2588"
"2021 November General ","2021-11-02 00:00:00","PRINCE WILLIAM COUNTY","604 - GIDEON","11","Congressional","5","0","732","0","737","2961","170","3131"
"2021 November General ","2021-11-02 00:00:00","PRINCE WILLIAM COUNTY","605 - MINNIEVILLE","11","Congressional","7","0","85","0","92","2817","139","2956"
"2021 November General ","2021-11-02 00:00:00","PRINCE WILLIAM COUNTY","605 - MINNIEVILLE","11","Congressional","7","0","654","1","661","2817","139","2956"
"2021 November General ","2021-11-02 00:00:00","PRINCE WILLIAM COUNTY","606 - BEL AIR","11","Congressional","2","0","767","0","769","2826","139","2965"
"2021 November General ","2021-11-02 00:00:00","PRINCE WILLIAM COUNTY","607 - KERRYDALE","11","Congressional","4","0","1040","6","1044","3514","211","3725"
"2021 November General ","2021-11-02 00:00:00","PRINCE WILLIAM COUNTY","608 - ENTERPRISE","11","Congressional","2","0","864","2","866","2814","141","2955"
"2021 November General ","2021-11-02 00:00:00","PRINCE WILLIAM COUNTY","609 - KING","01","Congressional","6","0","46","0","52","3564","175","3739"
"2021 November General ","2021-11-02 00:00:00","PRINCE WILLIAM COUNTY","609 - KING","11","Congressional","6","0","1175","0","1181","3564","175","3739"
"2021 November General ","2021-11-02 00:00:00","PRINCE WILLIAM COUNTY","610 - FITZGERALD","11","Congressional","7","0","1073","12","1080","3597","216","3813"
"2021 November General ","2021-11-02 00:00:00","PRINCE WILLIAM COUNTY","611 - NEABSCO","11","Congressional","5","0","728","0","733","2337","182","2519"
"2021 November General ","2021-11-02 00:00:00","PRINCE WILLIAM COUNTY","701 - BELMONT","11","Congressional","3","0","981","0","984","3318","284","3602"
"2021 November General ","2021-11-02 00:00:00","PRINCE WILLIAM COUNTY","702 - LIBRARY","11","Congressional","8","0","918","0","926","3300","316","3616"
"2021 November General ","2021-11-02 00:00:00","PRINCE WILLIAM COUNTY","703 - LYNN","11","Congressional","1","0","446","0","447","2038","197","2235"
"2021 November General ","2021-11-02 00:00:00","PRINCE WILLIAM COUNTY","704 - PORTER","11","Congressional","5","0","791","0","796","3127","275","3402"
"2021 November General ","2021-11-02 00:00:00","PRINCE WILLIAM COUNTY","705 - POTOMAC VIEW","11","Congressional","1","0","586","0","587","2223","139","2362"
"2021 November General ","2021-11-02 00:00:00","PRINCE WILLIAM COUNTY","706 - RIPPON","11","Congressional","4","0","979","2","983","3432","190","3622"
"2021 November General ","2021-11-02 00:00:00","PRINCE WILLIAM COUNTY","707 - KILBY","11","Congressional","5","0","743","0","748","2723","172","2895"
"2021 November General ","2021-11-02 00:00:00","PRINCE WILLIAM COUNTY","708 - RIVER OAKS","11","Congressional","4","0","972","0","976","3445","273","3718"
"2021 November General ","2021-11-02 00:00:00","PRINCE WILLIAM COUNTY","709 - FREEDOM","11","Congressional","12","0","235","1","247","3582","282","3864"
"2021 November General ","2021-11-02 00:00:00","PRINCE WILLIAM COUNTY","709 - FREEDOM","11","Congressional","12","0","698","2","710","3582","282","3864"
"2021 November General ","2021-11-02 00:00:00","PRINCE WILLIAM COUNTY","710 - POWELLS CREEK","11","Congressional","6","0","832","2","838","3140","263","3403"
"2021 November General ","2021-11-02 00:00:00","PRINCE WILLIAM COUNTY","711 - GRAYSON","11","Congressional","4","0","830","2","834","3678","280","3958"
"2021 November General ","2021-11-02 00:00:00","PRINCE WILLIAM COUNTY","712 - LEESYLVANIA","11","Congressional","4","0","1023","4","1027","2942","179","3121"
"2021 November General ","2021-11-02 00:00:00","PULASKI COUNTY","##AB - Central Absentee Precinct","00","Local","0","208","0","0","208","0","0","0"
"2021 November General ","2021-11-02 00:00:00","PULASKI COUNTY","##AB - Central Absentee Precinct","00","Local","0","810","0","0","810","0","0","0"
"2021 November General ","2021-11-02 00:00:00","PULASKI COUNTY","##AB - Central Absentee Precinct","00","Local","0","1025","0","0","1025","0","0","0"
"2021 November General ","2021-11-02 00:00:00","PULASKI COUNTY","##AB - Central Absentee Precinct","09","Congressional","0","1025","0","0","1025","0","0","0"
"2021 November General ","2021-11-02 00:00:00","PULASKI COUNTY","##EV - Central Absentee Precinct","00","Local","0","456","0","0","456","0","0","0"
"2021 November General ","2021-11-02 00:00:00","PULASKI COUNTY","##EV - Central Absentee Precinct","00","Local","0","2725","0","26","2725","0","0","0"
"2021 November General ","2021-11-02 00:00:00","PULASKI COUNTY","##EV - Central Absentee Precinct","00","Local","0","3181","0","26","3181","0","0","0"
"2021 November General ","2021-11-02 00:00:00","PULASKI COUNTY","##EV - Central Absentee Precinct","09","Congressional","0","3181","0","26","3181","0","0","0"
"2021 November General ","2021-11-02 00:00:00","PULASKI COUNTY","##PE - Central Absentee Precinct","00","Local","0","5","0","0","5","0","0","0"
"2021 November General ","2021-11-02 00:00:00","PULASKI COUNTY","##PE - Central Absentee Precinct","00","Local","0","17","0","0","17","0","0","0"
"2021 November General ","2021-11-02 00:00:00","PULASKI COUNTY","##PE - Central Absentee Precinct","00","Local","0","22","0","0","22","0","0","0"
"2021 November General ","2021-11-02 00:00:00","PULASKI COUNTY","##PE - Central Absentee Precinct","09","Congressional","0","22","0","0","22","0","0","0"
"2021 November General ","2021-11-02 00:00:00","PULASKI COUNTY","101 - BELSPRING","09","Congressional","3","0","476","4","479","896","13","909"
"2021 November General ","2021-11-02 00:00:00","PULASKI COUNTY","102 - NEW RIVER","09","Congressional","2","0","19","0","21","2805","86","2891"
"2021 November General ","2021-11-02 00:00:00","PULASKI COUNTY","102 - NEW RIVER","09","Congressional","2","0","1151","8","1153","2805","86","2891"
"2021 November General ","2021-11-02 00:00:00","PULASKI COUNTY","103 - WEST CLOYD","09","Congressional","0","0","612","4","612","1410","19","1429"
"2021 November General ","2021-11-02 00:00:00","PULASKI COUNTY","201 - DRAPER","09","Congressional","1","0","754","1","755","1614","22","1636"
"2021 November General ","2021-11-02 00:00:00","PULASKI COUNTY","202 - SOUTH PULASKI","09","Congressional","0","0","121","0","121","476","19","495"
"2021 November General ","2021-11-02 00:00:00","PULASKI COUNTY","203 - NEWBERN","09","Congressional","1","0","1067","4","1068","2663","85","2748"
"2021 November General ","2021-11-02 00:00:00","PULASKI COUNTY","301 - DUBLIN","09","Congressional","0","0","950","2","950","2425","69","2494"
"2021 November General ","2021-11-02 00:00:00","PULASKI COUNTY","302 - HIWASSEE","09","Congressional","0","0","259","2","259","553","6","559"
"2021 November General ","2021-11-02 00:00:00","PULASKI COUNTY","304 - SNOWVILLE","09","Congressional","0","0","653","2","653","1270","32","1302"
"2021 November General ","2021-11-02 00:00:00","PULASKI COUNTY","401 - MASSIE","09","Congressional","1","0","1088","5","1089","3493","100","3593"
"2021 November General ","2021-11-02 00:00:00","PULASKI COUNTY","402 - WALKER","09","Congressional","0","0","481","3","481","996","19","1015"
"2021 November General ","2021-11-02 00:00:00","PULASKI COUNTY","501 - ROBINSON","09","Congressional","4","0","1151","6","1155","4153","118","4271"
"2021 November General ","2021-11-02 00:00:00","RADFORD CITY","##AB - Central Absentee Precinct","00","Local","0","311","0","0","311","0","0","0"
"2021 November General ","2021-11-02 00:00:00","RADFORD CITY","##AB - Central Absentee Precinct","09","Congressional","0","311","0","0","311","0","0","0"
"2021 November General ","2021-11-02 00:00:00","RADFORD CITY","##EV - Central Absentee Precinct","00","Local","0","1305","0","0","1305","0","0","0"
"2021 November General ","2021-11-02 00:00:00","RADFORD CITY","##EV - Central Absentee Precinct","09","Congressional","0","1305","0","0","1305","0","0","0"
"2021 November General ","2021-11-02 00:00:00","RADFORD CITY","##PE - Central Absentee Precinct","00","Local","0","1","0","0","1","0","0","0"
"2021 November General ","2021-11-02 00:00:00","RADFORD CITY","##PE - Central Absentee Precinct","09","Congressional","0","1","0","0","1","0","0","0"
"2021 November General ","2021-11-02 00:00:00","RADFORD CITY","001 - EAST PRECINCT","09","Congressional","4","0","498","0","502","2103","241","2344"
"2021 November General ","2021-11-02 00:00:00","RADFORD CITY","002 - CENTRAL PRECINCT","09","Congressional","0","0","800","1","800","2139","147","2286"
"2021 November General ","2021-11-02 00:00:00","RADFORD CITY","003 - WEST PRECINCT","09","Congressional","2","0","913","1","915","2556","100","2656"
"2021 November General ","2021-11-02 00:00:00","RADFORD CITY","004 - NEW RIVER PRECINCT","09","Congressional","3","0","374","1","377","1652","445","2097"
"2021 November General ","2021-11-02 00:00:00","RAPPAHANNOCK COUNTY","##AB - Central Absentee Precinct","00","Local","0","428","0","0","428","0","0","0"
"2021 November General ","2021-11-02 00:00:00","RAPPAHANNOCK COUNTY","##AB - Central Absentee Precinct","05","Congressional","0","428","0","0","428","0","0","0"
"2021 November General ","2021-11-02 00:00:00","RAPPAHANNOCK COUNTY","##EV - Central Absentee Precinct","00","Local","0","796","0","0","796","0","0","0"
"2021 November General ","2021-11-02 00:00:00","RAPPAHANNOCK COUNTY","##EV - Central Absentee Precinct","05","Congressional","0","796","0","0","796","0","0","0"
"2021 November General ","2021-11-02 00:00:00","RAPPAHANNOCK COUNTY","##PE - Central Absentee Precinct","00","Local","0","9","0","0","9","0","0","0"
"2021 November General ","2021-11-02 00:00:00","RAPPAHANNOCK COUNTY","##PE - Central Absentee Precinct","05","Congressional","0","9","0","0","9","0","0","0"
"2021 November General ","2021-11-02 00:00:00","RAPPAHANNOCK COUNTY","101 - WASHINGTON","05","Congressional","0","0","579","0","579","1237","40","1277"
"2021 November General ","2021-11-02 00:00:00","RAPPAHANNOCK COUNTY","201 - AMISSVILLE","05","Congressional","0","0","654","0","654","1208","36","1244"
"2021 November General ","2021-11-02 00:00:00","RAPPAHANNOCK COUNTY","301 - SPERRYVILLE","05","Congressional","0","0","563","0","563","1089","29","1118"
"2021 November General ","2021-11-02 00:00:00","RAPPAHANNOCK COUNTY","401 - SCRABBLE","05","Congressional","1","0","557","0","558","1177","39","1216"
"2021 November General ","2021-11-02 00:00:00","RAPPAHANNOCK COUNTY","501 - CHESTER GAP","05","Congressional","0","0","300","0","300","541","12","553"
"2021 November General ","2021-11-02 00:00:00","RAPPAHANNOCK COUNTY","502 - FLINT HILL","05","Congressional","0","0","334","0","334","714","26","740"
"2021 November General ","2021-11-02 00:00:00","RICHMOND CITY","##AB - Central Absentee Precinct","00","Local","0","0","0","0","0","0","0","0"
"2021 November General ","2021-11-02 00:00:00","RICHMOND CITY","##AB - Central Absentee Precinct","00","Local","0","2","0","0","2","0","0","0"
"2021 November General ","2021-11-02 00:00:00","RICHMOND CITY","##AB - Central Absentee Precinct","00","Local","0","3","0","0","3","0","0","0"
"2021 November General ","2021-11-02 00:00:00","RICHMOND CITY","##AB - Central Absentee Precinct","00","Local","0","4","0","0","4","0","0","0"
"2021 November General ","2021-11-02 00:00:00","RICHMOND CITY","##AB - Central Absentee Precinct","00","Local","0","190","0","0","190","0","0","0"
"2021 November General ","2021-11-02 00:00:00","RICHMOND CITY","##AB - Central Absentee Precinct","00","Local","0","1663","0","0","1663","0","0","0"
"2021 November General ","2021-11-02 00:00:00","RICHMOND CITY","##AB - Central Absentee Precinct","00","Local","0","2129","0","0","2129","0","0","0"
"2021 November General ","2021-11-02 00:00:00","RICHMOND CITY","##AB - Central Absentee Precinct","00","Local","0","2200","0","0","2200","0","0","0"
"2021 November General ","2021-11-02 00:00:00","RICHMOND CITY","##AB - Central Absentee Precinct","00","Local","0","6221","0","0","6221","0","0","0"
"2021 November General ","2021-11-02 00:00:00","RICHMOND CITY","##AB - Central Absentee Precinct","04","Congressional","0","6221","0","0","6221","0","0","0"
"2021 November General ","2021-11-02 00:00:00","RICHMOND CITY","##EV - Central Absentee Precinct","00","Local","0","0","0","0","0","0","0","0"
"2021 November General ","2021-11-02 00:00:00","RICHMOND CITY","##EV - Central Absentee Precinct","00","Local","0","3","0","0","3","0","0","0"
"2021 November General ","2021-11-02 00:00:00","RICHMOND CITY","##EV - Central Absentee Precinct","00","Local","0","16","0","0","16","0","0","0"
"2021 November General ","2021-11-02 00:00:00","RICHMOND CITY","##EV - Central Absentee Precinct","00","Local","0","31","0","0","31","0","0","0"
"2021 November General ","2021-11-02 00:00:00","RICHMOND CITY","##EV - Central Absentee Precinct","00","Local","0","666","0","0","666","0","0","0"
"2021 November General ","2021-11-02 00:00:00","RICHMOND CITY","##EV - Central Absentee Precinct","00","Local","0","5047","0","0","5047","0","0","0"
"2021 November General ","2021-11-02 00:00:00","RICHMOND CITY","##EV - Central Absentee Precinct","00","Local","0","6899","0","0","6899","0","0","0"
"2021 November General ","2021-11-02 00:00:00","RICHMOND CITY","##EV - Central Absentee Precinct","00","Local","0","7901","0","0","7901","0","0","0"
"2021 November General ","2021-11-02 00:00:00","RICHMOND CITY","##EV - Central Absentee Precinct","00","Local","0","20563","0","0","20563","0","0","0"
"2021 November General ","2021-11-02 00:00:00","RICHMOND CITY","##EV - Central Absentee Precinct","04","Congressional","0","20563","0","0","20563","0","0","0"
"2021 November General ","2021-11-02 00:00:00","RICHMOND CITY","##PE - Central Absentee Precinct","00","Local","0","0","0","0","0","0","0","0"
"2021 November General ","2021-11-02 00:00:00","RICHMOND CITY","##PE - Central Absentee Precinct","00","Local","0","1","0","0","1","0","0","0"
"2021 November General ","2021-11-02 00:00:00","RICHMOND CITY","##PE - Central Absentee Precinct","00","Local","0","38","0","0","38","0","0","0"
"2021 November General ","2021-11-02 00:00:00","RICHMOND CITY","##PE - Central Absentee Precinct","00","Local","0","112","0","0","112","0","0","0"
"2021 November General ","2021-11-02 00:00:00","RICHMOND CITY","##PE - Central Absentee Precinct","00","Local","0","165","0","0","165","0","0","0"
"2021 November General ","2021-11-02 00:00:00","RICHMOND CITY","##PE - Central Absentee Precinct","00","Local","0","282","0","0","282","0","0","0"
"2021 November General ","2021-11-02 00:00:00","RICHMOND CITY","##PE - Central Absentee Precinct","00","Local","0","598","0","0","598","0","0","0"
"2021 November General ","2021-11-02 00:00:00","RICHMOND CITY","##PE - Central Absentee Precinct","04","Congressional","0","598","0","0","598","0","0","0"
"2021 November General ","2021-11-02 00:00:00","RICHMOND CITY","101 - ONE HUNDRED ONE","04","Congressional","2","0","2","0","4","1244","499","1743"
"2021 November General ","2021-11-02 00:00:00","RICHMOND CITY","101 - ONE HUNDRED ONE","04","Congressional","2","0","402","1","404","1244","499","1743"
"2021 November General ","2021-11-02 00:00:00","RICHMOND CITY","102 - ONE HUNDRED TWO","04","Congressional","0","0","0","0","0","1242","43","1285"
"2021 November General ","2021-11-02 00:00:00","RICHMOND CITY","102 - ONE HUNDRED TWO","04","Congressional","0","0","650","3","650","1242","43","1285"
"2021 November General ","2021-11-02 00:00:00","RICHMOND CITY","104 - ONE HUNDRED FOUR","04","Congressional","3","0","0","0","3","1976","79","2055"
"2021 November General ","2021-11-02 00:00:00","RICHMOND CITY","104 - ONE HUNDRED FOUR","04","Congressional","3","0","1077","3","1080","1976","79","2055"
"2021 November General ","2021-11-02 00:00:00","RICHMOND CITY","105 - ONE HUNDRED FIVE","04","Congressional","0","0","1002","1","1002","1854","108","1962"
"2021 November General ","2021-11-02 00:00:00","RICHMOND CITY","106 - ONE HUNDRED SIX","04","Congressional","2","0","1026","4","1028","2076","75","2151"
"2021 November General ","2021-11-02 00:00:00","RICHMOND CITY","111 - ONE HUNDRED ELEVEN","04","Congressional","4","0","17","0","21","1684","98","1782"
"2021 November General ","2021-11-02 00:00:00","RICHMOND CITY","111 - ONE HUNDRED ELEVEN","04","Congressional","4","0","891","6","895","1684","98","1782"
"2021 November General ","2021-11-02 00:00:00","RICHMOND CITY","112 - ONE HUNDRED TWELVE","04","Congressional","1","0","737","0","738","1471","92","1563"
"2021 November General ","2021-11-02 00:00:00","RICHMOND CITY","113 - ONE HUNDRED THIRTEEN","04","Congressional","4","0","1178","0","1182","2280","182","2462"
"2021 November General ","2021-11-02 00:00:00","RICHMOND CITY","114 - ONE HUNDRED FOURTEEN","04","Congressional","2","0","1324","0","1326","2723","231","2954"
"2021 November General ","2021-11-02 00:00:00","RICHMOND CITY","115 - ONE HUNDRED FIFTEEN","04","Congressional","0","0","802","2","802","1504","55","1559"
"2021 November General ","2021-11-02 00:00:00","RICHMOND CITY","203 - TWO HUNDRED THREE","04","Congressional","0","0","563","6","563","1678","53","1731"
"2021 November General ","2021-11-02 00:00:00","RICHMOND CITY","204 - TWO HUNDRED FOUR","04","Congressional","1","0","1108","2","1109","2455","329","2784"
"2021 November General ","2021-11-02 00:00:00","RICHMOND CITY","206 - TWO HUNDRED SIX","04","Congressional","2","0","419","9","421","1301","218","1519"
"2021 November General ","2021-11-02 00:00:00","RICHMOND CITY","207 - TWO HUNDRED SEVEN","04","Congressional","2","0","1195","1","1197","2502","278","2780"
"2021 November General ","2021-11-02 00:00:00","RICHMOND CITY","208 - TWO HUNDRED EIGHT","04","Congressional","0","0","1058","11","1058","2114","194","2308"
"2021 November General ","2021-11-02 00:00:00","RICHMOND CITY","213 - TWO HUNDRED THIRTEEN","04","Congressional","37","0","1055","7","1092","3471","539","4010"
"2021 November General ","2021-11-02 00:00:00","RICHMOND CITY","214 - TWO HUNDRED FOURTEEN","04","Congressional","1","0","466","0","467","1711","401","2112"
"2021 November General ","2021-11-02 00:00:00","RICHMOND CITY","215 - TWO HUNDRED FIFTEEN","04","Congressional","0","0","1","0","1","2082","258","2340"
"2021 November General ","2021-11-02 00:00:00","RICHMOND CITY","215 - TWO HUNDRED FIFTEEN","04","Congressional","0","0","819","2","819","2082","258","2340"
"2021 November General ","2021-11-02 00:00:00","RICHMOND CITY","301 - THREE HUNDRED ONE","04","Congressional","0","0","0","0","0","1416","214","1630"
"2021 November General ","2021-11-02 00:00:00","RICHMOND CITY","301 - THREE HUNDRED ONE","04","Congressional","0","0","360","13","360","1416","214","1630"
"2021 November General ","2021-11-02 00:00:00","RICHMOND CITY","302 - THREE HUNDRED TWO","04","Congressional","1","0","469","4","470","1459","131","1590"
"2021 November General ","2021-11-02 00:00:00","RICHMOND CITY","303 - THREE HUNDRED THREE","04","Congressional","0","0","1","0","1","1197","82","1279"
"2021 November General ","2021-11-02 00:00:00","RICHMOND CITY","303 - THREE HUNDRED THREE","04","Congressional","0","0","477","5","477","1197","82","1279"
"2021 November General ","2021-11-02 00:00:00","RICHMOND CITY","304 - THREE HUNDRED FOUR","04","Congressional","1","0","3","0","4","1912","157","2069"
"2021 November General ","2021-11-02 00:00:00","RICHMOND CITY","304 - THREE HUNDRED FOUR","04","Congressional","1","0","680","25","681","1912","157","2069"
"2021 November General ","2021-11-02 00:00:00","RICHMOND CITY","305 - THREE HUNDRED FIVE","04","Congressional","0","0","696","3","696","1917","212","2129"
"2021 November General ","2021-11-02 00:00:00","RICHMOND CITY","306 - THREE HUNDRED SIX","04","Congressional","0","0","431","4","431","1547","392","1939"
"2021 November General ","2021-11-02 00:00:00","RICHMOND CITY","307 - THREE HUNDRED SEVEN","04","Congressional","0","0","619","5","619","1707","118","1825"
"2021 November General ","2021-11-02 00:00:00","RICHMOND CITY","308 - THREE HUNDRED EIGHT","04","Congressional","0","0","1","0","1","1791","111","1902"
"2021 November General ","2021-11-02 00:00:00","RICHMOND CITY","308 - THREE HUNDRED EIGHT","04","Congressional","0","0","716","1","716","1791","111","1902"
"2021 November General ","2021-11-02 00:00:00","RICHMOND CITY","309 - THREE HUNDRED NINE","04","Congressional","0","0","1","0","1","1110","134","1244"
"2021 November General ","2021-11-02 00:00:00","RICHMOND CITY","309 - THREE HUNDRED NINE","04","Congressional","0","0","476","3","476","1110","134","1244"
"2021 November General ","2021-11-02 00:00:00","RICHMOND CITY","310 - THREE HUNDRED TEN","04","Congressional","0","0","138","0","138","955","150","1105"
"2021 November General ","2021-11-02 00:00:00","RICHMOND CITY","402 - FOUR HUNDRED TWO","04","Congressional","0","0","1579","5","1579","2887","133","3020"
"2021 November General ","2021-11-02 00:00:00","RICHMOND CITY","404 - FOUR HUNDRED FOUR","04","Congressional","12","0","1106","17","1118","2811","224","3035"
"2021 November General ","2021-11-02 00:00:00","RICHMOND CITY","409 - FOUR HUNDRED NINE","04","Congressional","0","0","1005","20","1005","2038","96","2134"
"2021 November General ","2021-11-02 00:00:00","RICHMOND CITY","410 - FOUR HUNDRED TEN","04","Congressional","0","0","909","20","909","2256","179","2435"
"2021 November General ","2021-11-02 00:00:00","RICHMOND CITY","412 - FOUR HUNDRED TWELVE","04","Congressional","0","0","0","0","0","2365","222","2587"
"2021 November General ","2021-11-02 00:00:00","RICHMOND CITY","412 - FOUR HUNDRED TWELVE","04","Congressional","0","0","863","15","863","2365","222","2587"
"2021 November General ","2021-11-02 00:00:00","RICHMOND CITY","413 - FOUR HUNDRED THIRTEEN","04","Congressional","0","0","903","8","903","1868","74","1942"
"2021 November General ","2021-11-02 00:00:00","RICHMOND CITY","414 - FOUR HUNDRED FOURTEEN","04","Congressional","7","0","1096","7","1103","2080","86","2166"
"2021 November General ","2021-11-02 00:00:00","RICHMOND CITY","415 - FOUR HUNDRED FIFTEEN","04","Congressional","0","0","835","24","835","1880","153","2033"
"2021 November General ","2021-11-02 00:00:00","RICHMOND CITY","501 - FIVE HUNDRED ONE","04","Congressional","0","0","1204","19","1204","2555","204","2759"
"2021 November General ","2021-11-02 00:00:00","RICHMOND CITY","503 - FIVE HUNDRED THREE","04","Congressional","0","0","1110","15","1110","2681","217","2898"
"2021 November General ","2021-11-02 00:00:00","RICHMOND CITY","504 - FIVE HUNDRED FOUR","04","Congressional","0","0","1298","8","1298","3470","437","3907"
"2021 November General ","2021-11-02 00:00:00","RICHMOND CITY","505 - FIVE HUNDRED FIVE","04","Congressional","0","0","155","0","155","1603","205","1808"
"2021 November General ","2021-11-02 00:00:00","RICHMOND CITY","505 - FIVE HUNDRED FIVE","04","Congressional","0","0","444","0","444","1603","205","1808"
"2021 November General ","2021-11-02 00:00:00","RICHMOND CITY","508 - FIVE HUNDRED EIGHT","04","Congressional","2","0","658","1","660","1194","125","1319"
"2021 November General ","2021-11-02 00:00:00","RICHMOND CITY","509 - FIVE HUNDRED NINE","04","Congressional","0","0","587","0","587","2136","213","2349"
"2021 November General ","2021-11-02 00:00:00","RICHMOND CITY","510 - FIVE HUNDRED TEN","04","Congressional","0","0","859","11","859","2434","219","2653"
"2021 November General ","2021-11-02 00:00:00","RICHMOND CITY","602 - SIX HUNDRED TWO","04","Congressional","4","0","338","16","342","1967","182","2149"
"2021 November General ","2021-11-02 00:00:00","RICHMOND CITY","603 - SIX HUNDRED THREE","04","Congressional","3","0","697","25","700","2036","183","2219"
"2021 November General ","2021-11-02 00:00:00","RICHMOND CITY","604 - SIX HUNDRED FOUR","04","Congressional","0","0","0","0","0","1630","185","1815"
"2021 November General ","2021-11-02 00:00:00","RICHMOND CITY","604 - SIX HUNDRED FOUR","04","Congressional","0","0","515","22","515","1630","185","1815"
"2021 November General ","2021-11-02 00:00:00","RICHMOND CITY","606 - SIX HUNDRED SIX","04","Congressional","3","0","6","0","9","2322","223","2545"
"2021 November General ","2021-11-02 00:00:00","RICHMOND CITY","606 - SIX HUNDRED SIX","04","Congressional","3","0","724","16","727","2322","223","2545"
"2021 November General ","2021-11-02 00:00:00","RICHMOND CITY","607 - SIX HUNDRED SEVEN","04","Congressional","5","0","806","0","811","2456","586","3042"
"2021 November General ","2021-11-02 00:00:00","RICHMOND CITY","609 - SIX HUNDRED NINE","04","Congressional","7","0","1269","7","1276","3825","685","4510"
"2021 November General ","2021-11-02 00:00:00","RICHMOND CITY","610 - SIX HUNDRED TEN","04","Congressional","6","0","392","32","398","1997","180","2177"
"2021 November General ","2021-11-02 00:00:00","RICHMOND CITY","701 - SEVEN HUNDRED ONE","04","Congressional","5","0","1","0","6","1898","220","2118"
"2021 November General ","2021-11-02 00:00:00","RICHMOND CITY","701 - SEVEN HUNDRED ONE","04","Congressional","5","0","416","21","421","1898","220","2118"
"2021 November General ","2021-11-02 00:00:00","RICHMOND CITY","702 - SEVEN HUNDRED TWO","04","Congressional","2","0","602","9","604","1991","244","2235"
"2021 November General ","2021-11-02 00:00:00","RICHMOND CITY","703 - SEVEN HUNDRED THREE","04","Congressional","4","0","822","24","826","2127","181","2308"
"2021 November General ","2021-11-02 00:00:00","RICHMOND CITY","705 - SEVEN HUNDRED FIVE","04","Congressional","12","0","377","6","389","1700","146","1846"
"2021 November General ","2021-11-02 00:00:00","RICHMOND CITY","705 - SEVEN HUNDRED FIVE","04","Congressional","12","0","421","9","433","1700","146","1846"
"2021 November General ","2021-11-02 00:00:00","RICHMOND CITY","706 - SEVEN HUNDRED SIX","04","Congressional","0","0","0","0","0","3144","247","3391"
"2021 November General ","2021-11-02 00:00:00","RICHMOND CITY","706 - SEVEN HUNDRED SIX","04","Congressional","0","0","1082","23","1082","3144","247","3391"
"2021 November General ","2021-11-02 00:00:00","RICHMOND CITY","707 - SEVEN HUNDRED SEVEN","04","Congressional","13","0","1484","4","1497","3459","299","3758"
"2021 November General ","2021-11-02 00:00:00","RICHMOND CITY","708 - SEVEN HUNDRED EIGHT","04","Congressional","0","0","1165","2","1165","3379","629","4008"
"2021 November General ","2021-11-02 00:00:00","RICHMOND CITY","802 - EIGHT HUNDRED TWO","04","Congressional","0","0","466","14","466","1798","148","1946"
"2021 November General ","2021-11-02 00:00:00","RICHMOND CITY","806 - EIGHT HUNDRED SIX","04","Congressional","1","0","0","0","1","2397","279","2676"
"2021 November General ","2021-11-02 00:00:00","RICHMOND CITY","806 - EIGHT HUNDRED SIX","04","Congressional","1","0","476","44","477","2397","279","2676"
"2021 November General ","2021-11-02 00:00:00","RICHMOND CITY","810 - EIGHT HUNDRED TEN","04","Congressional","1","0","435","18","436","1776","141","1917"
"2021 November General ","2021-11-02 00:00:00","RICHMOND CITY","811 - EIGHT HUNDRED ELEVEN","04","Congressional","7","0","0","0","7","2207","286","2493"
"2021 November General ","2021-11-02 00:00:00","RICHMOND CITY","811 - EIGHT HUNDRED ELEVEN","04","Congressional","7","0","542","17","549","2207","286","2493"
"2021 November General ","2021-11-02 00:00:00","RICHMOND CITY","812 - EIGHT HUNDRED TWELVE","04","Congressional","1","0","2","0","3","2780","176","2956"
"2021 November General ","2021-11-02 00:00:00","RICHMOND CITY","812 - EIGHT HUNDRED TWELVE","04","Congressional","1","0","21","0","22","2780","176","2956"
"2021 November General ","2021-11-02 00:00:00","RICHMOND CITY","812 - EIGHT HUNDRED TWELVE","04","Congressional","1","0","856","27","857","2780","176","2956"
"2021 November General ","2021-11-02 00:00:00","RICHMOND CITY","814 - EIGHT HUNDRED FOURTEEN","04","Congressional","5","0","360","18","365","1462","95","1557"
"2021 November General ","2021-11-02 00:00:00","RICHMOND CITY","902 - NINE HUNDRED TWO","04","Congressional","1","0","204","7","205","845","133","978"
"2021 November General ","2021-11-02 00:00:00","RICHMOND CITY","903 - NINE HUNDRED THREE","04","Congressional","8","0","564","21","572","2255","177","2432"
"2021 November General ","2021-11-02 00:00:00","RICHMOND CITY","908 - NINE HUNDRED EIGHT","04","Congressional","1","0","0","0","1","2121","275","2396"
"2021 November General ","2021-11-02 00:00:00","RICHMOND CITY","908 - NINE HUNDRED EIGHT","04","Congressional","1","0","570","0","571","2121","275","2396"
"2021 November General ","2021-11-02 00:00:00","RICHMOND CITY","909 - NINE HUNDRED NINE","04","Congressional","1","0","700","9","701","2293","209","2502"
"2021 November General ","2021-11-02 00:00:00","RICHMOND CITY","910 - NINE HUNDRED TEN","04","Congressional","4","0","575","14","579","2132","159","2291"
"2021 November General ","2021-11-02 00:00:00","RICHMOND CITY","911 - NINE HUNDRED ELEVEN","04","Congressional","0","0","577","29","577","1828","112","1940"
"2021 November General ","2021-11-02 00:00:00","RICHMOND COUNTY","##AB - Central Absentee Precinct","00","Local","0","1234","0","0","1234","0","0","0"
"2021 November General ","2021-11-02 00:00:00","RICHMOND COUNTY","##AB - Central Absentee Precinct","01","Congressional","0","1234","0","0","1234","0","0","0"
"2021 November General ","2021-11-02 00:00:00","RICHMOND COUNTY","##EV - Central Absentee Precinct","00","Local","0","0","0","0","0","0","0","0"
"2021 November General ","2021-11-02 00:00:00","RICHMOND COUNTY","##EV - Central Absentee Precinct","01","Congressional","0","0","0","0","0","0","0","0"
"2021 November General ","2021-11-02 00:00:00","RICHMOND COUNTY","##PE - Central Absentee Precinct","00","Local","0","0","0","0","0","0","0","0"
"2021 November General ","2021-11-02 00:00:00","RICHMOND COUNTY","##PE - Central Absentee Precinct","01","Congressional","0","0","0","0","0","0","0","0"
"2021 November General ","2021-11-02 00:00:00","RICHMOND COUNTY","101 - PRECINCT 1-1","01","Congressional","0","0","305","2","305","1154","33","1187"
"2021 November General ","2021-11-02 00:00:00","RICHMOND COUNTY","201 - PRECINCT 2-1","01","Congressional","0","0","379","0","379","1042","40","1082"
"2021 November General ","2021-11-02 00:00:00","RICHMOND COUNTY","301 - PRECINCT 3-1","01","Congressional","0","0","312","3","312","1026","26","1052"
"2021 November General ","2021-11-02 00:00:00","RICHMOND COUNTY","401 - PRECINCT 4-1","01","Congressional","0","0","491","1","491","1159","41","1200"
"2021 November General ","2021-11-02 00:00:00","RICHMOND COUNTY","501 - PRECINCT 5-1","01","Congressional","0","0","463","0","463","1036","37","1073"
"2021 November General ","2021-11-02 00:00:00","ROANOKE CITY","##AB - Central Absentee Precinct","00","Local","0","493","0","0","493","0","0","0"
"2021 November General ","2021-11-02 00:00:00","ROANOKE CITY","##AB - Central Absentee Precinct","00","Local","0","2522","0","0","2522","0","0","0"
"2021 November General ","2021-11-02 00:00:00","ROANOKE CITY","##AB - Central Absentee Precinct","00","Local","0","3015","0","0","3015","0","0","0"
"2021 November General ","2021-11-02 00:00:00","ROANOKE CITY","##AB - Central Absentee Precinct","06","Congressional","0","3015","0","0","3015","0","0","0"
"2021 November General ","2021-11-02 00:00:00","ROANOKE CITY","##EV - Central Absentee Precinct","00","Local","0","1136","0","187","1136","0","0","0"
"2021 November General ","2021-11-02 00:00:00","ROANOKE CITY","##EV - Central Absentee Precinct","00","Local","0","7000","0","799","7000","0","0","0"
"2021 November General ","2021-11-02 00:00:00","ROANOKE CITY","##EV - Central Absentee Precinct","00","Local","0","8136","0","986","8136","0","0","0"
"2021 November General ","2021-11-02 00:00:00","ROANOKE CITY","##EV - Central Absentee Precinct","06","Congressional","0","8136","0","986","8136","0","0","0"
"2021 November General ","2021-11-02 00:00:00","ROANOKE CITY","##PE - Central Absentee Precinct","00","Local","0","17","0","0","17","0","0","0"
"2021 November General ","2021-11-02 00:00:00","ROANOKE CITY","##PE - Central Absentee Precinct","00","Local","0","89","0","0","89","0","0","0"
"2021 November General ","2021-11-02 00:00:00","ROANOKE CITY","##PE - Central Absentee Precinct","00","Local","0","106","0","0","106","0","0","0"
"2021 November General ","2021-11-02 00:00:00","ROANOKE CITY","##PE - Central Absentee Precinct","06","Congressional","0","106","0","0","106","0","0","0"
"2021 November General ","2021-11-02 00:00:00","ROANOKE CITY","001 -Peters Creek","06","Congressional","0","0","655","23","655","2831","145","2976"
"2021 November General ","2021-11-02 00:00:00","ROANOKE CITY","002 - Grandview","06","Congressional","1","0","817","33","818","2933","173","3106"
"2021 November General ","2021-11-02 00:00:00","ROANOKE CITY","003 -Preston Park","06","Congressional","0","0","187","0","187","3015","178","3193"
"2021 November General ","2021-11-02 00:00:00","ROANOKE CITY","003 -Preston Park","06","Congressional","0","0","712","22","712","3015","178","3193"
"2021 November General ","2021-11-02 00:00:00","ROANOKE CITY","004 - Williamson Road","06","Congressional","0","0","776","20","776","2653","134","2787"
"2021 November General ","2021-11-02 00:00:00","ROANOKE CITY","005 - East Gate","06","Congressional","0","0","361","19","361","2976","169","3145"
"2021 November General ","2021-11-02 00:00:00","ROANOKE CITY","005 - East Gate","06","Congressional","0","0","552","0","552","2976","169","3145"
"2021 November General ","2021-11-02 00:00:00","ROANOKE CITY","006 - Hollins Road","06","Congressional","1","0","682","24","683","3619","258","3877"
"2021 November General ","2021-11-02 00:00:00","ROANOKE CITY","007 - Southeast","06","Congressional","0","0","306","0","306","2562","244","2806"
"2021 November General ","2021-11-02 00:00:00","ROANOKE CITY","007 - Southeast","06","Congressional","0","0","320","0","320","2562","244","2806"
"2021 November General ","2021-11-02 00:00:00","ROANOKE CITY","008 - Lincoln Terrace","06","Congressional","0","0","406","36","406","2624","147","2770"
"2021 November General ","2021-11-02 00:00:00","ROANOKE CITY","009 - Highland","06","Congressional","5","0","718","6","723","3079","483","3562"
"2021 November General ","2021-11-02 00:00:00","ROANOKE CITY","010 - Old Southwest-Wasena","06","Congressional","1","0","1123","9","1124","3412","236","3648"
"2021 November General ","2021-11-02 00:00:00","ROANOKE CITY","011 - RALEIGH COURT","06","Congressional","3","0","17","0","20","3386","176","3562"
"2021 November General ","2021-11-02 00:00:00","ROANOKE CITY","011 - RALEIGH COURT","06","Congressional","3","0","1406","13","1409","3386","176","3562"
"2021 November General ","2021-11-02 00:00:00","ROANOKE CITY","012 - SOUTH ROANOKE","06","Congressional","0","0","223","0","223","2627","124","2751"
"2021 November General ","2021-11-02 00:00:00","ROANOKE CITY","012 - SOUTH ROANOKE","06","Congressional","0","0","870","16","870","2627","124","2751"
"2021 November General ","2021-11-02 00:00:00","ROANOKE CITY","013 - GARDEN CITY","06","Congressional","1","0","125","10","126","2969","167","3136"
"2021 November General ","2021-11-02 00:00:00","ROANOKE CITY","013 - GARDEN CITY","06","Congressional","1","0","858","0","859","2969","167","3136"
"2021 November General ","2021-11-02 00:00:00","ROANOKE CITY","014 - Crystal Spring","06","Congressional","0","0","1106","14","1106","3121","211","3331"
"2021 November General ","2021-11-02 00:00:00","ROANOKE CITY","015 - Grandin Court","06","Congressional","3","0","506","0","509","2679","119","2798"
"2021 November General ","2021-11-02 00:00:00","ROANOKE CITY","015 - Grandin Court","06","Congressional","3","0","640","17","643","2679","119","2798"
"2021 November General ","2021-11-02 00:00:00","ROANOKE CITY","016 - Deyerle","06","Congressional","0","0","1208","53","1208","2836","95","2930"
"2021 November General ","2021-11-02 00:00:00","ROANOKE CITY","017 - LEE-HI","06","Congressional","1","0","57","0","58","3259","179","3438"
"2021 November General ","2021-11-02 00:00:00","ROANOKE CITY","017 - LEE-HI","06","Congressional","1","0","1246","14","1247","3259","179","3438"
"2021 November General ","2021-11-02 00:00:00","ROANOKE CITY","018 - Summit Hills","06","Congressional","1","0","917","19","918","3129","157","3286"
"2021 November General ","2021-11-02 00:00:00","ROANOKE CITY","019 - Forest Park","06","Congressional","1","0","547","18","548","3177","174","3351"
"2021 November General ","2021-11-02 00:00:00","ROANOKE CITY","020 - EUREKA PARK","06","Congressional","0","0","667","77","667","3744","177","3921"
"2021 November General ","2021-11-02 00:00:00","ROANOKE COUNTY","##AB - Central Absentee Precinct","00","Local","0","1396","0","0","1396","0","0","0"
"2021 November General ","2021-11-02 00:00:00","ROANOKE COUNTY","##AB - Central Absentee Precinct","00","Local","0","1819","0","0","1819","0","0","0"
"2021 November General ","2021-11-02 00:00:00","ROANOKE COUNTY","##AB - Central Absentee Precinct","00","Local","0","3205","0","0","3205","0","0","0"
"2021 November General ","2021-11-02 00:00:00","ROANOKE COUNTY","##AB - Central Absentee Precinct","06","Congressional","6","2282","0","0","2288","0","0","0"
"2021 November General ","2021-11-02 00:00:00","ROANOKE COUNTY","##AB - Central Absentee Precinct","09","Congressional","0","923","0","0","923","0","0","0"
"2021 November General ","2021-11-02 00:00:00","ROANOKE COUNTY","##EV - Central Absentee Precinct","00","Local","0","4613","0","0","4613","0","0","0"
"2021 November General ","2021-11-02 00:00:00","ROANOKE COUNTY","##EV - Central Absentee Precinct","00","Local","0","7284","0","0","7284","0","0","0"
"2021 November General ","2021-11-02 00:00:00","ROANOKE COUNTY","##EV - Central Absentee Precinct","00","Local","0","11870","0","168","11870","0","0","0"
"2021 November General ","2021-11-02 00:00:00","ROANOKE COUNTY","##EV - Central Absentee Precinct","06","Congressional","0","9887","0","0","9887","0","0","0"
"2021 November General ","2021-11-02 00:00:00","ROANOKE COUNTY","##EV - Central Absentee Precinct","09","Congressional","0","1983","0","0","1983","0","0","0"
"2021 November General ","2021-11-02 00:00:00","ROANOKE COUNTY","##PE - Central Absentee Precinct","00","Local","0","18","0","0","18","0","0","0"
"2021 November General ","2021-11-02 00:00:00","ROANOKE COUNTY","##PE - Central Absentee Precinct","00","Local","0","66","0","0","66","0","0","0"
"2021 November General ","2021-11-02 00:00:00","ROANOKE COUNTY","##PE - Central Absentee Precinct","00","Local","0","144","0","0","144","0","0","0"
"2021 November General ","2021-11-02 00:00:00","ROANOKE COUNTY","##PE - Central Absentee Precinct","06","Congressional","0","111","0","0","111","0","0","0"
"2021 November General ","2021-11-02 00:00:00","ROANOKE COUNTY","##PE - Central Absentee Precinct","09","Congressional","0","33","0","0","33","0","0","0"
"2021 November General ","2021-11-02 00:00:00","ROANOKE COUNTY","101 - CATAWBA","09","Congressional","2","0","466","0","468","791","35","826"
"2021 November General ","2021-11-02 00:00:00","ROANOKE COUNTY","102 - MASON VALLEY","09","Congressional","4","0","428","10","432","755","28","783"
"2021 November General ","2021-11-02 00:00:00","ROANOKE COUNTY","103 - GLENVAR","09","Congressional","4","0","1271","18","1275","2513","86","2599"
"2021 November General ","2021-11-02 00:00:00","ROANOKE COUNTY","104 - NORTHSIDE","09","Congressional","4","0","666","2","670","1562","72","1634"
"2021 November General ","2021-11-02 00:00:00","ROANOKE COUNTY","105 - PETERS CREEK","09","Congressional","7","0","1358","8","1365","3271","126","3397"
"2021 November General ","2021-11-02 00:00:00","ROANOKE COUNTY","106 - GREEN HILL","09","Congressional","2","0","1138","18","1140","2793","98","2891"
"2021 November General ","2021-11-02 00:00:00","ROANOKE COUNTY","107 - BENNETT SPRINGS","09","Congressional","1","0","551","5","552","1034","46","1080"
"2021 November General ","2021-11-02 00:00:00","ROANOKE COUNTY","108 - WILDWOOD","09","Congressional","2","0","759","4","761","1571","60","1631"
"2021 November General ","2021-11-02 00:00:00","ROANOKE COUNTY","201 - PLANTATION","06","Congressional","3","0","867","9","870","2244","96","2340"
"2021 November General ","2021-11-02 00:00:00","ROANOKE COUNTY","202 - BURLINGTON","06","Congressional","2","0","631","23","633","1698","119","1817"
"2021 November General ","2021-11-02 00:00:00","ROANOKE COUNTY","203 - MOUNTAIN VIEW","06","Congressional","5","0","1411","19","1416","3130","104","3234"
"2021 November General ","2021-11-02 00:00:00","ROANOKE COUNTY","204 - BOTETOURT SPRINGS","09","Congressional","3","0","1111","7","1114","2493","89","2582"
"2021 November General ","2021-11-02 00:00:00","ROANOKE COUNTY","205 - ORCHARDS","06","Congressional","2","0","1328","5","1330","3556","142","3698"
"2021 November General ","2021-11-02 00:00:00","ROANOKE COUNTY","206 - HOLLINS","06","Congressional","1","0","464","0","465","1073","180","1253"
"2021 November General ","2021-11-02 00:00:00","ROANOKE COUNTY","301 - BENT MOUNTAIN","09","Congressional","0","0","404","1","404","680","22","702"
"2021 November General ","2021-11-02 00:00:00","ROANOKE COUNTY","302 - POAGES MILL","06","Congressional","6","0","1294","3","1300","3146","112","3258"
"2021 November General ","2021-11-02 00:00:00","ROANOKE COUNTY","303 - WINDSOR HILLS","06","Congressional","2","0","639","4","641","1727","96","1823"
"2021 November General ","2021-11-02 00:00:00","ROANOKE COUNTY","304 - OAK GROVE","06","Congressional","0","0","1225","18","1225","3315","152","3467"
"2021 November General ","2021-11-02 00:00:00","ROANOKE COUNTY","305 - CASTLE ROCK","06","Congressional","10","0","1295","3","1305","3694","191","3885"
"2021 November General ","2021-11-02 00:00:00","ROANOKE COUNTY","306 - GARST MILL","06","Congressional","1","0","547","0","548","1742","117","1859"
"2021 November General ","2021-11-02 00:00:00","ROANOKE COUNTY","401 - SOUTH LINDENWOOD","06","Congressional","1","0","619","5","620","1991","63","2054"
"2021 November General ","2021-11-02 00:00:00","ROANOKE COUNTY","402 - BONSACK","06","Congressional","1","0","310","0","311","621","17","638"
"2021 November General ","2021-11-02 00:00:00","ROANOKE COUNTY","403 - NORTH VINTON","06","Congressional","3","0","794","0","797","2230","118","2348"
"2021 November General ","2021-11-02 00:00:00","ROANOKE COUNTY","404 - SOUTH VINTON","06","Congressional","2","0","854","8","856","2805","167","2972"
"2021 November General ","2021-11-02 00:00:00","ROANOKE COUNTY","405 - NORTH LINDENWOOD","06","Congressional","2","0","753","5","755","2101","83","2184"
"2021 November General ","2021-11-02 00:00:00","ROANOKE COUNTY","406 - MOUNT PLEASANT","06","Congressional","1","0","1204","12","1205","2722","78","2800"
"2021 November General ","2021-11-02 00:00:00","ROANOKE COUNTY","501 - COTTON HILL","06","Congressional","0","0","792","3","792","1775","87","1862"
"2021 November General ","2021-11-02 00:00:00","ROANOKE COUNTY","502 - PENN FOREST","06","Congressional","1","0","634","2","635","1502","69","1571"
"2021 November General ","2021-11-02 00:00:00","ROANOKE COUNTY","503 - CAVE SPRING","06","Congressional","3","0","818","3","821","1920","80","2000"
"2021 November General ","2021-11-02 00:00:00","ROANOKE COUNTY","504 - OGDEN","06","Congressional","10","0","672","5","682","1888","212","2100"
"2021 November General ","2021-11-02 00:00:00","ROANOKE COUNTY","505 - CLEARBROOK","06","Congressional","2","0","687","11","689","1530","71","1601"
"2021 November General ","2021-11-02 00:00:00","ROANOKE COUNTY","506 - MOUNT VERNON","06","Congressional","3","0","572","10","575","1534","118","1652"
"2021 November General ","2021-11-02 00:00:00","ROANOKE COUNTY","507 - HUNTING HILLS","06","Congressional","2","0","1104","6","1106","3188","176","3364"
"2021 November General ","2021-11-02 00:00:00","ROCKBRIDGE COUNTY","##AB - Central Absentee Precinct","00","Local","0","586","0","0","586","0","0","0"
"2021 November General ","2021-11-02 00:00:00","ROCKBRIDGE COUNTY","##AB - Central Absentee Precinct","06","Congressional","1","586","0","0","587","0","0","0"
"2021 November General ","2021-11-02 00:00:00","ROCKBRIDGE COUNTY","##EV - Central Absentee Precinct","00","Local","0","2247","0","0","2247","0","0","0"
"2021 November General ","2021-11-02 00:00:00","ROCKBRIDGE COUNTY","##EV - Central Absentee Precinct","06","Congressional","0","2247","0","0","2247","0","0","0"
"2021 November General ","2021-11-02 00:00:00","ROCKBRIDGE COUNTY","##PE - Central Absentee Precinct","00","Local","0","20","0","0","20","0","0","0"
"2021 November General ","2021-11-02 00:00:00","ROCKBRIDGE COUNTY","##PE - Central Absentee Precinct","06","Congressional","0","20","0","0","20","0","0","0"
"2021 November General ","2021-11-02 00:00:00","ROCKBRIDGE COUNTY","101 - AIRPORT","06","Congressional","2","0","562","7","564","1379","22","1401"
"2021 November General ","2021-11-02 00:00:00","ROCKBRIDGE COUNTY","102 - BEN SALEM","06","Congressional","0","0","436","3","436","927","21","948"
"2021 November General ","2021-11-02 00:00:00","ROCKBRIDGE COUNTY","103 - PLANK ROAD","06","Congressional","0","0","291","0","291","531","12","543"
"2021 November General ","2021-11-02 00:00:00","ROCKBRIDGE COUNTY","104 - EFFINGER","06","Congressional","0","0","275","1","275","543","14","557"
"2021 November General ","2021-11-02 00:00:00","ROCKBRIDGE COUNTY","201 - COLLIERSTOWN","06","Congressional","0","0","371","8","371","917","36","953"
"2021 November General ","2021-11-02 00:00:00","ROCKBRIDGE COUNTY","202 - HIGHLAND BELLE","06","Congressional","2","0","829","0","831","1766","44","1810"
"2021 November General ","2021-11-02 00:00:00","ROCKBRIDGE COUNTY","203 - VO-TECH","06","Congressional","0","0","201","0","201","555","49","604"
"2021 November General ","2021-11-02 00:00:00","ROCKBRIDGE COUNTY","301 - MAURY RIVER","06","Congressional","0","0","401","0","401","960","24","984"
"2021 November General ","2021-11-02 00:00:00","ROCKBRIDGE COUNTY","302 - NATURAL BRIDGE","06","Congressional","2","0","474","1","476","1044","23","1067"
"2021 November General ","2021-11-02 00:00:00","ROCKBRIDGE COUNTY","303 - FALLING SPRING","06","Congressional","1","0","222","1","223","483","15","498"
"2021 November General ","2021-11-02 00:00:00","ROCKBRIDGE COUNTY","401 - FAIRFIELD","06","Congressional","0","0","542","0","542","1010","16","1026"
"2021 November General ","2021-11-02 00:00:00","ROCKBRIDGE COUNTY","402 - MOUNTAIN VIEW","06","Congressional","1","0","704","1","705","1585","39","1624"
"2021 November General ","2021-11-02 00:00:00","ROCKBRIDGE COUNTY","403 - VESUVIUS","06","Congressional","0","0","263","0","263","522","12","534"
"2021 November General ","2021-11-02 00:00:00","ROCKBRIDGE COUNTY","501 - GOSHEN","06","Congressional","1","0","284","1","285","566","14","580"
"2021 November General ","2021-11-02 00:00:00","ROCKBRIDGE COUNTY","502 - MEADOWVIEW","06","Congressional","3","0","421","0","424","987","32","1019"
"2021 November General ","2021-11-02 00:00:00","ROCKBRIDGE COUNTY","503 - ROCKBRIDGE BATHS","06","Congressional","0","0","346","0","346","596","14","610"
"2021 November General ","2021-11-02 00:00:00","ROCKBRIDGE COUNTY","504 - ROCKBRIDGE","06","Congressional","0","0","557","3","557","1003","19","1022"
"2021 November General ","2021-11-02 00:00:00","ROCKINGHAM COUNTY","##AB - Central Absentee Precinct","00","Local","0","104","0","0","104","0","0","0"
"2021 November General ","2021-11-02 00:00:00","ROCKINGHAM COUNTY","##AB - Central Absentee Precinct","00","Local","0","276","0","0","276","0","0","0"
"2021 November General ","2021-11-02 00:00:00","ROCKINGHAM COUNTY","##AB - Central Absentee Precinct","00","Local","0","669","0","0","669","0","0","0"
"2021 November General ","2021-11-02 00:00:00","ROCKINGHAM COUNTY","##AB - Central Absentee Precinct","00","Local","0","907","0","0","907","0","0","0"
"2021 November General ","2021-11-02 00:00:00","ROCKINGHAM COUNTY","##AB - Central Absentee Precinct","00","Local","0","1965","0","0","1965","0","0","0"
"2021 November General ","2021-11-02 00:00:00","ROCKINGHAM COUNTY","##AB - Central Absentee Precinct","06","Congressional","0","1965","0","0","1965","0","0","0"
"2021 November General ","2021-11-02 00:00:00","ROCKINGHAM COUNTY","##EV - Central Absentee Precinct","00","Local","0","341","0","0","341","0","0","0"
"2021 November General ","2021-11-02 00:00:00","ROCKINGHAM COUNTY","##EV - Central Absentee Precinct","00","Local","0","922","0","0","922","0","0","0"
"2021 November General ","2021-11-02 00:00:00","ROCKINGHAM COUNTY","##EV - Central Absentee Precinct","00","Local","0","2865","0","0","2865","0","0","0"
"2021 November General ","2021-11-02 00:00:00","ROCKINGHAM COUNTY","##EV - Central Absentee Precinct","00","Local","0","2962","0","0","2962","0","0","0"
"2021 November General ","2021-11-02 00:00:00","ROCKINGHAM COUNTY","##EV - Central Absentee Precinct","00","Local","0","7152","0","472","7152","0","0","0"
"2021 November General ","2021-11-02 00:00:00","ROCKINGHAM COUNTY","##EV - Central Absentee Precinct","06","Congressional","0","7152","0","0","7152","0","0","0"
"2021 November General ","2021-11-02 00:00:00","ROCKINGHAM COUNTY","##PE - Central Absentee Precinct","00","Local","0","6","0","0","6","0","0","0"
"2021 November General ","2021-11-02 00:00:00","ROCKINGHAM COUNTY","##PE - Central Absentee Precinct","00","Local","0","18","0","0","18","0","0","0"
"2021 November General ","2021-11-02 00:00:00","ROCKINGHAM COUNTY","##PE - Central Absentee Precinct","00","Local","0","44","0","0","44","0","0","0"
"2021 November General ","2021-11-02 00:00:00","ROCKINGHAM COUNTY","##PE - Central Absentee Precinct","00","Local","0","45","0","0","45","0","0","0"
"2021 November General ","2021-11-02 00:00:00","ROCKINGHAM COUNTY","##PE - Central Absentee Precinct","00","Local","0","115","0","0","115","0","0","0"
"2021 November General ","2021-11-02 00:00:00","ROCKINGHAM COUNTY","##PE - Central Absentee Precinct","06","Congressional","0","115","0","0","115","0","0","0"
"2021 November General ","2021-11-02 00:00:00","ROCKINGHAM COUNTY","101 - BROADWAY","06","Congressional","2","0","1370","9","1372","2709","88","2797"
"2021 November General ","2021-11-02 00:00:00","ROCKINGHAM COUNTY","102 - TIMBERVILLE","06","Congressional","0","0","754","0","754","1659","62","1721"
"2021 November General ","2021-11-02 00:00:00","ROCKINGHAM COUNTY","103 - FULKS RUN","06","Congressional","3","0","795","5","798","1499","50","1549"
"2021 November General ","2021-11-02 00:00:00","ROCKINGHAM COUNTY","104 - BERGTON","06","Congressional","0","0","307","4","307","494","8","502"
"2021 November General ","2021-11-02 00:00:00","ROCKINGHAM COUNTY","105 - LACEY SPRING","06","Congressional","0","0","587","5","587","1166","20","1186"
"2021 November General ","2021-11-02 00:00:00","ROCKINGHAM COUNTY","106 - TENTH LEGION","06","Congressional","1","0","585","0","586","1115","32","1147"
"2021 November General ","2021-11-02 00:00:00","ROCKINGHAM COUNTY","107 - PLAINS","06","Congressional","0","0","635","3","635","1207","27","1234"
"2021 November General ","2021-11-02 00:00:00","ROCKINGHAM COUNTY","108 - LITTLE NORTH MOUNTAIN","06","Congressional","0","0","465","3","465","858","23","881"
"2021 November General ","2021-11-02 00:00:00","ROCKINGHAM COUNTY","201 - SINGERS GLEN","06","Congressional","0","0","895","2","895","1642","16","1658"
"2021 November General ","2021-11-02 00:00:00","ROCKINGHAM COUNTY","202 - EDOM","06","Congressional","0","0","1281","9","1281","2895","76","2971"
"2021 November General ","2021-11-02 00:00:00","ROCKINGHAM COUNTY","203 - DAYTON","06","Congressional","1","0","646","5","647","1168","36","1204"
"2021 November General ","2021-11-02 00:00:00","ROCKINGHAM COUNTY","204 - MT CLINTON","06","Congressional","1","0","965","2","966","1816","34","1850"
"2021 November General ","2021-11-02 00:00:00","ROCKINGHAM COUNTY","205 - SILVER LAKE","06","Congressional","0","0","978","12","978","2361","50","2411"
"2021 November General ","2021-11-02 00:00:00","ROCKINGHAM COUNTY","301 - KEEZLETOWN","06","Congressional","0","0","646","4","646","1194","36","1230"
"2021 November General ","2021-11-02 00:00:00","ROCKINGHAM COUNTY","302 - PORT REPUBLIC","06","Congressional","3","0","957","11","960","1883","54","1937"
"2021 November General ","2021-11-02 00:00:00","ROCKINGHAM COUNTY","303 - MELROSE","06","Congressional","0","0","508","5","508","1015","23","1038"
"2021 November General ","2021-11-02 00:00:00","ROCKINGHAM COUNTY","304 - GROTTOES","06","Congressional","0","0","975","16","975","1951","60","2011"
"2021 November General ","2021-11-02 00:00:00","ROCKINGHAM COUNTY","305 - MASSANETTA SPRINGS","06","Congressional","1","0","1149","7","1150","2686","130","2816"
"2021 November General ","2021-11-02 00:00:00","ROCKINGHAM COUNTY","306 - CROSS KEYS","06","Congressional","0","0","371","2","371","608","14","622"
"2021 November General ","2021-11-02 00:00:00","ROCKINGHAM COUNTY","307 - CROSSROADS","06","Congressional","2","0","1176","25","1178","2968","79","3047"
"2021 November General ","2021-11-02 00:00:00","ROCKINGHAM COUNTY","401 - WEST BRIDGEWATER","06","Congressional","0","0","41","0","41","1443","48","1491"
"2021 November General ","2021-11-02 00:00:00","ROCKINGHAM COUNTY","401 - WEST BRIDGEWATER","06","Congressional","0","0","706","11","706","1443","48","1491"
"2021 November General ","2021-11-02 00:00:00","ROCKINGHAM COUNTY","402 - MONTEZUMA","06","Congressional","0","0","916","3","916","1737","20","1757"
"2021 November General ","2021-11-02 00:00:00","ROCKINGHAM COUNTY","403 - MT CRAWFORD","06","Congressional","0","0","175","0","175","307","8","315"
"2021 November General ","2021-11-02 00:00:00","ROCKINGHAM COUNTY","404 - NORTH RIVER","06","Congressional","0","0","904","7","904","2274","93","2367"
"2021 November General ","2021-11-02 00:00:00","ROCKINGHAM COUNTY","405 - OTTOBINE","06","Congressional","0","0","1171","13","1171","2170","33","2203"
"2021 November General ","2021-11-02 00:00:00","ROCKINGHAM COUNTY","406 - EAST BRIDGEWATER","06","Congressional","0","0","893","37","893","2111","103","2214"
"2021 November General ","2021-11-02 00:00:00","ROCKINGHAM COUNTY","501 - ELKTON","06","Congressional","0","0","1011","16","1011","2012","53","2065"
"2021 November General ","2021-11-02 00:00:00","ROCKINGHAM COUNTY","502 - SWIFT RUN","06","Congressional","1","0","1532","36","1533","2893","65","2958"
"2021 November General ","2021-11-02 00:00:00","ROCKINGHAM COUNTY","503 - MCGAHEYSVILLE","06","Congressional","0","0","1318","14","1318","2530","49","2579"
"2021 November General ","2021-11-02 00:00:00","ROCKINGHAM COUNTY","504 - SOUTH FORK","06","Congressional","0","0","693","7","693","1302","20","1322"
"2021 November General ","2021-11-02 00:00:00","ROCKINGHAM COUNTY","505 - STONY RUN","06","Congressional","0","0","955","7","955","2089","85","2174"
"2021 November General ","2021-11-02 00:00:00","RUSSELL COUNTY","##AB - Central Absentee Precinct","00","Local","0","54","0","0","54","0","0","0"
"2021 November General ","2021-11-02 00:00:00","RUSSELL COUNTY","##AB - Central Absentee Precinct","00","Local","0","318","0","0","318","0","0","0"
"2021 November General ","2021-11-02 00:00:00","RUSSELL COUNTY","##AB - Central Absentee Precinct","00","Local","0","372","0","0","372","0","0","0"
"2021 November General ","2021-11-02 00:00:00","RUSSELL COUNTY","##AB - Central Absentee Precinct","09","Congressional","0","372","0","0","372","0","0","0"
"2021 November General ","2021-11-02 00:00:00","RUSSELL COUNTY","##EV - Central Absentee Precinct","00","Local","0","180","0","0","180","0","0","0"
"2021 November General ","2021-11-02 00:00:00","RUSSELL COUNTY","##EV - Central Absentee Precinct","00","Local","0","1662","0","0","1662","0","0","0"
"2021 November General ","2021-11-02 00:00:00","RUSSELL COUNTY","##EV - Central Absentee Precinct","00","Local","0","1842","0","12","1842","0","0","0"
"2021 November General ","2021-11-02 00:00:00","RUSSELL COUNTY","##EV - Central Absentee Precinct","09","Congressional","0","1842","0","12","1842","0","0","0"
"2021 November General ","2021-11-02 00:00:00","RUSSELL COUNTY","##PE - Central Absentee Precinct","00","Local","0","3","0","0","3","0","0","0"
"2021 November General ","2021-11-02 00:00:00","RUSSELL COUNTY","##PE - Central Absentee Precinct","00","Local","0","11","0","0","11","0","0","0"
"2021 November General ","2021-11-02 00:00:00","RUSSELL COUNTY","##PE - Central Absentee Precinct","00","Local","0","14","0","0","14","0","0","0"
"2021 November General ","2021-11-02 00:00:00","RUSSELL COUNTY","##PE - Central Absentee Precinct","09","Congressional","0","14","0","0","14","0","0","0"
"2021 November General ","2021-11-02 00:00:00","RUSSELL COUNTY","101 - MOCCASIN","09","Congressional","0","0","579","1","579","1342","28","1370"
"2021 November General ","2021-11-02 00:00:00","RUSSELL COUNTY","102 - COPPER CREEK","09","Congressional","0","0","476","2","476","1067","21","1088"
"2021 November General ","2021-11-02 00:00:00","RUSSELL COUNTY","103 - SOUTH CASTLEWOOD","09","Congressional","0","0","348","0","348","807","28","835"
"2021 November General ","2021-11-02 00:00:00","RUSSELL COUNTY","201 - NORTH CASTLEWOOD","09","Congressional","0","0","897","4","897","2297","60","2357"
"2021 November General ","2021-11-02 00:00:00","RUSSELL COUNTY","202 - DANTE","09","Congressional","0","0","186","1","186","547","15","562"
"2021 November General ","2021-11-02 00:00:00","RUSSELL COUNTY","301 - COOKS MILL","09","Congressional","0","0","185","0","185","421","8","429"
"2021 November General ","2021-11-02 00:00:00","RUSSELL COUNTY","302 - DAUGHERTY","09","Congressional","0","0","251","0","251","555","6","561"
"2021 November General ","2021-11-02 00:00:00","RUSSELL COUNTY","303 - NEW GARDEN","09","Congressional","0","0","190","0","190","1383","24","1407"
"2021 November General ","2021-11-02 00:00:00","RUSSELL COUNTY","303 - NEW GARDEN","09","Congressional","0","0","321","1","321","1383","24","1407"
"2021 November General ","2021-11-02 00:00:00","RUSSELL COUNTY","304 - CLEVELAND","09","Congressional","0","0","301","3","301","733","37","770"
"2021 November General ","2021-11-02 00:00:00","RUSSELL COUNTY","401 - DRILL","09","Congressional","0","0","73","0","73","173","5","178"
"2021 November General ","2021-11-02 00:00:00","RUSSELL COUNTY","402 - SWORDS CREEK","09","Congressional","0","0","829","1","829","1915","36","1951"
"2021 November General ","2021-11-02 00:00:00","RUSSELL COUNTY","403 - HONAKER","09","Congressional","0","0","328","3","328","950","24","974"
"2021 November General ","2021-11-02 00:00:00","RUSSELL COUNTY","501 - WEST LEBANON","09","Congressional","0","0","1041","5","1041","3029","76","3105"
"2021 November General ","2021-11-02 00:00:00","RUSSELL COUNTY","601 -  EAST LEBANON","09","Congressional","0","0","580","3","580","1468","34","1502"
"2021 November General ","2021-11-02 00:00:00","RUSSELL COUNTY","602 - ELK GARDEN","09","Congressional","0","0","895","6","895","1830","42","1872"
"2021 November General ","2021-11-02 00:00:00","SALEM CITY","##AB - Central Absentee Precinct","00","Local","0","711","0","0","711","0","0","0"
"2021 November General ","2021-11-02 00:00:00","SALEM CITY","##AB - Central Absentee Precinct","09","Congressional","0","711","0","0","711","0","0","0"
"2021 November General ","2021-11-02 00:00:00","SALEM CITY","##EV - Central Absentee Precinct","00","Local","0","3538","0","0","3538","0","0","0"
"2021 November General ","2021-11-02 00:00:00","SALEM CITY","##EV - Central Absentee Precinct","09","Congressional","0","3538","0","0","3538","0","0","0"
"2021 November General ","2021-11-02 00:00:00","SALEM CITY","##PE - Central Absentee Precinct","00","Local","0","16","0","0","16","0","0","0"
"2021 November General ","2021-11-02 00:00:00","SALEM CITY","##PE - Central Absentee Precinct","09","Congressional","0","16","0","0","16","0","0","0"
"2021 November General ","2021-11-02 00:00:00","SALEM CITY","001 - NORTH SALEM NO 2","09","Congressional","1","0","552","0","553","2063","157","2220"
"2021 November General ","2021-11-02 00:00:00","SALEM CITY","002 - CONEHURST","09","Congressional","0","0","366","0","366","1240","74","1314"
"2021 November General ","2021-11-02 00:00:00","SALEM CITY","003 - BEVERLY HEIGHTS","09","Congressional","0","0","357","0","357","1044","35","1079"
"2021 November General ","2021-11-02 00:00:00","SALEM CITY","004 - WEST SALEM","09","Congressional","0","0","525","0","525","1569","72","1641"
"2021 November General ","2021-11-02 00:00:00","SALEM CITY","005 - NORTH SALEM NO 1","09","Congressional","1","0","774","0","775","2269","98","2367"
"2021 November General ","2021-11-02 00:00:00","SALEM CITY","006 - SOUTH SALEM NO 1","09","Congressional","0","0","419","0","419","1345","58","1403"
"2021 November General ","2021-11-02 00:00:00","SALEM CITY","007 - SOUTH SALEM NO 2","09","Congressional","0","0","546","0","546","1682","123","1805"
"2021 November General ","2021-11-02 00:00:00","SALEM CITY","008 - EAST SALEM","09","Congressional","0","0","251","0","251","795","47","842"
"2021 November General ","2021-11-02 00:00:00","SALEM CITY","009 - SOUTH SIDE HILLS","09","Congressional","0","0","709","0","709","2136","94","2230"
"2021 November General ","2021-11-02 00:00:00","SALEM CITY","010 - HIDDEN VALLEY","09","Congressional","0","0","815","0","815","2557","129","2686"
"2021 November General ","2021-11-02 00:00:00","SCOTT COUNTY","##AB - Central Absentee Precinct","00","Local","0","301","0","0","301","0","0","0"
"2021 November General ","2021-11-02 00:00:00","SCOTT COUNTY","##AB - Central Absentee Precinct","09","Congressional","0","301","0","0","301","0","0","0"
"2021 November General ","2021-11-02 00:00:00","SCOTT COUNTY","##EV - Central Absentee Precinct","00","Local","0","1689","0","50","1689","0","0","0"
"2021 November General ","2021-11-02 00:00:00","SCOTT COUNTY","##EV - Central Absentee Precinct","09","Congressional","0","1689","0","50","1689","0","0","0"
"2021 November General ","2021-11-02 00:00:00","SCOTT COUNTY","##PE - Central Absentee Precinct","00","Local","0","9","0","0","9","0","0","0"
"2021 November General ","2021-11-02 00:00:00","SCOTT COUNTY","##PE - Central Absentee Precinct","09","Congressional","0","9","0","0","9","0","0","0"
"2021 November General ","2021-11-02 00:00:00","SCOTT COUNTY","101 - WEBER CITY","09","Congressional","2","0","440","7","442","1213","43","1256"
"2021 November General ","2021-11-02 00:00:00","SCOTT COUNTY","102 - YUMA","09","Congressional","0","0","594","8","594","1359","22","1381"
"2021 November General ","2021-11-02 00:00:00","SCOTT COUNTY","202 - WEBER CITY EAST","09","Congressional","0","0","294","3","294","884","22","906"
"2021 November General ","2021-11-02 00:00:00","SCOTT COUNTY","203 - HILTONS","09","Congressional","0","0","568","7","568","1294","29","1323"
"2021 November General ","2021-11-02 00:00:00","SCOTT COUNTY","204 - CLARK'S","09","Congressional","0","0","169","3","169","337","13","350"
"2021 November General ","2021-11-02 00:00:00","SCOTT COUNTY","301 - NICKELSVILLE","09","Congressional","0","0","435","13","435","970","25","995"
"2021 November General ","2021-11-02 00:00:00","SCOTT COUNTY","302 - SNOWFLAKE","09","Congressional","2","0","355","0","357","687","13","700"
"2021 November General ","2021-11-02 00:00:00","SCOTT COUNTY","303 - TWIN SPRINGS","09","Congressional","0","0","274","1","274","759","5","764"
"2021 November General ","2021-11-02 00:00:00","SCOTT COUNTY","304 - COPPER CREEK","09","Congressional","0","0","101","0","101","245","3","248"
"2021 November General ","2021-11-02 00:00:00","SCOTT COUNTY","401 - GATE CITY","09","Congressional","1","0","880","14","881","2780","74","2854"
"2021 November General ","2021-11-02 00:00:00","SCOTT COUNTY","501 - DUNGANNON","09","Congressional","0","0","229","2","229","598","17","615"
"2021 November General ","2021-11-02 00:00:00","SCOTT COUNTY","502 - FORT BLACKMORE","09","Congressional","0","0","264","1","264","627","13","640"
"2021 November General ","2021-11-02 00:00:00","SCOTT COUNTY","503 - MANVILLE","09","Congressional","0","0","153","0","153","432","9","441"
"2021 November General ","2021-11-02 00:00:00","SCOTT COUNTY","504 - RYE COVE","09","Congressional","0","0","389","7","389","869","23","892"
"2021 November General ","2021-11-02 00:00:00","SCOTT COUNTY","601 - CLINCHPORT","09","Congressional","0","0","230","0","230","640","12","652"
"2021 November General ","2021-11-02 00:00:00","SCOTT COUNTY","602 - DUFFIELD-PATTONSVILLE","09","Congressional","0","0","609","7","609","1285","37","1322"
"2021 November General ","2021-11-02 00:00:00","SCOTT COUNTY","603 - FAIRVIEW","09","Congressional","0","0","158","3","158","344","4","348"
"2021 November General ","2021-11-02 00:00:00","SHENANDOAH COUNTY","##AB - Central Absentee Precinct","00","Local","0","970","0","0","970","0","0","0"
"2021 November General ","2021-11-02 00:00:00","SHENANDOAH COUNTY","##AB - Central Absentee Precinct","06","Congressional","2","970","0","0","972","0","0","0"
"2021 November General ","2021-11-02 00:00:00","SHENANDOAH COUNTY","##EV - Central Absentee Precinct","00","Local","0","4485","0","304","4485","0","0","0"
"2021 November General ","2021-11-02 00:00:00","SHENANDOAH COUNTY","##EV - Central Absentee Precinct","06","Congressional","0","4485","0","304","4485","0","0","0"
"2021 November General ","2021-11-02 00:00:00","SHENANDOAH COUNTY","##PE - Central Absentee Precinct","00","Local","0","30","0","0","30","0","0","0"
"2021 November General ","2021-11-02 00:00:00","SHENANDOAH COUNTY","##PE - Central Absentee Precinct","06","Congressional","0","30","0","0","30","0","0","0"
"2021 November General ","2021-11-02 00:00:00","SHENANDOAH COUNTY","101 - ORKNEY SPRINGS","06","Congressional","0","0","682","11","682","1534","58","1592"
"2021 November General ","2021-11-02 00:00:00","SHENANDOAH COUNTY","103 - NEW MARKET","06","Congressional","7","0","1624","15","1631","3503","121","3624"
"2021 November General ","2021-11-02 00:00:00","SHENANDOAH COUNTY","201 - CONICVILLE","06","Congressional","2","0","1209","8","1211","2447","34","2481"
"2021 November General ","2021-11-02 00:00:00","SHENANDOAH COUNTY","202 - MT JACKSON","06","Congressional","7","0","953","14","960","2191","62","2253"
"2021 November General ","2021-11-02 00:00:00","SHENANDOAH COUNTY","302 - EDINBURG","06","Congressional","0","0","963","5","963","2122","58","2180"
"2021 November General ","2021-11-02 00:00:00","SHENANDOAH COUNTY","303 - ST LUKE","06","Congressional","5","0","1029","11","1034","2092","42","2134"
"2021 November General ","2021-11-02 00:00:00","SHENANDOAH COUNTY","304 - FORT VALLEY","06","Congressional","1","0","597","1","598","1139","33","1172"
"2021 November General ","2021-11-02 00:00:00","SHENANDOAH COUNTY","401 - WOODSTOCK","06","Congressional","1","0","1456","54","1457","4877","223","5100"
"2021 November General ","2021-11-02 00:00:00","SHENANDOAH COUNTY","501 - CEDAR CREEK","06","Congressional","0","0","116","1","116","208","4","212"
"2021 November General ","2021-11-02 00:00:00","SHENANDOAH COUNTY","503 - TOMS BROOK","06","Congressional","0","0","1263","12","1263","3073","84","3157"
"2021 November General ","2021-11-02 00:00:00","SHENANDOAH COUNTY","504 - LEBANON CHURCH","06","Congressional","2","0","1098","20","1100","2111","61","2172"
"2021 November General ","2021-11-02 00:00:00","SHENANDOAH COUNTY","601 - STRASBURG","06","Congressional","3","0","1909","35","1912","5155","258","5413"
"2021 November General ","2021-11-02 00:00:00","SMYTH COUNTY","##AB - Central Absentee Precinct","00","Local","0","171","0","0","171","0","0","0"
"2021 November General ","2021-11-02 00:00:00","SMYTH COUNTY","##AB - Central Absentee Precinct","00","Local","0","365","0","0","365","0","0","0"
"2021 November General ","2021-11-02 00:00:00","SMYTH COUNTY","##AB - Central Absentee Precinct","00","Local","0","536","0","0","536","0","0","0"
"2021 November General ","2021-11-02 00:00:00","SMYTH COUNTY","##AB - Central Absentee Precinct","09","Congressional","0","536","0","0","536","0","0","0"
"2021 November General ","2021-11-02 00:00:00","SMYTH COUNTY","##EV - Central Absentee Precinct","00","Local","0","308","0","0","308","0","0","0"
"2021 November General ","2021-11-02 00:00:00","SMYTH COUNTY","##EV - Central Absentee Precinct","00","Local","0","638","0","0","638","0","0","0"
"2021 November General ","2021-11-02 00:00:00","SMYTH COUNTY","##EV - Central Absentee Precinct","00","Local","0","946","0","0","946","0","0","0"
"2021 November General ","2021-11-02 00:00:00","SMYTH COUNTY","##EV - Central Absentee Precinct","09","Congressional","0","946","0","0","946","0","0","0"
"2021 November General ","2021-11-02 00:00:00","SMYTH COUNTY","##PE - Central Absentee Precinct","00","Local","0","15","0","0","15","0","0","0"
"2021 November General ","2021-11-02 00:00:00","SMYTH COUNTY","##PE - Central Absentee Precinct","00","Local","0","19","0","0","19","0","0","0"
"2021 November General ","2021-11-02 00:00:00","SMYTH COUNTY","##PE - Central Absentee Precinct","00","Local","0","34","0","0","34","0","0","0"
"2021 November General ","2021-11-02 00:00:00","SMYTH COUNTY","##PE - Central Absentee Precinct","09","Congressional","0","34","0","0","34","0","0","0"
"2021 November General ","2021-11-02 00:00:00","SMYTH COUNTY","101 - SALTVILLE","09","Congressional","1","0","1125","10","1126","2651","50","2701"
"2021 November General ","2021-11-02 00:00:00","SMYTH COUNTY","201 - SEVEN MILE FORD","09","Congressional","2","0","47","0","49","1911","36","1947"
"2021 November General ","2021-11-02 00:00:00","SMYTH COUNTY","201 - SEVEN MILE FORD","09","Congressional","2","0","767","0","769","1911","36","1947"
"2021 November General ","2021-11-02 00:00:00","SMYTH COUNTY","202 - RICH VALLEY","09","Congressional","2","0","362","0","364","750","12","762"
"2021 November General ","2021-11-02 00:00:00","SMYTH COUNTY","301 - CHILHOWIE","09","Congressional","1","0","1058","10","1059","2210","42","2252"
"2021 November General ","2021-11-02 00:00:00","SMYTH COUNTY","302 - ST CLAIR","09","Congressional","3","0","360","0","363","652","8","660"
"2021 November General ","2021-11-02 00:00:00","SMYTH COUNTY","401 - EAST PARK","09","Congressional","1","0","678","0","679","1700","54","1754"
"2021 November General ","2021-11-02 00:00:00","SMYTH COUNTY","402 - WEST PARK","09","Congressional","0","0","369","3","369","992","50","1042"
"2021 November General ","2021-11-02 00:00:00","SMYTH COUNTY","501 - ATKINS","09","Congressional","1","0","844","1","845","1773","40","1813"
"2021 November General ","2021-11-02 00:00:00","SMYTH COUNTY","502 - WASSONA","09","Congressional","1","0","526","3","527","1125","26","1151"
"2021 November General ","2021-11-02 00:00:00","SMYTH COUNTY","601 - ROYAL OAK EAST","09","Congressional","0","0","697","2","697","1834","55","1889"
"2021 November General ","2021-11-02 00:00:00","SMYTH COUNTY","602 - ROYAL OAK WEST","09","Congressional","2","0","434","1","436","821","26","847"
"2021 November General ","2021-11-02 00:00:00","SMYTH COUNTY","701 - ADWOLFE","09","Congressional","2","0","874","1","876","1760","29","1789"
"2021 November General ","2021-11-02 00:00:00","SMYTH COUNTY","702 - SUGAR GROVE","09","Congressional","0","0","522","0","522","1008","15","1023"
"2021 November General ","2021-11-02 00:00:00","SMYTH COUNTY","703 - KONNAROCK","09","Congressional","0","0","94","0","94","160","5","165"
"2021 November General ","2021-11-02 00:00:00","SOUTHAMPTON COUNTY","##AB - Central Absentee Precinct","00","Local","0","379","0","0","379","0","0","0"
"2021 November General ","2021-11-02 00:00:00","SOUTHAMPTON COUNTY","##AB - Central Absentee Precinct","04","Congressional","0","379","0","0","379","0","0","0"
"2021 November General ","2021-11-02 00:00:00","SOUTHAMPTON COUNTY","##EV - Central Absentee Precinct","00","Local","0","1689","0","74","1689","0","0","0"
"2021 November General ","2021-11-02 00:00:00","SOUTHAMPTON COUNTY","##EV - Central Absentee Precinct","04","Congressional","0","1689","0","74","1689","0","0","0"
"2021 November General ","2021-11-02 00:00:00","SOUTHAMPTON COUNTY","##PE - Central Absentee Precinct","00","Local","0","6","0","0","6","0","0","0"
"2021 November General ","2021-11-02 00:00:00","SOUTHAMPTON COUNTY","##PE - Central Absentee Precinct","04","Congressional","0","6","0","0","6","0","0","0"
"2021 November General ","2021-11-02 00:00:00","SOUTHAMPTON COUNTY","101 - BERLIN","04","Congressional","0","0","536","2","536","871","31","902"
"2021 November General ","2021-11-02 00:00:00","SOUTHAMPTON COUNTY","102 - IVOR","04","Congressional","0","0","628","7","628","1212","41","1253"
"2021 November General ","2021-11-02 00:00:00","SOUTHAMPTON COUNTY","201 - BOYKINS","04","Congressional","1","0","559","2","560","1306","32","1338"
"2021 November General ","2021-11-02 00:00:00","SOUTHAMPTON COUNTY","202 - BRANCHVILLE","04","Congressional","0","0","218","3","218","422","11","433"
"2021 November General ","2021-11-02 00:00:00","SOUTHAMPTON COUNTY","301 - CAPRON","04","Congressional","0","0","400","1","400","1012","23","1035"
"2021 November General ","2021-11-02 00:00:00","SOUTHAMPTON COUNTY","302 - SEBRELL","04","Congressional","0","0","431","0","431","991","38","1029"
"2021 November General ","2021-11-02 00:00:00","SOUTHAMPTON COUNTY","401 - DREWRYVILLE","04","Congressional","0","0","370","0","370","777","37","814"
"2021 November General ","2021-11-02 00:00:00","SOUTHAMPTON COUNTY","501 - HUNTERDALE","04","Congressional","2","0","658","2","660","1545","53","1598"
"2021 November General ","2021-11-02 00:00:00","SOUTHAMPTON COUNTY","502 - FORKS-OF-THE-RIVER","04","Congressional","0","0","309","1","309","681","23","704"
"2021 November General ","2021-11-02 00:00:00","SOUTHAMPTON COUNTY","601 - COURTLAND","04","Congressional","3","0","555","3","558","1361","43","1404"
"2021 November General ","2021-11-02 00:00:00","SOUTHAMPTON COUNTY","602 - SEDLEY","04","Congressional","0","0","319","0","319","517","26","543"
"2021 November General ","2021-11-02 00:00:00","SOUTHAMPTON COUNTY","701 - BLACKWATER RIVER","04","Congressional","0","0","285","0","285","799","31","830"
"2021 November General ","2021-11-02 00:00:00","SOUTHAMPTON COUNTY","702 - NEWSOMS","04","Congressional","2","0","502","4","504","984","42","1026"
"2021 November General ","2021-11-02 00:00:00","SPOTSYLVANIA COUNTY","##AB - Central Absentee Precinct","00","Local","0","135","0","0","135","0","0","0"
"2021 November General ","2021-11-02 00:00:00","SPOTSYLVANIA COUNTY","##AB - Central Absentee Precinct","00","Local","0","187","0","0","187","0","0","0"
"2021 November General ","2021-11-02 00:00:00","SPOTSYLVANIA COUNTY","##AB - Central Absentee Precinct","00","Local","0","1159","0","0","1159","0","0","0"
"2021 November General ","2021-11-02 00:00:00","SPOTSYLVANIA COUNTY","##AB - Central Absentee Precinct","00","Local","0","2668","0","0","2668","0","0","0"
"2021 November General ","2021-11-02 00:00:00","SPOTSYLVANIA COUNTY","##AB - Central Absentee Precinct","00","Local","0","4134","0","0","4134","0","0","0"
"2021 November General ","2021-11-02 00:00:00","SPOTSYLVANIA COUNTY","##AB - Central Absentee Precinct","01","Congressional","0","1148","0","0","1148","0","0","0"
"2021 November General ","2021-11-02 00:00:00","SPOTSYLVANIA COUNTY","##AB - Central Absentee Precinct","07","Congressional","1","2986","0","0","2987","0","0","0"
"2021 November General ","2021-11-02 00:00:00","SPOTSYLVANIA COUNTY","##EV - Central Absentee Precinct","00","Local","0","391","0","85","391","0","0","0"
"2021 November General ","2021-11-02 00:00:00","SPOTSYLVANIA COUNTY","##EV - Central Absentee Precinct","00","Local","0","809","0","93","809","0","0","0"
"2021 November General ","2021-11-02 00:00:00","SPOTSYLVANIA COUNTY","##EV - Central Absentee Precinct","00","Local","0","3901","0","137","3901","0","0","0"
"2021 November General ","2021-11-02 00:00:00","SPOTSYLVANIA COUNTY","##EV - Central Absentee Precinct","00","Local","0","10059","0","391","10059","0","0","0"
"2021 November General ","2021-11-02 00:00:00","SPOTSYLVANIA COUNTY","##EV - Central Absentee Precinct","00","Local","0","15171","0","708","15171","0","0","0"
"2021 November General ","2021-11-02 00:00:00","SPOTSYLVANIA COUNTY","##EV - Central Absentee Precinct","01","Congressional","0","4363","0","300","4363","0","0","0"
"2021 November General ","2021-11-02 00:00:00","SPOTSYLVANIA COUNTY","##EV - Central Absentee Precinct","07","Congressional","0","10808","0","408","10808","0","0","0"
"2021 November General ","2021-11-02 00:00:00","SPOTSYLVANIA COUNTY","##PE - Central Absentee Precinct","00","Local","0","10","0","0","10","0","0","0"
"2021 November General ","2021-11-02 00:00:00","SPOTSYLVANIA COUNTY","##PE - Central Absentee Precinct","00","Local","0","11","0","0","11","0","0","0"
"2021 November General ","2021-11-02 00:00:00","SPOTSYLVANIA COUNTY","##PE - Central Absentee Precinct","00","Local","0","95","0","0","95","0","0","0"
"2021 November General ","2021-11-02 00:00:00","SPOTSYLVANIA COUNTY","##PE - Central Absentee Precinct","00","Local","0","155","0","2","155","0","0","0"
"2021 November General ","2021-11-02 00:00:00","SPOTSYLVANIA COUNTY","##PE - Central Absentee Precinct","00","Local","0","275","0","0","275","0","0","0"
"2021 November General ","2021-11-02 00:00:00","SPOTSYLVANIA COUNTY","##PE - Central Absentee Precinct","01","Congressional","0","65","0","0","65","0","0","0"
"2021 November General ","2021-11-02 00:00:00","SPOTSYLVANIA COUNTY","##PE - Central Absentee Precinct","07","Congressional","0","210","0","0","210","0","0","0"
"2021 November General ","2021-11-02 00:00:00","SPOTSYLVANIA COUNTY","101 - PARTLOW","07","Congressional","0","0","1277","0","1277","2861","100","2961"
"2021 November General ","2021-11-02 00:00:00","SPOTSYLVANIA COUNTY","102 - BLAYDES CORNER","07","Congressional","2","0","1258","15","1260","3219","132","3351"
"2021 November General ","2021-11-02 00:00:00","SPOTSYLVANIA COUNTY","103 - TRAVELERS REST","01","Congressional","4","0","4","0","8","4477","131","4608"
"2021 November General ","2021-11-02 00:00:00","SPOTSYLVANIA COUNTY","103 - TRAVELERS REST","07","Congressional","4","0","1636","19","1640","4477","131","4608"
"2021 November General ","2021-11-02 00:00:00","SPOTSYLVANIA COUNTY","104 - MASSAPONAX","01","Congressional","3","0","1270","6","1273","3489","159","3648"
"2021 November General ","2021-11-02 00:00:00","SPOTSYLVANIA COUNTY","201 - WILDERNESS SCHOOL","07","Congressional","3","0","1250","16","1253","3158","166","3324"
"2021 November General ","2021-11-02 00:00:00","SPOTSYLVANIA COUNTY","202 - WILDERNESS FIRE","07","Congressional","4","0","79","0","83","3188","132","3320"
"2021 November General ","2021-11-02 00:00:00","SPOTSYLVANIA COUNTY","202 - WILDERNESS FIRE","07","Congressional","4","0","1279","9","1283","3188","132","3320"
"2021 November General ","2021-11-02 00:00:00","SPOTSYLVANIA COUNTY","203 - NI RIVER ELYS FORD","07","Congressional","1","0","1226","6","1227","2890","132","3022"
"2021 November General ","2021-11-02 00:00:00","SPOTSYLVANIA COUNTY","204 - CHANCELLOR","07","Congressional","2","0","1442","22","1444","4034","222","4256"
"2021 November General ","2021-11-02 00:00:00","SPOTSYLVANIA COUNTY","301 - PLANK ROAD","07","Congressional","4","0","1325","45","1329","3947","161","4108"
"2021 November General ","2021-11-02 00:00:00","SPOTSYLVANIA COUNTY","302 - HAZEL RUN","07","Congressional","7","0","1242","18","1249","4056","213","4269"
"2021 November General ","2021-11-02 00:00:00","SPOTSYLVANIA COUNTY","303 - RIVERBEND","07","Congressional","12","0","1904","29","1916","5292","203","5495"
"2021 November General ","2021-11-02 00:00:00","SPOTSYLVANIA COUNTY","401 - SUMMIT","01","Congressional","5","0","1613","26","1618","4516","218","4734"
"2021 November General ","2021-11-02 00:00:00","SPOTSYLVANIA COUNTY","402 - PARKSIDE","01","Congressional","8","0","1131","13","1139","5322","291","5613"
"2021 November General ","2021-11-02 00:00:00","SPOTSYLVANIA COUNTY","402 - PARKSIDE","07","Congressional","8","0","401","10","409","5322","291","5613"
"2021 November General ","2021-11-02 00:00:00","SPOTSYLVANIA COUNTY","403 - LEE HILL","01","Congressional","4","0","1480","3","1484","4691","265","4956"
"2021 November General ","2021-11-02 00:00:00","SPOTSYLVANIA COUNTY","501 - BELMONT","07","Congressional","1","0","1128","14","1129","2511","96","2607"
"2021 November General ","2021-11-02 00:00:00","SPOTSYLVANIA COUNTY","502 - BROKENBURG","07","Congressional","2","0","474","6","476","2353","80","2433"
"2021 November General ","2021-11-02 00:00:00","SPOTSYLVANIA COUNTY","502 - BROKENBURG","07","Congressional","2","0","583","10","585","2353","80","2433"
"2021 November General ","2021-11-02 00:00:00","SPOTSYLVANIA COUNTY","503 - POST OAK","07","Congressional","2","0","1101","9","1103","2561","62","2623"
"2021 November General ","2021-11-02 00:00:00","SPOTSYLVANIA COUNTY","504 - COURTHOUSE","07","Congressional","1","0","1250","16","1251","3536","152","3688"
"2021 November General ","2021-11-02 00:00:00","SPOTSYLVANIA COUNTY","505 - BROCK","07","Congressional","0","0","1607","7","1607","3947","156","4103"
"2021 November General ","2021-11-02 00:00:00","SPOTSYLVANIA COUNTY","601 - SALEM","07","Congressional","9","0","1417","12","1426","4194","206","4400"
"2021 November General ","2021-11-02 00:00:00","SPOTSYLVANIA COUNTY","602 - SMITH STATION","07","Congressional","5","0","1791","16","1796","5005","230","5235"
"2021 November General ","2021-11-02 00:00:00","SPOTSYLVANIA COUNTY","603 - PIEDMONT","07","Congressional","1","0","855","15","856","2596","133","2729"
"2021 November General ","2021-11-02 00:00:00","SPOTSYLVANIA COUNTY","701 - BATTLEFIELD","01","Congressional","1","0","1033","5","1034","2918","145","3063"
"2021 November General ","2021-11-02 00:00:00","SPOTSYLVANIA COUNTY","702 - BRENTS MILL","01","Congressional","2","0","19","0","21","4591","291","4882"
"2021 November General ","2021-11-02 00:00:00","SPOTSYLVANIA COUNTY","702 - BRENTS MILL","01","Congressional","2","0","632","3","634","4591","291","4882"
"2021 November General ","2021-11-02 00:00:00","SPOTSYLVANIA COUNTY","702 - BRENTS MILL","07","Congressional","2","0","158","4","160","4591","291","4882"
"2021 November General ","2021-11-02 00:00:00","SPOTSYLVANIA COUNTY","702 - BRENTS MILL","07","Congressional","2","0","568","0","570","4591","291","4882"
"2021 November General ","2021-11-02 00:00:00","SPOTSYLVANIA COUNTY","703 - FAIRVIEW","01","Congressional","5","0","183","1","188","2163","119","2282"
"2021 November General ","2021-11-02 00:00:00","SPOTSYLVANIA COUNTY","703 - FAIRVIEW","07","Congressional","5","0","491","2","496","2163","119","2282"
"2021 November General ","2021-11-02 00:00:00","SPOTSYLVANIA COUNTY","704 - GAYLE","01","Congressional","10","0","365","8","375","5048","204","5252"
"2021 November General ","2021-11-02 00:00:00","SPOTSYLVANIA COUNTY","704 - GAYLE","07","Congressional","10","0","1230","13","1240","5048","204","5252"
"2021 November General ","2021-11-02 00:00:00","STAFFORD COUNTY","##AB - Central Absentee Precinct","00","Local","0","853","0","0","853","0","0","0"
"2021 November General ","2021-11-02 00:00:00","STAFFORD COUNTY","##AB - Central Absentee Precinct","00","Local","0","1238","0","0","1238","0","0","0"
"2021 November General ","2021-11-02 00:00:00","STAFFORD COUNTY","##AB - Central Absentee Precinct","00","Local","0","2281","0","0","2281","0","0","0"
"2021 November General ","2021-11-02 00:00:00","STAFFORD COUNTY","##AB - Central Absentee Precinct","00","Local","0","4372","0","0","4372","0","0","0"
"2021 November General ","2021-11-02 00:00:00","STAFFORD COUNTY","##AB - Central Absentee Precinct","01","Congressional","2","4372","0","0","4374","0","0","0"
"2021 November General ","2021-11-02 00:00:00","STAFFORD COUNTY","##EV - Central Absentee Precinct","00","Local","0","2677","0","0","2677","0","0","0"
"2021 November General ","2021-11-02 00:00:00","STAFFORD COUNTY","##EV - Central Absentee Precinct","00","Local","0","4090","0","0","4090","0","0","0"
"2021 November General ","2021-11-02 00:00:00","STAFFORD COUNTY","##EV - Central Absentee Precinct","00","Local","0","6009","0","0","6009","0","0","0"
"2021 November General ","2021-11-02 00:00:00","STAFFORD COUNTY","##EV - Central Absentee Precinct","00","Local","0","12785","0","0","12785","0","0","0"
"2021 November General ","2021-11-02 00:00:00","STAFFORD COUNTY","##EV - Central Absentee Precinct","01","Congressional","0","12785","0","0","12785","0","0","0"
"2021 November General ","2021-11-02 00:00:00","STAFFORD COUNTY","##PE - Central Absentee Precinct","00","Local","0","45","0","0","45","0","0","0"
"2021 November General ","2021-11-02 00:00:00","STAFFORD COUNTY","##PE - Central Absentee Precinct","00","Local","0","75","0","0","75","0","0","0"
"2021 November General ","2021-11-02 00:00:00","STAFFORD COUNTY","##PE - Central Absentee Precinct","00","Local","0","137","0","0","137","0","0","0"
"2021 November General ","2021-11-02 00:00:00","STAFFORD COUNTY","##PE - Central Absentee Precinct","00","Local","0","257","0","0","257","0","0","0"
"2021 November General ","2021-11-02 00:00:00","STAFFORD COUNTY","##PE - Central Absentee Precinct","01","Congressional","0","257","0","0","257","0","0","0"
"2021 November General ","2021-11-02 00:00:00","STAFFORD COUNTY","101 - HARTWOOD","01","Congressional","6","0","26","0","32","5928","248","6176"
"2021 November General ","2021-11-02 00:00:00","STAFFORD COUNTY","101 - HARTWOOD","01","Congressional","6","0","2667","39","2673","5928","248","6176"
"2021 November General ","2021-11-02 00:00:00","STAFFORD COUNTY","102 - ROCKY RUN","01","Congressional","6","0","1462","49","1468","3680","145","3825"
"2021 November General ","2021-11-02 00:00:00","STAFFORD COUNTY","103 - SIMPSON","01","Congressional","3","0","23","0","26","3851","215","4066"
"2021 November General ","2021-11-02 00:00:00","STAFFORD COUNTY","103 - SIMPSON","01","Congressional","3","0","1429","13","1432","3851","215","4066"
"2021 November General ","2021-11-02 00:00:00","STAFFORD COUNTY","104 - COLLEGE","01","Congressional","6","0","2080","23","2086","4558","199","4757"
"2021 November General ","2021-11-02 00:00:00","STAFFORD COUNTY","201 - ROCK HILL","01","Congressional","0","0","1264","14","1264","2957","169","3126"
"2021 November General ","2021-11-02 00:00:00","STAFFORD COUNTY","202 - ROSEVILLE","01","Congressional","5","0","1614","7","1619","4023","214","4237"
"2021 November General ","2021-11-02 00:00:00","STAFFORD COUNTY","203 - RUBY","01","Congressional","0","0","1324","10","1324","2813","160","2973"
"2021 November General ","2021-11-02 00:00:00","STAFFORD COUNTY","204 - STEFANIGA","01","Congressional","4","0","1754","22","1758","4343","216","4559"
"2021 November General ","2021-11-02 00:00:00","STAFFORD COUNTY","301 - GRIFFIS","01","Congressional","2","0","0","0","2","3053","313","3366"
"2021 November General ","2021-11-02 00:00:00","STAFFORD COUNTY","301 - GRIFFIS","01","Congressional","2","0","974","11","976","3053","313","3366"
"2021 November General ","2021-11-02 00:00:00","STAFFORD COUNTY","302 - WIDEWATER","01","Congressional","0","0","1530","0","1530","4541","262","4803"
"2021 November General ","2021-11-02 00:00:00","STAFFORD COUNTY","303 - HARBOUR","01","Congressional","4","0","1013","5","1017","2155","159","2314"
"2021 November General ","2021-11-02 00:00:00","STAFFORD COUNTY","304 - BARRETT","01","Congressional","0","0","19","0","19","1826","111","1937"
"2021 November General ","2021-11-02 00:00:00","STAFFORD COUNTY","304 - BARRETT","01","Congressional","0","0","635","2","635","1826","111","1937"
"2021 November General ","2021-11-02 00:00:00","STAFFORD COUNTY","401 - AQUIA","01","Congressional","0","0","497","10","497","1715","158","1873"
"2021 November General ","2021-11-02 00:00:00","STAFFORD COUNTY","402 - COURTHOUSE","01","Congressional","7","0","1616","11","1623","5350","417","5767"
"2021 November General ","2021-11-02 00:00:00","STAFFORD COUNTY","403 - BROOKE","01","Congressional","1","0","1890","27","1891","4876","262","5138"
"2021 November General ","2021-11-02 00:00:00","STAFFORD COUNTY","404 - GOVERNMENT ISLAND","01","Congressional","1","0","1192","0","1193","2677","217","2894"
"2021 November General ","2021-11-02 00:00:00","STAFFORD COUNTY","501 - GRAFTON","01","Congressional","6","0","2019","17","2025","4492","178","4670"
"2021 November General ","2021-11-02 00:00:00","STAFFORD COUNTY","502 - FALMOUTH","01","Congressional","4","0","1500","24","1504","3258","148","3406"
"2021 November General ","2021-11-02 00:00:00","STAFFORD COUNTY","503 - DREW","01","Congressional","3","0","194","0","197","3627","174","3801"
"2021 November General ","2021-11-02 00:00:00","STAFFORD COUNTY","503 - DREW","01","Congressional","3","0","1295","16","1298","3627","174","3801"
"2021 November General ","2021-11-02 00:00:00","STAFFORD COUNTY","504 - GAYLE","01","Congressional","0","0","1105","27","1105","2964","170","3134"
"2021 November General ","2021-11-02 00:00:00","STAFFORD COUNTY","601 - FERRY FARM","01","Congressional","5","0","1393","20","1398","2787","149","2936"
"2021 November General ","2021-11-02 00:00:00","STAFFORD COUNTY","602 - CHATHAM","01","Congressional","3","0","1623","15","1626","3662","204","3866"
"2021 November General ","2021-11-02 00:00:00","STAFFORD COUNTY","603 - WHITE OAK","01","Congressional","3","0","2079","22","2082","3981","128","4109"
"2021 November General ","2021-11-02 00:00:00","STAFFORD COUNTY","604 - ENGLAND RUN","01","Congressional","3","0","858","21","861","2909","221","3130"
"2021 November General ","2021-11-02 00:00:00","STAFFORD COUNTY","701 - WOODLANDS","01","Congressional","6","0","990","8","996","5644","333","5977"
"2021 November General ","2021-11-02 00:00:00","STAFFORD COUNTY","701 - WOODLANDS","01","Congressional","6","0","1101","8","1107","5644","333","5977"
"2021 November General ","2021-11-02 00:00:00","STAFFORD COUNTY","702 - WHITSON","01","Congressional","1","0","216","2","217","3668","314","3982"
"2021 November General ","2021-11-02 00:00:00","STAFFORD COUNTY","702 - WHITSON","01","Congressional","1","0","325","0","326","3668","314","3982"
"2021 November General ","2021-11-02 00:00:00","STAFFORD COUNTY","702 - WHITSON","01","Congressional","1","0","659","0","660","3668","314","3982"
"2021 November General ","2021-11-02 00:00:00","STAFFORD COUNTY","703 - HAMPTON","01","Congressional","1","0","596","9","597","5293","309","5602"
"2021 November General ","2021-11-02 00:00:00","STAFFORD COUNTY","703 - HAMPTON","01","Congressional","1","0","1266","9","1267","5293","309","5602"
"2021 November General ","2021-11-02 00:00:00","STAUNTON CITY","##AB - Central Absentee Precinct","00","Local","0","1012","0","0","1012","0","0","0"
"2021 November General ","2021-11-02 00:00:00","STAUNTON CITY","##AB - Central Absentee Precinct","06","Congressional","0","1012","0","0","1012","0","0","0"
"2021 November General ","2021-11-02 00:00:00","STAUNTON CITY","##EV - Central Absentee Precinct","00","Local","0","3242","0","0","3242","0","0","0"
"2021 November General ","2021-11-02 00:00:00","STAUNTON CITY","##EV - Central Absentee Precinct","00","Local","0","3242","0","59","3242","0","0","0"
"2021 November General ","2021-11-02 00:00:00","STAUNTON CITY","##EV - Central Absentee Precinct","06","Congressional","0","3242","0","0","3242","0","0","0"
"2021 November General ","2021-11-02 00:00:00","STAUNTON CITY","##PE - Central Absentee Precinct","00","Local","0","41","0","0","41","0","0","0"
"2021 November General ","2021-11-02 00:00:00","STAUNTON CITY","##PE - Central Absentee Precinct","06","Congressional","0","41","0","0","41","0","0","0"
"2021 November General ","2021-11-02 00:00:00","STAUNTON CITY","101 - WARD NO 1","06","Congressional","7","0","1142","0","1149","3658","166","3824"
"2021 November General ","2021-11-02 00:00:00","STAUNTON CITY","201 - WARD NO 2","06","Congressional","3","0","1265","0","1268","4088","238","4326"
"2021 November General ","2021-11-02 00:00:00","STAUNTON CITY","301 - WARD NO 3","06","Congressional","6","0","1173","0","1179","3179","106","3285"
"2021 November General ","2021-11-02 00:00:00","STAUNTON CITY","401 - WARD NO 4","06","Congressional","5","0","972","0","977","2708","127","2835"
"2021 November General ","2021-11-02 00:00:00","STAUNTON CITY","501 - WARD NO 5","06","Congressional","3","0","936","0","939","3100","205","3305"
"2021 November General ","2021-11-02 00:00:00","SUFFOLK CITY","##AB - Central Absentee Precinct","00","Local","0","179","0","0","179","0","0","0"
"2021 November General ","2021-11-02 00:00:00","SUFFOLK CITY","##AB - Central Absentee Precinct","00","Local","0","2608","0","0","2608","0","0","0"
"2021 November General ","2021-11-02 00:00:00","SUFFOLK CITY","##AB - Central Absentee Precinct","00","Local","0","2787","0","0","2787","0","0","0"
"2021 November General ","2021-11-02 00:00:00","SUFFOLK CITY","##AB - Central Absentee Precinct","03","Congressional","2","1946","0","0","1948","0","0","0"
"2021 November General ","2021-11-02 00:00:00","SUFFOLK CITY","##AB - Central Absentee Precinct","04","Congressional","1","838","0","0","839","0","0","0"
"2021 November General ","2021-11-02 00:00:00","SUFFOLK CITY","##EV - Central Absentee Precinct","00","Local","0","712","0","0","712","0","0","0"
"2021 November General ","2021-11-02 00:00:00","SUFFOLK CITY","##EV - Central Absentee Precinct","00","Local","0","8566","0","0","8566","0","0","0"
"2021 November General ","2021-11-02 00:00:00","SUFFOLK CITY","##EV - Central Absentee Precinct","00","Local","0","9278","0","0","9278","0","0","0"
"2021 November General ","2021-11-02 00:00:00","SUFFOLK CITY","##EV - Central Absentee Precinct","03","Congressional","0","5667","0","0","5667","0","0","0"
"2021 November General ","2021-11-02 00:00:00","SUFFOLK CITY","##EV - Central Absentee Precinct","04","Congressional","0","3611","0","0","3611","0","0","0"
"2021 November General ","2021-11-02 00:00:00","SUFFOLK CITY","##PE - Central Absentee Precinct","00","Local","0","10","0","0","10","0","0","0"
"2021 November General ","2021-11-02 00:00:00","SUFFOLK CITY","##PE - Central Absentee Precinct","00","Local","0","200","0","0","200","0","0","0"
"2021 November General ","2021-11-02 00:00:00","SUFFOLK CITY","##PE - Central Absentee Precinct","00","Local","0","211","0","0","211","0","0","0"
"2021 November General ","2021-11-02 00:00:00","SUFFOLK CITY","##PE - Central Absentee Precinct","03","Congressional","0","152","0","0","152","0","0","0"
"2021 November General ","2021-11-02 00:00:00","SUFFOLK CITY","##PE - Central Absentee Precinct","04","Congressional","0","60","0","0","60","0","0","0"
"2021 November General ","2021-11-02 00:00:00","SUFFOLK CITY","101 - BELLEHARBOUR","03","Congressional","7","0","799","17","806","2240","207","2447"
"2021 November General ","2021-11-02 00:00:00","SUFFOLK CITY","102 - DRIVER","03","Congressional","0","0","2081","18","2081","4097","144","4241"
"2021 November General ","2021-11-02 00:00:00","SUFFOLK CITY","104 - BENNETTS CREEK","03","Congressional","3","0","1367","12","1370","3061","211","3272"
"2021 November General ","2021-11-02 00:00:00","SUFFOLK CITY","201 - EBENEZER","03","Congressional","3","0","1160","11","1163","1971","48","2019"
"2021 November General ","2021-11-02 00:00:00","SUFFOLK CITY","202 - CHUCKATUCK","03","Congressional","13","0","1007","11","1020","2064","72","2136"
"2021 November General ","2021-11-02 00:00:00","SUFFOLK CITY","203 - KINGS FORK","03","Congressional","2","0","1104","10","1106","3577","181","3758"
"2021 November General ","2021-11-02 00:00:00","SUFFOLK CITY","204 - HILLPOINT","03","Congressional","9","0","947","7","956","2926","182","3108"
"2021 November General ","2021-11-02 00:00:00","SUFFOLK CITY","301 - WHITE MARSH","04","Congressional","2","0","267","3","269","911","59","970"
"2021 November General ","2021-11-02 00:00:00","SUFFOLK CITY","302 - JOHN F KENNEDY","03","Congressional","4","0","467","15","471","3398","214","3612"
"2021 November General ","2021-11-02 00:00:00","SUFFOLK CITY","302 - JOHN F KENNEDY","04","Congressional","4","0","393","15","397","3398","214","3612"
"2021 November General ","2021-11-02 00:00:00","SUFFOLK CITY","304 - NANSEMOND RIVER","03","Congressional","3","0","1083","30","1086","2920","160","3080"
"2021 November General ","2021-11-02 00:00:00","SUFFOLK CITY","305 - SHOULDERS HILL","03","Congressional","1","0","514","8","515","1155","49","1204"
"2021 November General ","2021-11-02 00:00:00","SUFFOLK CITY","401 - AIRPORT","04","Congressional","1","0","583","8","584","1641","69","1710"
"2021 November General ","2021-11-02 00:00:00","SUFFOLK CITY","402 - WHALEYVILLE","04","Congressional","4","0","885","5","889","1824","91","1915"
"2021 November General ","2021-11-02 00:00:00","SUFFOLK CITY","403 - SOUTHSIDE","04","Congressional","0","0","365","4","365","1615","129","1744"
"2021 November General ","2021-11-02 00:00:00","SUFFOLK CITY","404 - BOOKER T WASHINGTON","03","Congressional","2","0","139","6","141","2335","199","2534"
"2021 November General ","2021-11-02 00:00:00","SUFFOLK CITY","404 - BOOKER T WASHINGTON","04","Congressional","2","0","449","6","451","2335","199","2534"
"2021 November General ","2021-11-02 00:00:00","SUFFOLK CITY","405 - PITTMANTOWN","04","Congressional","1","0","323","4","324","704","22","726"
"2021 November General ","2021-11-02 00:00:00","SUFFOLK CITY","501 - KILBYS MILL","04","Congressional","5","0","1211","4","1216","3185","119","3304"
"2021 November General ","2021-11-02 00:00:00","SUFFOLK CITY","502 - HOLLAND","04","Congressional","7","0","1352","10","1359","3004","93","3097"
"2021 November General ","2021-11-02 00:00:00","SUFFOLK CITY","504 - LAKE COHOON","03","Congressional","2","0","279","6","281","3191","102","3293"
"2021 November General ","2021-11-02 00:00:00","SUFFOLK CITY","504 - LAKE COHOON","04","Congressional","2","0","1115","6","1117","3191","102","3293"
"2021 November General ","2021-11-02 00:00:00","SUFFOLK CITY","601 - LAKESIDE","04","Congressional","0","0","817","9","817","2951","184","3135"
"2021 November General ","2021-11-02 00:00:00","SUFFOLK CITY","602 - OLDE TOWNE","03","Congressional","2","0","242","0","244","890","79","969"
"2021 November General ","2021-11-02 00:00:00","SUFFOLK CITY","602 - OLDE TOWNE","04","Congressional","2","0","2","0","4","890","79","969"
"2021 November General ","2021-11-02 00:00:00","SUFFOLK CITY","603 - ELEPHANTS FORK/WESTHAVEN","04","Congressional","2","0","326","3","328","971","49","1020"
"2021 November General ","2021-11-02 00:00:00","SUFFOLK CITY","604 - WILROY","03","Congressional","1","0","826","10","827","2378","112","2490"
"2021 November General ","2021-11-02 00:00:00","SUFFOLK CITY","605 - HOLLYWOOD","03","Congressional","1","0","352","13","353","1472","111","1583"
"2021 November General ","2021-11-02 00:00:00","SUFFOLK CITY","702 - HARBOURVIEW","03","Congressional","17","0","1521","32","1538","3772","198","3970"
"2021 November General ","2021-11-02 00:00:00","SUFFOLK CITY","704 - BURBAGE GRANT","03","Congressional","4","0","1294","6","1298","2868","167","3035"
"2021 November General ","2021-11-02 00:00:00","SUFFOLK CITY","706 - HUNTERSVILLE","03","Congressional","4","0","1172","19","1176","3568","314","3882"
"2021 November General ","2021-11-02 00:00:00","SURRY COUNTY","##AB - Central Absentee Precinct","00","Local","0","291","0","0","291","0","0","0"
"2021 November General ","2021-11-02 00:00:00","SURRY COUNTY","##AB - Central Absentee Precinct","04","Congressional","0","291","0","0","291","0","0","0"
"2021 November General ","2021-11-02 00:00:00","SURRY COUNTY","##EV - Central Absentee Precinct","00","Local","0","982","0","3","982","0","0","0"
"2021 November General ","2021-11-02 00:00:00","SURRY COUNTY","##EV - Central Absentee Precinct","04","Congressional","0","982","0","3","982","0","0","0"
"2021 November General ","2021-11-02 00:00:00","SURRY COUNTY","##PE - Central Absentee Precinct","00","Local","0","8","0","0","8","0","0","0"
"2021 November General ","2021-11-02 00:00:00","SURRY COUNTY","##PE - Central Absentee Precinct","04","Congressional","0","8","0","0","8","0","0","0"
"2021 November General ","2021-11-02 00:00:00","SURRY COUNTY","101 - SURRY","04","Congressional","0","0","425","0","425","1149","27","1176"
"2021 November General ","2021-11-02 00:00:00","SURRY COUNTY","201 - BACONS CASTLE","04","Congressional","0","0","456","0","456","1052","36","1088"
"2021 November General ","2021-11-02 00:00:00","SURRY COUNTY","301 - DENDRON","04","Congressional","0","0","456","0","456","1071","44","1115"
"2021 November General ","2021-11-02 00:00:00","SURRY COUNTY","401 - CARSLEY","04","Congressional","0","0","495","0","495","1085","31","1116"
"2021 November General ","2021-11-02 00:00:00","SURRY COUNTY","501 - CLAREMONT","04","Congressional","0","0","324","0","324","677","15","692"
"2021 November General ","2021-11-02 00:00:00","SURRY COUNTY","502 - SPRING GROVE","04","Congressional","0","0","118","0","118","372","19","391"
"2021 November General ","2021-11-02 00:00:00","SUSSEX COUNTY","##AB - Central Absentee Precinct","00","Local","0","318","0","0","318","0","0","0"
"2021 November General ","2021-11-02 00:00:00","SUSSEX COUNTY","##AB - Central Absentee Precinct","04","Congressional","0","318","0","0","318","0","0","0"
"2021 November General ","2021-11-02 00:00:00","SUSSEX COUNTY","##EV - Central Absentee Precinct","00","Local","0","852","0","0","852","0","0","0"
"2021 November General ","2021-11-02 00:00:00","SUSSEX COUNTY","##EV - Central Absentee Precinct","04","Congressional","0","852","0","0","852","0","0","0"
"2021 November General ","2021-11-02 00:00:00","SUSSEX COUNTY","##PE - Central Absentee Precinct","00","Local","0","3","0","0","3","0","0","0"
"2021 November General ","2021-11-02 00:00:00","SUSSEX COUNTY","##PE - Central Absentee Precinct","04","Congressional","0","3","0","0","3","0","0","0"
"2021 November General ","2021-11-02 00:00:00","SUSSEX COUNTY","101 - WAVERLY","04","Congressional","2","0","411","0","413","1111","40","1151"
"2021 November General ","2021-11-02 00:00:00","SUSSEX COUNTY","201 - STONY CREEK","04","Congressional","0","0","351","0","351","815","28","843"
"2021 November General ","2021-11-02 00:00:00","SUSSEX COUNTY","202 - LITTLE MILL","04","Congressional","0","0","102","0","102","224","5","229"
"2021 November General ","2021-11-02 00:00:00","SUSSEX COUNTY","301 - COURTHOUSE","04","Congressional","2","0","333","0","335","889","27","916"
"2021 November General ","2021-11-02 00:00:00","SUSSEX COUNTY","302 - WAKEFIELD","04","Congressional","0","0","139","0","139","241","3","244"
"2021 November General ","2021-11-02 00:00:00","SUSSEX COUNTY","401 - MARS HILL","04","Congressional","1","0","435","0","436","1017","26","1043"
"2021 November General ","2021-11-02 00:00:00","SUSSEX COUNTY","402 - WEST WAKEFIELD","04","Congressional","0","0","41","0","41","134","3","137"
"2021 November General ","2021-11-02 00:00:00","SUSSEX COUNTY","501 - HENRY","04","Congressional","0","0","374","0","374","818","18","836"
"2021 November General ","2021-11-02 00:00:00","SUSSEX COUNTY","502 - YALE","04","Congressional","1","0","154","0","155","374","17","391"
"2021 November General ","2021-11-02 00:00:00","SUSSEX COUNTY","601 - BLACKWATER","04","Congressional","0","0","348","0","348","765","18","783"
"2021 November General ","2021-11-02 00:00:00","SUSSEX COUNTY","602 - NEWVILLE","04","Congressional","2","0","164","0","166","461","18","479"
"2021 November General ","2021-11-02 00:00:00","TAZEWELL COUNTY","##AB - Central Absentee Precinct","00","Local","0","702","0","0","702","0","0","0"
"2021 November General ","2021-11-02 00:00:00","TAZEWELL COUNTY","##AB - Central Absentee Precinct","09","Congressional","0","702","0","0","702","0","0","0"
"2021 November General ","2021-11-02 00:00:00","TAZEWELL COUNTY","##EV - Central Absentee Precinct","00","Local","0","3628","0","92","3628","0","0","0"
"2021 November General ","2021-11-02 00:00:00","TAZEWELL COUNTY","##EV - Central Absentee Precinct","09","Congressional","0","3628","0","92","3628","0","0","0"
"2021 November General ","2021-11-02 00:00:00","TAZEWELL COUNTY","##PE - Central Absentee Precinct","00","Local","0","24","0","0","24","0","0","0"
"2021 November General ","2021-11-02 00:00:00","TAZEWELL COUNTY","##PE - Central Absentee Precinct","09","Congressional","0","24","0","0","24","0","0","0"
"2021 November General ","2021-11-02 00:00:00","TAZEWELL COUNTY","101 - INDIAN VALLEY","09","Congressional","0","0","383","2","383","876","52","928"
"2021 November General ","2021-11-02 00:00:00","TAZEWELL COUNTY","102 - TIP TOP","09","Congressional","0","0","231","0","231","620","50","670"
"2021 November General ","2021-11-02 00:00:00","TAZEWELL COUNTY","103 - MUNDY TOWN","09","Congressional","2","0","437","10","439","1385","83","1468"
"2021 November General ","2021-11-02 00:00:00","TAZEWELL COUNTY","104 - FALLS MILLS","09","Congressional","0","0","318","3","318","718","71","789"
"2021 November General ","2021-11-02 00:00:00","TAZEWELL COUNTY","106 - POCAHONTAS","09","Congressional","0","0","128","4","128","322","32","354"
"2021 November General ","2021-11-02 00:00:00","TAZEWELL COUNTY","107 - AMONATE","09","Congressional","0","0","39","0","39","114","43","157"
"2021 November General ","2021-11-02 00:00:00","TAZEWELL COUNTY","109 - BISHOP","09","Congressional","0","0","105","1","105","268","28","296"
"2021 November General ","2021-11-02 00:00:00","TAZEWELL COUNTY","112 - BANDY","09","Congressional","0","0","139","1","139","253","44","297"
"2021 November General ","2021-11-02 00:00:00","TAZEWELL COUNTY","203 - BURKES GARDEN","09","Congressional","0","0","91","2","91","149","19","168"
"2021 November General ","2021-11-02 00:00:00","TAZEWELL COUNTY","204 - CLEAR FORK","09","Congressional","0","0","282","4","282","711","37","748"
"2021 November General ","2021-11-02 00:00:00","TAZEWELL COUNTY","207 - FREESTONE","09","Congressional","0","0","116","2","116","186","25","211"
"2021 November General ","2021-11-02 00:00:00","TAZEWELL COUNTY","209 - JEFFERSONVILLE","09","Congressional","1","0","1020","11","1021","3794","179","3973"
"2021 November General ","2021-11-02 00:00:00","TAZEWELL COUNTY","214 - THOMPSON VALLEY","09","Congressional","0","0","325","2","325","730","51","781"
"2021 November General ","2021-11-02 00:00:00","TAZEWELL COUNTY","301 - CEDAR BLUFF","09","Congressional","0","0","1007","5","1007","2691","289","2980"
"2021 November General ","2021-11-02 00:00:00","TAZEWELL COUNTY","302 - BAPTIST VALLEY","09","Congressional","0","0","237","2","237","605","50","655"
"2021 November General ","2021-11-02 00:00:00","TAZEWELL COUNTY","303 - PAINT LICK","09","Congressional","0","0","837","6","837","2067","67","2134"
"2021 November General ","2021-11-02 00:00:00","TAZEWELL COUNTY","401 - RICHLANDS","09","Congressional","5","0","1685","30","1690","4690","287","4977"
"2021 November General ","2021-11-02 00:00:00","TAZEWELL COUNTY","402 - JEWELL RIDGE","09","Congressional","0","0","164","7","164","303","48","351"
"2021 November General ","2021-11-02 00:00:00","TAZEWELL COUNTY","501 - SPRINGVILLE","09","Congressional","2","0","743","5","745","1810","167","1977"
"2021 November General ","2021-11-02 00:00:00","TAZEWELL COUNTY","502 - GRAHAM","09","Congressional","6","0","1275","7","1281","3356","361","3717"
"2021 November General ","2021-11-02 00:00:00","VIRGINIA BEACH CITY","##AB - Central Absentee Precinct","00","Local","0","0","0","0","0","0","0","0"
"2021 November General ","2021-11-02 00:00:00","VIRGINIA BEACH CITY","##AB - Central Absentee Precinct","00","Local","0","4","0","0","4","0","0","0"
"2021 November General ","2021-11-02 00:00:00","VIRGINIA BEACH CITY","##AB - Central Absentee Precinct","00","Local","0","1478","0","0","1478","0","0","0"
"2021 November General ","2021-11-02 00:00:00","VIRGINIA BEACH CITY","##AB - Central Absentee Precinct","00","Local","0","2731","0","0","2731","0","0","0"
"2021 November General ","2021-11-02 00:00:00","VIRGINIA BEACH CITY","##AB - Central Absentee Precinct","00","Local","0","3134","0","0","3134","0","0","0"
"2021 November General ","2021-11-02 00:00:00","VIRGINIA BEACH CITY","##AB - Central Absentee Precinct","00","Local","0","3153","0","0","3153","0","0","0"
"2021 November General ","2021-11-02 00:00:00","VIRGINIA BEACH CITY","##AB - Central Absentee Precinct","00","Local","0","3233","0","0","3233","0","0","0"
"2021 November General ","2021-11-02 00:00:00","VIRGINIA BEACH CITY","##AB - Central Absentee Precinct","00","Local","0","4382","0","0","4382","0","0","0"
"2021 November General ","2021-11-02 00:00:00","VIRGINIA BEACH CITY","##AB - Central Absentee Precinct","00","Local","0","18115","0","0","18115","0","0","0"
"2021 November General ","2021-11-02 00:00:00","VIRGINIA BEACH CITY","##AB - Central Absentee Precinct","02","Congressional","2","18115","0","0","18117","0","0","0"
"2021 November General ","2021-11-02 00:00:00","VIRGINIA BEACH CITY","##EV - Central Absentee Precinct","00","Local","0","6","0","6","6","0","0","0"
"2021 November General ","2021-11-02 00:00:00","VIRGINIA BEACH CITY","##EV - Central Absentee Precinct","00","Local","0","8","0","6","8","0","0","0"
"2021 November General ","2021-11-02 00:00:00","VIRGINIA BEACH CITY","##EV - Central Absentee Precinct","00","Local","0","3952","0","588","3952","0","0","0"
"2021 November General ","2021-11-02 00:00:00","VIRGINIA BEACH CITY","##EV - Central Absentee Precinct","00","Local","0","5270","0","800","5270","0","0","0"
"2021 November General ","2021-11-02 00:00:00","VIRGINIA BEACH CITY","##EV - Central Absentee Precinct","00","Local","0","5375","0","827","5375","0","0","0"
"2021 November General ","2021-11-02 00:00:00","VIRGINIA BEACH CITY","##EV - Central Absentee Precinct","00","Local","0","6371","0","557","6371","0","0","0"
"2021 November General ","2021-11-02 00:00:00","VIRGINIA BEACH CITY","##EV - Central Absentee Precinct","00","Local","0","7005","0","1344","7005","0","0","0"
"2021 November General ","2021-11-02 00:00:00","VIRGINIA BEACH CITY","##EV - Central Absentee Precinct","00","Local","0","9428","0","778","9428","0","0","0"
"2021 November General ","2021-11-02 00:00:00","VIRGINIA BEACH CITY","##EV - Central Absentee Precinct","00","Local","0","37416","0","4906","37416","0","0","0"
"2021 November General ","2021-11-02 00:00:00","VIRGINIA BEACH CITY","##EV - Central Absentee Precinct","02","Congressional","0","37416","0","4906","37416","0","0","0"
"2021 November General ","2021-11-02 00:00:00","VIRGINIA BEACH CITY","##PE - Central Absentee Precinct","00","Local","0","0","0","0","0","0","0","0"
"2021 November General ","2021-11-02 00:00:00","VIRGINIA BEACH CITY","##PE - Central Absentee Precinct","00","Local","0","1","0","0","1","0","0","0"
"2021 November General ","2021-11-02 00:00:00","VIRGINIA BEACH CITY","##PE - Central Absentee Precinct","00","Local","0","64","0","0","64","0","0","0"
"2021 November General ","2021-11-02 00:00:00","VIRGINIA BEACH CITY","##PE - Central Absentee Precinct","00","Local","0","96","0","0","96","0","0","0"
"2021 November General ","2021-11-02 00:00:00","VIRGINIA BEACH CITY","##PE - Central Absentee Precinct","00","Local","0","120","0","0","120","0","0","0"
"2021 November General ","2021-11-02 00:00:00","VIRGINIA BEACH CITY","##PE - Central Absentee Precinct","00","Local","0","134","0","0","134","0","0","0"
"2021 November General ","2021-11-02 00:00:00","VIRGINIA BEACH CITY","##PE - Central Absentee Precinct","00","Local","0","135","0","0","135","0","0","0"
"2021 November General ","2021-11-02 00:00:00","VIRGINIA BEACH CITY","##PE - Central Absentee Precinct","00","Local","0","205","0","0","205","0","0","0"
"2021 November General ","2021-11-02 00:00:00","VIRGINIA BEACH CITY","##PE - Central Absentee Precinct","00","Local","0","811","0","0","811","0","0","0"
"2021 November General ","2021-11-02 00:00:00","VIRGINIA BEACH CITY","##PE - Central Absentee Precinct","02","Congressional","0","811","0","0","811","0","0","0"
"2021 November General ","2021-11-02 00:00:00","VIRGINIA BEACH CITY","001 - NORTH BEACH","02","Congressional","5","0","1613","28","1618","4111","233","4344"
"2021 November General ","2021-11-02 00:00:00","VIRGINIA BEACH CITY","002 - SOUTH BEACH","02","Congressional","1","0","1225","15","1226","3840","311","4151"
"2021 November General ","2021-11-02 00:00:00","VIRGINIA BEACH CITY","003 - OCEAN LAKES","02","Congressional","1","0","889","14","890","2368","155","2523"
"2021 November General ","2021-11-02 00:00:00","VIRGINIA BEACH CITY","004 - LINKHORN","02","Congressional","3","0","1125","5","1128","3495","253","3748"
"2021 November General ","2021-11-02 00:00:00","VIRGINIA BEACH CITY","005 - SEATACK","02","Congressional","6","0","980","32","986","3590","347","3937"
"2021 November General ","2021-11-02 00:00:00","VIRGINIA BEACH CITY","006 - ALANTON","02","Congressional","5","0","1263","24","1268","3369","126","3495"
"2021 November General ","2021-11-02 00:00:00","VIRGINIA BEACH CITY","007 - KINGSTON","02","Congressional","3","0","966","9","969","1903","54","1957"
"2021 November General ","2021-11-02 00:00:00","VIRGINIA BEACH CITY","008 - LONDON BRIDGE","02","Congressional","5","0","1308","26","1313","3868","282","4150"
"2021 November General ","2021-11-02 00:00:00","VIRGINIA BEACH CITY","009 - TRANTWOOD","02","Congressional","0","0","1108","22","1108","2807","105","2912"
"2021 November General ","2021-11-02 00:00:00","VIRGINIA BEACH CITY","010 - GREAT NECK","02","Congressional","6","0","1129","8","1135","3462","108","3570"
"2021 November General ","2021-11-02 00:00:00","VIRGINIA BEACH CITY","011 - CAPE HENRY","02","Congressional","1","0","1500","7","1501","3761","225","3986"
"2021 November General ","2021-11-02 00:00:00","VIRGINIA BEACH CITY","012 - PLAZA","02","Congressional","3","0","1107","31","1110","3553","237","3790"
"2021 November General ","2021-11-02 00:00:00","VIRGINIA BEACH CITY","013 - MT TRASHMORE","02","Congressional","6","0","1378","79","1384","3983","239","4222"
"2021 November General ","2021-11-02 00:00:00","VIRGINIA BEACH CITY","014 - MALIBU","02","Congressional","2","0","1306","24","1308","3282","184","3466"
"2021 November General ","2021-11-02 00:00:00","VIRGINIA BEACH CITY","015 - OLD DONATION","02","Congressional","3","0","878","11","881","2638","188","2826"
"2021 November General ","2021-11-02 00:00:00","VIRGINIA BEACH CITY","016 - ARAGONA","02","Congressional","3","0","1456","39","1459","4193","301","4494"
"2021 November General ","2021-11-02 00:00:00","VIRGINIA BEACH CITY","017 - OCEAN PARK","02","Congressional","3","0","777","7","780","2432","141","2573"
"2021 November General ","2021-11-02 00:00:00","VIRGINIA BEACH CITY","018 - THOROUGHGOOD","02","Congressional","2","0","1249","29","1251","3489","133","3622"
"2021 November General ","2021-11-02 00:00:00","VIRGINIA BEACH CITY","019 - LAKE SMITH","02","Congressional","4","0","751","14","755","1715","90","1805"
"2021 November General ","2021-11-02 00:00:00","VIRGINIA BEACH CITY","020 - BAYSIDE","02","Congressional","1","0","1055","28","1056","2646","137","2783"
"2021 November General ","2021-11-02 00:00:00","VIRGINIA BEACH CITY","021 - DAVIS CORNER","02","Congressional","2","0","956","3","958","3389","301","3690"
"2021 November General ","2021-11-02 00:00:00","VIRGINIA BEACH CITY","022 - POINT O VIEW","02","Congressional","1","0","1068","37","1069","2331","197","2528"
"2021 November General ","2021-11-02 00:00:00","VIRGINIA BEACH CITY","023 - ARROWHEAD","02","Congressional","6","0","1291","0","1297","3103","163","3266"
"2021 November General ","2021-11-02 00:00:00","VIRGINIA BEACH CITY","024 - LARKSPUR","02","Congressional","1","0","917","14","918","2220","172","2392"
"2021 November General ","2021-11-02 00:00:00","VIRGINIA BEACH CITY","025 - AVALON","02","Congressional","7","0","1748","72","1755","4424","256","4680"
"2021 November General ","2021-11-02 00:00:00","VIRGINIA BEACH CITY","026 - FAIRFIELD","02","Congressional","2","0","1264","15","1266","2769","117","2886"
"2021 November General ","2021-11-02 00:00:00","VIRGINIA BEACH CITY","027 - EDWIN","02","Congressional","4","0","1293","33","1297","2943","113","3056"
"2021 November General ","2021-11-02 00:00:00","VIRGINIA BEACH CITY","028 - THALIA","02","Congressional","1","0","939","12","940","2144","121","2265"
"2021 November General ","2021-11-02 00:00:00","VIRGINIA BEACH CITY","029 - HOLLAND","02","Congressional","4","0","964","38","968","3607","288","3895"
"2021 November General ","2021-11-02 00:00:00","VIRGINIA BEACH CITY","030 - RED WING","02","Congressional","1","0","909","38","910","3285","411","3696"
"2021 November General ","2021-11-02 00:00:00","VIRGINIA BEACH CITY","031 - SIGMA","02","Congressional","3","0","1487","7","1490","3580","130","3710"
"2021 November General ","2021-11-02 00:00:00","VIRGINIA BEACH CITY","032 - CREEDS","02","Congressional","3","0","870","9","873","1542","49","1591"
"2021 November General ","2021-11-02 00:00:00","VIRGINIA BEACH CITY","033 - CAPPS SHOP","02","Congressional","4","0","915","2","919","1661","49","1710"
"2021 November General ","2021-11-02 00:00:00","VIRGINIA BEACH CITY","034 - BLACKWATER","02","Congressional","0","0","566","4","566","1003","44","1047"
"2021 November General ","2021-11-02 00:00:00","VIRGINIA BEACH CITY","035 - COURTHOUSE","02","Congressional","1","0","915","39","916","3291","90","3381"
"2021 November General ","2021-11-02 00:00:00","VIRGINIA BEACH CITY","036 - WINDSOR OAKS","02","Congressional","5","0","1258","33","1263","4114","236","4350"
"2021 November General ","2021-11-02 00:00:00","VIRGINIA BEACH CITY","037 - CHESAPEAKE BEACH","02","Congressional","3","0","927","14","930","3003","425","3428"
"2021 November General ","2021-11-02 00:00:00","VIRGINIA BEACH CITY","038 - WITCHDUCK","02","Congressional","5","0","1381","90","1386","3840","168","4008"
"2021 November General ","2021-11-02 00:00:00","VIRGINIA BEACH CITY","039 - PEMBROKE","02","Congressional","4","0","461","6","465","4088","536","4624"
"2021 November General ","2021-11-02 00:00:00","VIRGINIA BEACH CITY","039 - PEMBROKE","02","Congressional","4","0","846","14","850","4088","536","4624"
"2021 November General ","2021-11-02 00:00:00","VIRGINIA BEACH CITY","040 - BONNEY","02","Congressional","1","0","818","16","819","3041","431","3472"
"2021 November General ","2021-11-02 00:00:00","VIRGINIA BEACH CITY","041 - COLLEGE PARK","02","Congressional","12","0","23","1","35","3972","410","4382"
"2021 November General ","2021-11-02 00:00:00","VIRGINIA BEACH CITY","041 - COLLEGE PARK","02","Congressional","12","0","1310","71","1322","3972","410","4382"
"2021 November General ","2021-11-02 00:00:00","VIRGINIA BEACH CITY","042 - BRANDON","02","Congressional","7","0","1209","23","1216","3118","198","3316"
"2021 November General ","2021-11-02 00:00:00","VIRGINIA BEACH CITY","043 - BELLAMY","02","Congressional","2","0","995","15","997","3201","230","3431"
"2021 November General ","2021-11-02 00:00:00","VIRGINIA BEACH CITY","044 - CENTERVILLE","02","Congressional","8","0","1335","54","1343","3758","256","4014"
"2021 November General ","2021-11-02 00:00:00","VIRGINIA BEACH CITY","045 - TIMBERLAKE","02","Congressional","3","0","1020","22","1023","3442","273","3715"
"2021 November General ","2021-11-02 00:00:00","VIRGINIA BEACH CITY","046 - GREEN RUN","02","Congressional","1","0","929","18","930","3083","216","3299"
"2021 November General ","2021-11-02 00:00:00","VIRGINIA BEACH CITY","047 - KINGS GRANT","02","Congressional","3","0","1589","20","1592","3395","215","3610"
"2021 November General ","2021-11-02 00:00:00","VIRGINIA BEACH CITY","048 - WOLFSNARE","02","Congressional","4","0","1287","15","1291","3420","191","3611"
"2021 November General ","2021-11-02 00:00:00","VIRGINIA BEACH CITY","049 - LYNNHAVEN","02","Congressional","3","0","1029","9","1032","3355","265","3620"
"2021 November General ","2021-11-02 00:00:00","VIRGINIA BEACH CITY","050 - OCEANA","02","Congressional","1","0","669","17","670","2500","259","2759"
"2021 November General ","2021-11-02 00:00:00","VIRGINIA BEACH CITY","051 - STRATFORD CHASE","02","Congressional","4","0","1038","17","1042","2733","251","2984"
"2021 November General ","2021-11-02 00:00:00","VIRGINIA BEACH CITY","052 - HOMESTEAD","02","Congressional","7","0","1486","54","1493","4021","201","4222"
"2021 November General ","2021-11-02 00:00:00","VIRGINIA BEACH CITY","053 - SHANNON","02","Congressional","1","0","977","39","978","2399","278","2677"
"2021 November General ","2021-11-02 00:00:00","VIRGINIA BEACH CITY","054 - CROMWELL","02","Congressional","2","0","749","7","751","2254","148","2402"
"2021 November General ","2021-11-02 00:00:00","VIRGINIA BEACH CITY","055 - MAGIC HOLLOW","02","Congressional","8","0","1038","32","1046","3914","312","4226"
"2021 November General ","2021-11-02 00:00:00","VIRGINIA BEACH CITY","056 - EDINBURGH","02","Congressional","2","0","691","13","693","1435","53","1488"
"2021 November General ","2021-11-02 00:00:00","VIRGINIA BEACH CITY","057 - SHERRY PARK","02","Congressional","1","0","4","0","5","1944","229","2172"
"2021 November General ","2021-11-02 00:00:00","VIRGINIA BEACH CITY","057 - SHERRY PARK","02","Congressional","1","0","796","9","797","1944","229","2172"
"2021 November General ","2021-11-02 00:00:00","VIRGINIA BEACH CITY","058 - GLENWOOD","02","Congressional","6","0","1228","9","1234","3047","241","3288"
"2021 November General ","2021-11-02 00:00:00","VIRGINIA BEACH CITY","059 - SHELTON PARK","02","Congressional","3","0","830","24","833","2472","190","2662"
"2021 November General ","2021-11-02 00:00:00","VIRGINIA BEACH CITY","060 - FOXFIRE","02","Congressional","4","0","1442","2","1446","3697","126","3823"
"2021 November General ","2021-11-02 00:00:00","VIRGINIA BEACH CITY","061 - BAKER","02","Congressional","2","0","96","2","98","3719","658","4377"
"2021 November General ","2021-11-02 00:00:00","VIRGINIA BEACH CITY","061 - BAKER","02","Congressional","2","0","816","14","818","3719","658","4377"
"2021 November General ","2021-11-02 00:00:00","VIRGINIA BEACH CITY","062 - LANDSTOWN","02","Congressional","5","0","1313","18","1318","3445","168","3613"
"2021 November General ","2021-11-02 00:00:00","VIRGINIA BEACH CITY","063 - CULVER","02","Congressional","2","0","1502","29","1504","4131","235","4366"
"2021 November General ","2021-11-02 00:00:00","VIRGINIA BEACH CITY","064 - ROSEMONT FOREST","02","Congressional","2","0","998","3","1000","2710","153","2863"
"2021 November General ","2021-11-02 00:00:00","VIRGINIA BEACH CITY","065 - COLONIAL","02","Congressional","2","0","1207","0","1209","2824","194","3018"
"2021 November General ","2021-11-02 00:00:00","VIRGINIA BEACH CITY","066 - HUNT","02","Congressional","0","0","1109","15","1109","2770","127","2897"
"2021 November General ","2021-11-02 00:00:00","VIRGINIA BEACH CITY","067 - EASTERN SHORE","02","Congressional","2","0","575","8","577","1893","259","2152"
"2021 November General ","2021-11-02 00:00:00","VIRGINIA BEACH CITY","068 - MANOR","02","Congressional","3","0","1184","9","1187","2726","192","2918"
"2021 November General ","2021-11-02 00:00:00","VIRGINIA BEACH CITY","069 - SHELL","02","Congressional","3","0","810","60","813","2623","254","2877"
"2021 November General ","2021-11-02 00:00:00","VIRGINIA BEACH CITY","070 - CORPORATE LANDING","02","Congressional","4","0","1157","25","1161","3946","298","4244"
"2021 November General ","2021-11-02 00:00:00","VIRGINIA BEACH CITY","071 - ROUND HILL","02","Congressional","7","0","663","6","670","1877","93","1970"
"2021 November General ","2021-11-02 00:00:00","VIRGINIA BEACH CITY","072 - RUDEE","02","Congressional","2","0","1222","7","1224","3006","231","3237"
"2021 November General ","2021-11-02 00:00:00","VIRGINIA BEACH CITY","073 - DAHLIA","02","Congressional","6","0","869","19","875","3028","225","3253"
"2021 November General ","2021-11-02 00:00:00","VIRGINIA BEACH CITY","074 - BUCKNER","02","Congressional","1","0","842","30","843","2735","382","3117"
"2021 November General ","2021-11-02 00:00:00","VIRGINIA BEACH CITY","075 - COLONY","02","Congressional","4","0","1340","8","1344","3525","179","3704"
"2021 November General ","2021-11-02 00:00:00","VIRGINIA BEACH CITY","076 - VILLAGE","02","Congressional","4","0","800","12","804","3378","379","3757"
"2021 November General ","2021-11-02 00:00:00","VIRGINIA BEACH CITY","077 - BROOKWOOD","02","Congressional","1","0","1020","30","1021","3094","373","3467"
"2021 November General ","2021-11-02 00:00:00","VIRGINIA BEACH CITY","078 - INDIAN LAKES","02","Congressional","1","0","1001","0","1002","2646","165","2811"
"2021 November General ","2021-11-02 00:00:00","VIRGINIA BEACH CITY","079 - PLEASANT HALL","02","Congressional","1","0","806","39","807","3061","218","3279"
"2021 November General ","2021-11-02 00:00:00","VIRGINIA BEACH CITY","080 - CHIMNEY HILL","02","Congressional","0","0","854","16","854","2710","224","2934"
"2021 November General ","2021-11-02 00:00:00","VIRGINIA BEACH CITY","081 - ROCK LAKE","02","Congressional","3","0","1148","1","1151","3487","197","3684"
"2021 November General ","2021-11-02 00:00:00","VIRGINIA BEACH CITY","082 - SHELBURNE","02","Congressional","2","0","998","3","1000","2502","134","2636"
"2021 November General ","2021-11-02 00:00:00","VIRGINIA BEACH CITY","083 - STRAWBRIDGE","02","Congressional","8","0","1402","4","1410","3434","185","3619"
"2021 November General ","2021-11-02 00:00:00","VIRGINIA BEACH CITY","084 - TALLWOOD","02","Congressional","4","0","1077","11","1081","2998","290","3288"
"2021 November General ","2021-11-02 00:00:00","VIRGINIA BEACH CITY","085 - UPTON","02","Congressional","5","0","1384","10","1389","3794","185","3979"
"2021 November General ","2021-11-02 00:00:00","VIRGINIA BEACH CITY","086 - HAYGOOD","02","Congressional","3","0","1217","18","1220","3258","158","3416"
"2021 November General ","2021-11-02 00:00:00","VIRGINIA BEACH CITY","087 - HILLCREST","02","Congressional","3","0","1127","15","1130","2740","126","2866"
"2021 November General ","2021-11-02 00:00:00","VIRGINIA BEACH CITY","088 - NORTH LANDING","02","Congressional","4","0","1024","2","1028","2813","143","2956"
"2021 November General ","2021-11-02 00:00:00","VIRGINIA BEACH CITY","089 - LAKE CHRISTOPHER","02","Congressional","6","0","1202","29","1208","2890","128","3018"
"2021 November General ","2021-11-02 00:00:00","VIRGINIA BEACH CITY","090 - LAKE JOYCE","02","Congressional","2","0","817","4","819","2140","115","2255"
"2021 November General ","2021-11-02 00:00:00","VIRGINIA BEACH CITY","091 - LEXINGTON","02","Congressional","6","0","1011","26","1017","3295","236","3531"
"2021 November General ","2021-11-02 00:00:00","VIRGINIA BEACH CITY","092 - LITTLE NECK","02","Congressional","4","0","1049","12","1053","2050","101","2151"
"2021 November General ","2021-11-02 00:00:00","VIRGINIA BEACH CITY","093 - NEWTOWN","02","Congressional","6","0","837","15","843","3509","466","3975"
"2021 November General ","2021-11-02 00:00:00","VIRGINIA BEACH CITY","094 - PINEWOOD","02","Congressional","0","0","659","5","659","1680","81","1761"
"2021 November General ","2021-11-02 00:00:00","VIRGINIA BEACH CITY","095 - DAM NECK","02","Congressional","2","0","821","5","823","2170","151","2321"
"2021 November General ","2021-11-02 00:00:00","VIRGINIA BEACH CITY","096 - HILLTOP","02","Congressional","2","0","716","0","718","2587","226","2813"
"2021 November General ","2021-11-02 00:00:00","VIRGINIA BEACH CITY","097 - INDIAN RIVER","02","Congressional","10","0","955","13","965","2834","244","3078"
"2021 November General ","2021-11-02 00:00:00","VIRGINIA BEACH CITY","098 - INDEPENDENCE","02","Congressional","5","0","578","9","583","1945","341","2286"
"2021 November General ","2021-11-02 00:00:00","VIRGINIA BEACH CITY","099 - SALEM WOODS","02","Congressional","3","0","744","4","747","2462","179","2641"
"2021 November General ","2021-11-02 00:00:00","VIRGINIA BEACH CITY","100 - SANDBRIDGE","02","Congressional","7","0","686","4","693","1380","132","1512"
"2021 November General ","2021-11-02 00:00:00","WARREN COUNTY","##AB - Central Absentee Precinct","00","Local","0","223","0","0","223","0","0","0"
"2021 November General ","2021-11-02 00:00:00","WARREN COUNTY","##AB - Central Absentee Precinct","00","Local","0","269","0","0","269","0","0","0"
"2021 November General ","2021-11-02 00:00:00","WARREN COUNTY","##AB - Central Absentee Precinct","00","Local","0","496","0","0","496","0","0","0"
"2021 November General ","2021-11-02 00:00:00","WARREN COUNTY","##AB - Central Absentee Precinct","00","Local","0","988","0","0","988","0","0","0"
"2021 November General ","2021-11-02 00:00:00","WARREN COUNTY","##AB - Central Absentee Precinct","06","Congressional","0","988","0","0","988","0","0","0"
"2021 November General ","2021-11-02 00:00:00","WARREN COUNTY","##EV - Central Absentee Precinct","00","Local","0","1012","0","11","1012","0","0","0"
"2021 November General ","2021-11-02 00:00:00","WARREN COUNTY","##EV - Central Absentee Precinct","00","Local","0","1160","0","14","1160","0","0","0"
"2021 November General ","2021-11-02 00:00:00","WARREN COUNTY","##EV - Central Absentee Precinct","00","Local","0","1855","0","24","1855","0","0","0"
"2021 November General ","2021-11-02 00:00:00","WARREN COUNTY","##EV - Central Absentee Precinct","00","Local","0","4027","0","49","4027","0","0","0"
"2021 November General ","2021-11-02 00:00:00","WARREN COUNTY","##EV - Central Absentee Precinct","06","Congressional","0","4027","0","49","4027","0","0","0"
"2021 November General ","2021-11-02 00:00:00","WARREN COUNTY","##PE - Central Absentee Precinct","00","Local","0","7","0","0","7","0","0","0"
"2021 November General ","2021-11-02 00:00:00","WARREN COUNTY","##PE - Central Absentee Precinct","00","Local","0","11","0","0","11","0","0","0"
"2021 November General ","2021-11-02 00:00:00","WARREN COUNTY","##PE - Central Absentee Precinct","00","Local","0","19","0","0","19","0","0","0"
"2021 November General ","2021-11-02 00:00:00","WARREN COUNTY","##PE - Central Absentee Precinct","00","Local","0","37","0","0","37","0","0","0"
"2021 November General ","2021-11-02 00:00:00","WARREN COUNTY","##PE - Central Absentee Precinct","06","Congressional","0","37","0","0","37","0","0","0"
"2021 November General ","2021-11-02 00:00:00","WARREN COUNTY","101 - FORK TOWN","06","Congressional","3","0","37","0","40","2055","116","2171"
"2021 November General ","2021-11-02 00:00:00","WARREN COUNTY","101 - FORK TOWN","06","Congressional","3","0","571","7","574","2055","116","2171"
"2021 November General ","2021-11-02 00:00:00","WARREN COUNTY","102 - OTTERBURN","06","Congressional","2","0","1421","2","1423","3378","113","3491"
"2021 November General ","2021-11-02 00:00:00","WARREN COUNTY","201 - HAPPY CREEK","06","Congressional","2","0","1075","7","1077","2936","139","3075"
"2021 November General ","2021-11-02 00:00:00","WARREN COUNTY","202 - LINDEN","06","Congressional","3","0","1172","5","1175","2659","119","2778"
"2021 November General ","2021-11-02 00:00:00","WARREN COUNTY","301 - NORTH RIVER","06","Congressional","2","0","794","4","796","2688","114","2802"
"2021 November General ","2021-11-02 00:00:00","WARREN COUNTY","302 - RIVERTON","06","Congressional","2","0","1177","16","1179","2872","105","2977"
"2021 November General ","2021-11-02 00:00:00","WARREN COUNTY","401 - EAST SHENANDOAH","06","Congressional","0","0","1642","18","1642","4370","258","4628"
"2021 November General ","2021-11-02 00:00:00","WARREN COUNTY","402 - TOWN - WEST SHENANDOAH","06","Congressional","0","0","610","1","610","1739","53","1792"
"2021 November General ","2021-11-02 00:00:00","WARREN COUNTY","501 - SOUTH RIVER","06","Congressional","3","0","21","0","24","3462","165","3627"
"2021 November General ","2021-11-02 00:00:00","WARREN COUNTY","501 - SOUTH RIVER","06","Congressional","3","0","1124","15","1127","3462","165","3627"
"2021 November General ","2021-11-02 00:00:00","WARREN COUNTY","502 - BENTONVILLE","06","Congressional","3","0","573","7","576","1071","46","1117"
"2021 November General ","2021-11-02 00:00:00","WARREN COUNTY","504 - BROWNTOWN","06","Congressional","0","0","455","1","455","829","19","848"
"2021 November General ","2021-11-02 00:00:00","WASHINGTON COUNTY","##AB - Central Absentee Precinct","00","Local","0","625","0","0","625","0","0","0"
"2021 November General ","2021-11-02 00:00:00","WASHINGTON COUNTY","##AB - Central Absentee Precinct","00","Local","0","799","0","0","799","0","0","0"
"2021 November General ","2021-11-02 00:00:00","WASHINGTON COUNTY","##AB - Central Absentee Precinct","00","Local","0","1424","0","0","1424","0","0","0"
"2021 November General ","2021-11-02 00:00:00","WASHINGTON COUNTY","##AB - Central Absentee Precinct","09","Congressional","2","1424","0","0","1426","0","0","0"
"2021 November General ","2021-11-02 00:00:00","WASHINGTON COUNTY","##EV - Central Absentee Precinct","00","Local","0","2336","0","22","2336","0","0","0"
"2021 November General ","2021-11-02 00:00:00","WASHINGTON COUNTY","##EV - Central Absentee Precinct","00","Local","0","2861","0","30","2861","0","0","0"
"2021 November General ","2021-11-02 00:00:00","WASHINGTON COUNTY","##EV - Central Absentee Precinct","00","Local","0","5197","0","52","5197","0","0","0"
"2021 November General ","2021-11-02 00:00:00","WASHINGTON COUNTY","##EV - Central Absentee Precinct","09","Congressional","0","5197","0","52","5197","0","0","0"
"2021 November General ","2021-11-02 00:00:00","WASHINGTON COUNTY","##PE - Central Absentee Precinct","00","Local","0","30","0","0","30","0","0","0"
"2021 November General ","2021-11-02 00:00:00","WASHINGTON COUNTY","##PE - Central Absentee Precinct","00","Local","0","60","0","0","60","0","0","0"
"2021 November General ","2021-11-02 00:00:00","WASHINGTON COUNTY","##PE - Central Absentee Precinct","09","Congressional","0","60","0","0","60","0","0","0"
"2021 November General ","2021-11-02 00:00:00","WASHINGTON COUNTY","101 - EAST ABINGDON","09","Congressional","3","0","1175","0","1178","3625","169","3794"
"2021 November General ","2021-11-02 00:00:00","WASHINGTON COUNTY","102 - WEST ABINGDON","09","Congressional","0","0","586","6","586","1897","88","1985"
"2021 November General ","2021-11-02 00:00:00","WASHINGTON COUNTY","201 - CLINCHBURG","09","Congressional","0","0","568","16","568","1117","37","1154"
"2021 November General ","2021-11-02 00:00:00","WASHINGTON COUNTY","202 - GREENDALE","09","Congressional","1","0","792","5","793","1911","43","1954"
"2021 November General ","2021-11-02 00:00:00","WASHINGTON COUNTY","203 - HAYTERS GAP","09","Congressional","1","0","341","0","342","664","19","683"
"2021 November General ","2021-11-02 00:00:00","WASHINGTON COUNTY","204 WOODLAND HILLS","09","Congressional","0","0","595","3","595","1607","42","1649"
"2021 November General ","2021-11-02 00:00:00","WASHINGTON COUNTY","301 - WATAUGA","09","Congressional","2","0","1195","6","1197","2846","98","2944"
"2021 November General ","2021-11-02 00:00:00","WASHINGTON COUNTY","302 - SOUTH ABINGDON","09","Congressional","1","0","949","10","950","3005","135","3140"
"2021 November General ","2021-11-02 00:00:00","WASHINGTON COUNTY","401 - GLADE SPRING","09","Congressional","1","0","1006","8","1007","2154","53","2207"
"2021 November General ","2021-11-02 00:00:00","WASHINGTON COUNTY","402 - MEADOWVIEW","09","Congressional","0","0","1132","7","1132","2673","74","2747"
"2021 November General ","2021-11-02 00:00:00","WASHINGTON COUNTY","501 - RHEA VALLEY","09","Congressional","0","0","1448","10","1448","3190","71","3261"
"2021 November General ","2021-11-02 00:00:00","WASHINGTON COUNTY","502 - DAMASCUS","09","Congressional","0","0","708","7","708","1595","46","1641"
"2021 November General ","2021-11-02 00:00:00","WASHINGTON COUNTY","504 - GREEN COVE","09","Congressional","0","0","134","0","134","253","1","254"
"2021 November General ","2021-11-02 00:00:00","WASHINGTON COUNTY","601 - BURSON PLACE","09","Congressional","0","0","1162","4","1162","2632","64","2696"
"2021 November General ","2021-11-02 00:00:00","WASHINGTON COUNTY","602 - MENDOTA","09","Congressional","0","0","266","2","266","504","12","516"
"2021 November General ","2021-11-02 00:00:00","WASHINGTON COUNTY","603 - VALLEY INSTITUTE","09","Congressional","1","0","930","7","931","2010","43","2053"
"2021 November General ","2021-11-02 00:00:00","WASHINGTON COUNTY","701 - HIGH POINT","09","Congressional","1","0","980","5","981","2190","62","2252"
"2021 November General ","2021-11-02 00:00:00","WASHINGTON COUNTY","702 - WALLACE","09","Congressional","0","0","452","0","452","1060","26","1086"
"2021 November General ","2021-11-02 00:00:00","WASHINGTON COUNTY","703 - JOHN BATTLE","09","Congressional","2","0","939","5","941","2416","84","2500"
"2021 November General ","2021-11-02 00:00:00","WAYNESBORO CITY","##AB - Central Absentee Precinct","00","Local","0","921","0","0","921","0","0","0"
"2021 November General ","2021-11-02 00:00:00","WAYNESBORO CITY","##AB - Central Absentee Precinct","06","Congressional","0","921","0","0","921","0","0","0"
"2021 November General ","2021-11-02 00:00:00","WAYNESBORO CITY","##EV - Central Absentee Precinct","00","Local","0","2223","0","0","2223","0","0","0"
"2021 November General ","2021-11-02 00:00:00","WAYNESBORO CITY","##EV - Central Absentee Precinct","06","Congressional","0","2223","0","0","2223","0","0","0"
"2021 November General ","2021-11-02 00:00:00","WAYNESBORO CITY","##PE - Central Absentee Precinct","00","Local","0","19","0","0","19","0","0","0"
"2021 November General ","2021-11-02 00:00:00","WAYNESBORO CITY","##PE - Central Absentee Precinct","06","Congressional","0","19","0","0","19","0","0","0"
"2021 November General ","2021-11-02 00:00:00","WAYNESBORO CITY","001 - WARD A","06","Congressional","0","0","780","0","780","2658","156","2814"
"2021 November General ","2021-11-02 00:00:00","WAYNESBORO CITY","002 - WARD B","06","Congressional","0","0","1226","0","1226","3556","201","3757"
"2021 November General ","2021-11-02 00:00:00","WAYNESBORO CITY","003 - WARD C","06","Congressional","0","0","1146","0","1146","3520","223","3743"
"2021 November General ","2021-11-02 00:00:00","WAYNESBORO CITY","004 - WARD D","06","Congressional","0","0","1546","0","1546","4275","225","4500"
"2021 November General ","2021-11-02 00:00:00","WESTMORELAND COUNTY","##AB - Central Absentee Precinct","00","Local","0","525","0","0","525","0","0","0"
"2021 November General ","2021-11-02 00:00:00","WESTMORELAND COUNTY","##AB - Central Absentee Precinct","01","Congressional","0","525","0","0","525","0","0","0"
"2021 November General ","2021-11-02 00:00:00","WESTMORELAND COUNTY","##EV - Central Absentee Precinct","00","Local","0","1999","0","18","1999","0","0","0"
"2021 November General ","2021-11-02 00:00:00","WESTMORELAND COUNTY","##EV - Central Absentee Precinct","01","Congressional","0","1999","0","18","1999","0","0","0"
"2021 November General ","2021-11-02 00:00:00","WESTMORELAND COUNTY","##PE - Central Absentee Precinct","00","Local","0","10","0","0","10","0","0","0"
"2021 November General ","2021-11-02 00:00:00","WESTMORELAND COUNTY","##PE - Central Absentee Precinct","00","Local","0","15","0","0","15","0","0","0"
"2021 November General ","2021-11-02 00:00:00","WESTMORELAND COUNTY","##PE - Central Absentee Precinct","01","Congressional","0","10","0","0","10","0","0","0"
"2021 November General ","2021-11-02 00:00:00","WESTMORELAND COUNTY","101 - PRECINCT 1-1","01","Congressional","0","0","543","12","543","1505","54","1559"
"2021 November General ","2021-11-02 00:00:00","WESTMORELAND COUNTY","102 - PRECINCT 1-2","01","Congressional","0","0","272","0","272","863","21","884"
"2021 November General ","2021-11-02 00:00:00","WESTMORELAND COUNTY","201 - PRECINCT 2-1","01","Congressional","7","0","606","14","613","1821","58","1879"
"2021 November General ","2021-11-02 00:00:00","WESTMORELAND COUNTY","202 - PRECINCT 2-2","01","Congressional","0","0","413","3","413","1006","27","1033"
"2021 November General ","2021-11-02 00:00:00","WESTMORELAND COUNTY","301 - PRECINCT 3-1","01","Congressional","0","0","438","8","438","1408","43","1451"
"2021 November General ","2021-11-02 00:00:00","WESTMORELAND COUNTY","302 - PRECINCT 3-2","01","Congressional","0","0","498","3","498","1190","42","1232"
"2021 November General ","2021-11-02 00:00:00","WESTMORELAND COUNTY","401 - PRECINCT 4-1","01","Congressional","6","0","1190","3","1196","2667","110","2777"
"2021 November General ","2021-11-02 00:00:00","WESTMORELAND COUNTY","501 - PRECINCT 5-1","01","Congressional","5","0","1136","12","1141","2663","150","2813"
"2021 November General ","2021-11-02 00:00:00","WILLIAMSBURG CITY","##AB - Central Absentee Precinct","00","Local","0","574","0","0","574","0","0","0"
"2021 November General ","2021-11-02 00:00:00","WILLIAMSBURG CITY","##AB - Central Absentee Precinct","02","Congressional","0","574","0","0","574","0","0","0"
"2021 November General ","2021-11-02 00:00:00","WILLIAMSBURG CITY","##EV - Central Absentee Precinct","00","Local","0","2211","0","107","2211","0","0","0"
"2021 November General ","2021-11-02 00:00:00","WILLIAMSBURG CITY","##EV - Central Absentee Precinct","02","Congressional","0","2211","0","107","2211","0","0","0"
"2021 November General ","2021-11-02 00:00:00","WILLIAMSBURG CITY","##PE - Central Absentee Precinct","00","Local","0","17","0","0","17","0","0","0"
"2021 November General ","2021-11-02 00:00:00","WILLIAMSBURG CITY","##PE - Central Absentee Precinct","00","Local","0","574","0","0","574","0","0","0"
"2021 November General ","2021-11-02 00:00:00","WILLIAMSBURG CITY","##PE - Central Absentee Precinct","02","Congressional","0","17","0","0","17","0","0","0"
"2021 November General ","2021-11-02 00:00:00","WILLIAMSBURG CITY","001 - STRYKER","02","Congressional","0","0","1216","30","1216","5629","503","6132"
"2021 November General ","2021-11-02 00:00:00","WILLIAMSBURG CITY","002 - MATOAKA","02","Congressional","0","0","909","8","909","3472","321","3793"
"2021 November General ","2021-11-02 00:00:00","WINCHESTER CITY","##AB - Central Absentee Precinct","00","Local","0","618","0","0","618","0","0","0"
"2021 November General ","2021-11-02 00:00:00","WINCHESTER CITY","##AB - Central Absentee Precinct","10","Congressional","4","618","0","0","622","0","0","0"
"2021 November General ","2021-11-02 00:00:00","WINCHESTER CITY","##EV - Central Absentee Precinct","00","Local","0","3039","0","126","3039","0","0","0"
"2021 November General ","2021-11-02 00:00:00","WINCHESTER CITY","##EV - Central Absentee Precinct","10","Congressional","0","3039","0","126","3039","0","0","0"
"2021 November General ","2021-11-02 00:00:00","WINCHESTER CITY","##PE - Central Absentee Precinct","00","Local","0","49","0","0","49","0","0","0"
"2021 November General ","2021-11-02 00:00:00","WINCHESTER CITY","##PE - Central Absentee Precinct","10","Congressional","0","49","0","0","49","0","0","0"
"2021 November General ","2021-11-02 00:00:00","WINCHESTER CITY","101 - MERRIMANS","10","Congressional","0","0","1017","16","1017","3138","188","3326"
"2021 November General ","2021-11-02 00:00:00","WINCHESTER CITY","102 - OLD TOWN","10","Congressional","2","0","743","2","745","2322","136","2458"
"2021 November General ","2021-11-02 00:00:00","WINCHESTER CITY","201 - VIRGINIA AVENUE","10","Congressional","3","0","772","19","775","3278","339","3617"
"2021 November General ","2021-11-02 00:00:00","WINCHESTER CITY","301 - WAR MEMORIAL","10","Congressional","4","0","864","2","868","3172","284","3456"
"2021 November General ","2021-11-02 00:00:00","WINCHESTER CITY","401 - FREDERICK DOUGLASS","10","Congressional","4","0","482","8","486","1827","196","2023"
"2021 November General ","2021-11-02 00:00:00","WINCHESTER CITY","402 - ROLLING HILLS","10","Congressional","1","0","926","4","927","2631","132","2763"
"2021 November General ","2021-11-02 00:00:00","WISE COUNTY","##AB - Central Absentee Precinct","00","Local","0","166","0","0","166","0","0","0"
"2021 November General ","2021-11-02 00:00:00","WISE COUNTY","##AB - Central Absentee Precinct","00","Local","0","395","0","0","395","0","0","0"
"2021 November General ","2021-11-02 00:00:00","WISE COUNTY","##AB - Central Absentee Precinct","00","Local","0","561","0","0","561","0","0","0"
"2021 November General ","2021-11-02 00:00:00","WISE COUNTY","##AB - Central Absentee Precinct","09","Congressional","0","561","0","0","561","0","0","0"
"2021 November General ","2021-11-02 00:00:00","WISE COUNTY","##EV - Central Absentee Precinct","00","Local","0","694","0","0","694","0","0","0"
"2021 November General ","2021-11-02 00:00:00","WISE COUNTY","##EV - Central Absentee Precinct","00","Local","0","2226","0","0","2226","0","0","0"
"2021 November General ","2021-11-02 00:00:00","WISE COUNTY","##EV - Central Absentee Precinct","00","Local","0","2920","0","0","2920","0","0","0"
"2021 November General ","2021-11-02 00:00:00","WISE COUNTY","##EV - Central Absentee Precinct","09","Congressional","0","2920","0","0","2920","0","0","0"
"2021 November General ","2021-11-02 00:00:00","WISE COUNTY","##PE - Central Absentee Precinct","00","Local","0","12","0","0","12","0","0","0"
"2021 November General ","2021-11-02 00:00:00","WISE COUNTY","##PE - Central Absentee Precinct","00","Local","0","13","0","0","13","0","0","0"
"2021 November General ","2021-11-02 00:00:00","WISE COUNTY","##PE - Central Absentee Precinct","00","Local","0","25","0","0","25","0","0","0"
"2021 November General ","2021-11-02 00:00:00","WISE COUNTY","##PE - Central Absentee Precinct","09","Congressional","0","25","0","0","25","0","0","0"
"2021 November General ","2021-11-02 00:00:00","WISE COUNTY","101 - APPALACHIA","09","Congressional","0","0","551","2","551","1473","55","1528"
"2021 November General ","2021-11-02 00:00:00","WISE COUNTY","102 - DORCHESTER","09","Congressional","0","0","376","0","376","940","20","960"
"2021 November General ","2021-11-02 00:00:00","WISE COUNTY","103 - GUEST RIVER VOTING PLACE","09","Congressional","0","0","353","0","353","978","38","1016"
"2021 November General ","2021-11-02 00:00:00","WISE COUNTY","104 - WEST POUND","09","Congressional","1","0","911","13","912","2495","70","2565"
"2021 November General ","2021-11-02 00:00:00","WISE COUNTY","201 - NORTH COEBURN","09","Congressional","0","0","476","2","476","1366","44","1410"
"2021 November General ","2021-11-02 00:00:00","WISE COUNTY","202 - WISE","09","Congressional","0","0","1153","49","1153","3621","156","3777"
"2021 November General ","2021-11-02 00:00:00","WISE COUNTY","203 - EAST POUND","09","Congressional","0","0","239","0","239","655","16","671"
"2021 November General ","2021-11-02 00:00:00","WISE COUNTY","301 - BIG STONE GAP","09","Congressional","1","0","852","4","853","2948","103","3051"
"2021 November General ","2021-11-02 00:00:00","WISE COUNTY","302 - EAST STONE GAP","09","Congressional","1","0","1037","4","1038","2831","97","2928"
"2021 November General ","2021-11-02 00:00:00","WISE COUNTY","401 - CLINCH VALLEY","09","Congressional","1","0","785","4","786","2389","74","2463"
"2021 November General ","2021-11-02 00:00:00","WISE COUNTY","402 - SOUTH COEBURN","09","Congressional","0","0","967","9","967","2705","105","2810"
"2021 November General ","2021-11-02 00:00:00","WISE COUNTY","403 - ST PAUL","09","Congressional","0","0","381","5","381","930","25","955"
"2021 November General ","2021-11-02 00:00:00","WYTHE COUNTY","##AB - Central Absentee Precinct","00","Local","0","574","0","0","574","0","0","0"
"2021 November General ","2021-11-02 00:00:00","WYTHE COUNTY","##AB - Central Absentee Precinct","09","Congressional","0","574","0","0","574","0","0","0"
"2021 November General ","2021-11-02 00:00:00","WYTHE COUNTY","##EV - Central Absentee Precinct","00","Local","0","2263","0","0","2263","0","0","0"
"2021 November General ","2021-11-02 00:00:00","WYTHE COUNTY","##EV - Central Absentee Precinct","09","Congressional","0","2263","0","0","2263","0","0","0"
"2021 November General ","2021-11-02 00:00:00","WYTHE COUNTY","##PE - Central Absentee Precinct","00","Local","0","9","0","0","9","0","0","0"
"2021 November General ","2021-11-02 00:00:00","WYTHE COUNTY","##PE - Central Absentee Precinct","09","Congressional","0","9","0","0","9","0","0","0"
"2021 November General ","2021-11-02 00:00:00","WYTHE COUNTY","101 - ROYAL OAK","09","Congressional","0","0","325","0","325","790","18","808"
"2021 November General ","2021-11-02 00:00:00","WYTHE COUNTY","102 - RURAL RETREAT","09","Congressional","0","0","1311","0","1311","2624","55","2679"
"2021 November General ","2021-11-02 00:00:00","WYTHE COUNTY","203 - WEST WYTHEVILLE","09","Congressional","6","0","1078","0","1084","3336","106","3442"
"2021 November General ","2021-11-02 00:00:00","WYTHE COUNTY","303 - EAST WYTHEVILLE","09","Congressional","6","0","1206","0","1212","3424","137","3561"
"2021 November General ","2021-11-02 00:00:00","WYTHE COUNTY","401 - FORT CHISWELL","09","Congressional","1","0","825","0","826","1583","38","1621"
"2021 November General ","2021-11-02 00:00:00","WYTHE COUNTY","402 - MAX MEADOWS","09","Congressional","1","0","846","0","847","1739","30","1769"
"2021 November General ","2021-11-02 00:00:00","WYTHE COUNTY","501 - JACKSON MEMORIAL","09","Congressional","0","0","632","0","632","1337","26","1363"
"2021 November General ","2021-11-02 00:00:00","WYTHE COUNTY","502 - SHEFFEY","09","Congressional","0","0","876","0","876","1844","43","1887"
"2021 November General ","2021-11-02 00:00:00","WYTHE COUNTY","601 - HUDDLE","09","Congressional","0","0","453","0","453","802","18","820"
"2021 November General ","2021-11-02 00:00:00","WYTHE COUNTY","602 - ZION","09","Congressional","5","0","705","0","710","1406","43","1449"
"2021 November General ","2021-11-02 00:00:00","WYTHE COUNTY","603   EVERGREEN","09","Congressional","2","0","492","0","494","1073","21","1094"
"2021 November General ","2021-11-02 00:00:00","YORK COUNTY","##AB - Central Absentee Precinct","00","Local","0","269","0","0","269","0","0","0"
"2021 November General ","2021-11-02 00:00:00","YORK COUNTY","##AB - Central Absentee Precinct","00","Local","0","691","0","0","691","0","0","0"
"2021 November General ","2021-11-02 00:00:00","YORK COUNTY","##AB - Central Absentee Precinct","00","Local","0","1028","0","0","1028","0","0","0"
"2021 November General ","2021-11-02 00:00:00","YORK COUNTY","##AB - Central Absentee Precinct","00","Local","0","1988","0","0","1988","0","0","0"
"2021 November General ","2021-11-02 00:00:00","YORK COUNTY","##AB - Central Absentee Precinct","02","Congressional","2","1988","0","0","1990","0","0","0"
"2021 November General ","2021-11-02 00:00:00","YORK COUNTY","##EV - Central Absentee Precinct","00","Local","0","1196","0","19","1196","0","0","0"
"2021 November General ","2021-11-02 00:00:00","YORK COUNTY","##EV - Central Absentee Precinct","00","Local","0","3979","0","90","3979","0","0","0"
"2021 November General ","2021-11-02 00:00:00","YORK COUNTY","##EV - Central Absentee Precinct","00","Local","0","7028","0","128","7028","0","0","0"
"2021 November General ","2021-11-02 00:00:00","YORK COUNTY","##EV - Central Absentee Precinct","00","Local","0","12203","0","237","12203","0","0","0"
"2021 November General ","2021-11-02 00:00:00","YORK COUNTY","##EV - Central Absentee Precinct","02","Congressional","0","12203","0","237","12203","0","0","0"
"2021 November General ","2021-11-02 00:00:00","YORK COUNTY","##PE - Central Absentee Precinct","00","Local","0","13","0","0","13","0","0","0"
"2021 November General ","2021-11-02 00:00:00","YORK COUNTY","##PE - Central Absentee Precinct","00","Local","0","16","0","0","16","0","0","0"
"2021 November General ","2021-11-02 00:00:00","YORK COUNTY","##PE - Central Absentee Precinct","00","Local","0","29","0","0","29","0","0","0"
"2021 November General ","2021-11-02 00:00:00","YORK COUNTY","##PE - Central Absentee Precinct","00","Local","0","58","0","0","58","0","0","0"
"2021 November General ","2021-11-02 00:00:00","YORK COUNTY","##PE - Central Absentee Precinct","02","Congressional","0","58","0","0","58","0","0","0"
"2021 November General ","2021-11-02 00:00:00","YORK COUNTY","101 - QUEENS LAKE","02","Congressional","2","0","13","0","15","2334","86","2420"
"2021 November General ","2021-11-02 00:00:00","YORK COUNTY","101 - QUEENS LAKE","02","Congressional","2","0","933","10","935","2334","86","2420"
"2021 November General ","2021-11-02 00:00:00","YORK COUNTY","102 - WALLER MILL","02","Congressional","2","0","1112","16","1114","4218","172","4390"
"2021 November General ","2021-11-02 00:00:00","YORK COUNTY","103 - MAGRUDER","02","Congressional","9","0","1478","35","1487","4507","241","4748"
"2021 November General ","2021-11-02 00:00:00","YORK COUNTY","201 - COVENTRY","02","Congressional","8","0","8","0","16","4410","368","4778"
"2021 November General ","2021-11-02 00:00:00","YORK COUNTY","201 - COVENTRY","02","Congressional","8","0","1565","11","1573","4410","368","4778"
"2021 November General ","2021-11-02 00:00:00","YORK COUNTY","202 - KILN CREEK","02","Congressional","1","0","802","2","803","2451","129","2580"
"2021 November General ","2021-11-02 00:00:00","YORK COUNTY","301 - SEAFORD","02","Congressional","2","0","1736","11","1738","3964","135","4099"
"2021 November General ","2021-11-02 00:00:00","YORK COUNTY","302 - YORKTOWN","02","Congressional","3","0","931","10","934","2991","122","3113"
"2021 November General ","2021-11-02 00:00:00","YORK COUNTY","303 - EDGEHILL","02","Congressional","0","0","590","5","590","3510","197","3707"
"2021 November General ","2021-11-02 00:00:00","YORK COUNTY","303 - EDGEHILL","02","Congressional","0","0","609","12","609","3510","197","3707"
"2021 November General ","2021-11-02 00:00:00","YORK COUNTY","401 - HARWOODS MILL","02","Congressional","3","0","1","0","4","3826","130","3956"
"2021 November General ","2021-11-02 00:00:00","YORK COUNTY","401 - HARWOODS MILL","02","Congressional","3","0","1240","17","1243","3826","130","3956"
"2021 November General ","2021-11-02 00:00:00","YORK COUNTY","402 - DARE","02","Congressional","2","0","1182","9","1184","3886","184","4070"
"2021 November General ","2021-11-02 00:00:00","YORK COUNTY","403 - GRAFTON","02","Congressional","1","0","615","6","616","2170","87","2257"
"2021 November General ","2021-11-02 00:00:00","YORK COUNTY","501 - TABB","02","Congressional","4","0","355","2","359","4060","187","4247"
"2021 November General ","2021-11-02 00:00:00","YORK COUNTY","501 - TABB","02","Congressional","4","0","1055","3","1059","4060","187","4247"
"2021 November General ","2021-11-02 00:00:00","YORK COUNTY","502 - BETHEL","02","Congressional","1","0","1395","3","1396","4410","316","4726"
